source,doc_id,report_date,as_of_date,indicator,level,country,place,place_raw,value,unit,period,ambiguous_key,preferred,confidence,evidence_quote,publisher,licence,url
who_afro,afro-01,2026-05-18,2026-05-18,patients_in_isolation,facility,Uganda,Mulago Isolation Treatment Unit,Mulago Isolation Treatment Unit,1,patients,point,FALSE,TRUE,high,One case is admitted in Uganda at the Mulago Isolation Treatment Unit.,World Health Organization Regional Office for Africa,CC BY-NC-SA 3.0 IGO,https://iris.who.int/handle/10665/385886
who_afro,afro-01,2026-05-18,2026-05-18,patients_in_isolation,health_zone,Democratic Republic of the Congo,Bunia,Bunia,4,patients,point,FALSE,TRUE,high,"A total of 72 suspected cases are in isolation and treatment facilities across Ituri, including 12 currently admitted
across key affected health zones (Mongbwalu: 3; Rwampara: 5; Bunia: 4).",World Health Organization Regional Office for Africa,CC BY-NC-SA 3.0 IGO,https://iris.who.int/handle/10665/385886
who_afro,afro-01,2026-05-18,2026-05-18,patients_in_isolation,health_zone,Democratic Republic of the Congo,Mongbwalu,Mongbwalu,3,patients,point,FALSE,TRUE,high,"A total of 72 suspected cases are in isolation and treatment facilities across Ituri, including 12 currently admitted
across key affected health zones (Mongbwalu: 3; Rwampara: 5; Bunia: 4).",World Health Organization Regional Office for Africa,CC BY-NC-SA 3.0 IGO,https://iris.who.int/handle/10665/385886
who_afro,afro-01,2026-05-18,2026-05-18,patients_in_isolation,health_zone,Democratic Republic of the Congo,Rwampara,Rwampara,5,patients,point,FALSE,TRUE,high,"A total of 72 suspected cases are in isolation and treatment facilities across Ituri, including 12 currently admitted
across key affected health zones (Mongbwalu: 3; Rwampara: 5; Bunia: 4).",World Health Organization Regional Office for Africa,CC BY-NC-SA 3.0 IGO,https://iris.who.int/handle/10665/385886
who_afro,afro-01,2026-05-18,2026-05-18,patients_in_isolation,province,Democratic Republic of the Congo,Ituri,Ituri,72,patients,point,FALSE,TRUE,high,"A total of 72 suspected cases are in isolation and treatment facilities across Ituri, including 12 currently admitted
across key affected health zones (Mongbwalu: 3; Rwampara: 5; Bunia: 4).",World Health Organization Regional Office for Africa,CC BY-NC-SA 3.0 IGO,https://iris.who.int/handle/10665/385886
insp,006,2026-05-20,2026-05-19,beds_occupied,facility,Democratic Republic of the Congo,BUNIA CH ELIKYA,BUNIA CH ELIKYA,4,beds,point,FALSE,TRUE,high,"Indicateurs,BUNIA HGR,BUNIA SOFEPADI,BUNIA Clibnique Bénedicte,BUNIA RWAOLE,BUNIA CH ELIKYA,BUNIA TOTAL,RWAMPARA HGR,RWAMPARA CME,RWAMPARA CH SALAMA,RWAMPARA CS HOHO,RWAMPARA TOTAL,HGR MONGBWALU,HGR NYANKUNDE,TOTAL GENERAL
Report,13,4,1,6,4,28,22,0,7,8,37,21,15,101",Institut National de Santé Publique,CC BY 4.0,data/csv/006_table_07_tableau_vi_mouvement_des_malades_dans_le.csv
insp,006_v2,2026-05-20,2026-05-19,beds_occupied,facility,Democratic Republic of the Congo,BUNIA CH ELIKYA,BUNIA CH ELIKYA,4,beds,point,FALSE,TRUE,high,"Indicateurs,BUNIA HGR,BUNIA SOFEPADI,BUNIA Clibnique Bénedicte,BUNIA RWAOLE,BUNIA CH ELIKYA,BUNIA TOTAL,RWAMPARA HGR,RWAMPARA CME,RWAMPARA CH SALAMA,RWAMPARA CS HOHO,RWAMPARA TOTAL,HGR MONGBWALU,HGR NYANKUNDE,TOTAL GENERAL
Report,13,4,1,6,4,28,22,0,7,8,37,21,15,101",Institut National de Santé Publique,CC BY 4.0,data/csv/006_v2_table_07_tableau_vi_mouvement_des_malades_dans_le.csv
insp,006,2026-05-20,2026-05-19,beds_occupied,facility,Democratic Republic of the Congo,BUNIA Clibnique Bénedicte,BUNIA Clibnique Bénedicte,1,beds,point,FALSE,TRUE,high,"Indicateurs,BUNIA HGR,BUNIA SOFEPADI,BUNIA Clibnique Bénedicte,BUNIA RWAOLE,BUNIA CH ELIKYA,BUNIA TOTAL,RWAMPARA HGR,RWAMPARA CME,RWAMPARA CH SALAMA,RWAMPARA CS HOHO,RWAMPARA TOTAL,HGR MONGBWALU,HGR NYANKUNDE,TOTAL GENERAL
Report,13,4,1,6,4,28,22,0,7,8,37,21,15,101",Institut National de Santé Publique,CC BY 4.0,data/csv/006_table_07_tableau_vi_mouvement_des_malades_dans_le.csv
insp,006_v2,2026-05-20,2026-05-19,beds_occupied,facility,Democratic Republic of the Congo,BUNIA Clibnique Bénedicte,BUNIA Clibnique Bénedicte,1,beds,point,FALSE,TRUE,high,"Indicateurs,BUNIA HGR,BUNIA SOFEPADI,BUNIA Clibnique Bénedicte,BUNIA RWAOLE,BUNIA CH ELIKYA,BUNIA TOTAL,RWAMPARA HGR,RWAMPARA CME,RWAMPARA CH SALAMA,RWAMPARA CS HOHO,RWAMPARA TOTAL,HGR MONGBWALU,HGR NYANKUNDE,TOTAL GENERAL
Report,13,4,1,6,4,28,22,0,7,8,37,21,15,101",Institut National de Santé Publique,CC BY 4.0,data/csv/006_v2_table_07_tableau_vi_mouvement_des_malades_dans_le.csv
insp,006,2026-05-20,2026-05-19,beds_occupied,facility,Democratic Republic of the Congo,BUNIA HGR,BUNIA HGR,13,beds,point,FALSE,TRUE,high,"Indicateurs,BUNIA HGR,BUNIA SOFEPADI,BUNIA Clibnique Bénedicte,BUNIA RWAOLE,BUNIA CH ELIKYA,BUNIA TOTAL,RWAMPARA HGR,RWAMPARA CME,RWAMPARA CH SALAMA,RWAMPARA CS HOHO,RWAMPARA TOTAL,HGR MONGBWALU,HGR NYANKUNDE,TOTAL GENERAL
Report,13,4,1,6,4,28,22,0,7,8,37,21,15,101",Institut National de Santé Publique,CC BY 4.0,data/csv/006_table_07_tableau_vi_mouvement_des_malades_dans_le.csv
insp,006_v2,2026-05-20,2026-05-19,beds_occupied,facility,Democratic Republic of the Congo,BUNIA HGR,BUNIA HGR,13,beds,point,FALSE,TRUE,high,"Indicateurs,BUNIA HGR,BUNIA SOFEPADI,BUNIA Clibnique Bénedicte,BUNIA RWAOLE,BUNIA CH ELIKYA,BUNIA TOTAL,RWAMPARA HGR,RWAMPARA CME,RWAMPARA CH SALAMA,RWAMPARA CS HOHO,RWAMPARA TOTAL,HGR MONGBWALU,HGR NYANKUNDE,TOTAL GENERAL
Report,13,4,1,6,4,28,22,0,7,8,37,21,15,101",Institut National de Santé Publique,CC BY 4.0,data/csv/006_v2_table_07_tableau_vi_mouvement_des_malades_dans_le.csv
insp,006,2026-05-20,2026-05-19,beds_occupied,facility,Democratic Republic of the Congo,BUNIA RWAOLE,BUNIA RWAOLE,6,beds,point,FALSE,TRUE,high,"Indicateurs,BUNIA HGR,BUNIA SOFEPADI,BUNIA Clibnique Bénedicte,BUNIA RWAOLE,BUNIA CH ELIKYA,BUNIA TOTAL,RWAMPARA HGR,RWAMPARA CME,RWAMPARA CH SALAMA,RWAMPARA CS HOHO,RWAMPARA TOTAL,HGR MONGBWALU,HGR NYANKUNDE,TOTAL GENERAL
Report,13,4,1,6,4,28,22,0,7,8,37,21,15,101",Institut National de Santé Publique,CC BY 4.0,data/csv/006_table_07_tableau_vi_mouvement_des_malades_dans_le.csv
insp,006_v2,2026-05-20,2026-05-19,beds_occupied,facility,Democratic Republic of the Congo,BUNIA RWAOLE,BUNIA RWAOLE,6,beds,point,FALSE,TRUE,high,"Indicateurs,BUNIA HGR,BUNIA SOFEPADI,BUNIA Clibnique Bénedicte,BUNIA RWAOLE,BUNIA CH ELIKYA,BUNIA TOTAL,RWAMPARA HGR,RWAMPARA CME,RWAMPARA CH SALAMA,RWAMPARA CS HOHO,RWAMPARA TOTAL,HGR MONGBWALU,HGR NYANKUNDE,TOTAL GENERAL
Report,13,4,1,6,4,28,22,0,7,8,37,21,15,101",Institut National de Santé Publique,CC BY 4.0,data/csv/006_v2_table_07_tableau_vi_mouvement_des_malades_dans_le.csv
insp,006,2026-05-20,2026-05-19,beds_occupied,facility,Democratic Republic of the Congo,BUNIA SOFEPADI,BUNIA SOFEPADI,4,beds,point,FALSE,TRUE,high,"Indicateurs,BUNIA HGR,BUNIA SOFEPADI,BUNIA Clibnique Bénedicte,BUNIA RWAOLE,BUNIA CH ELIKYA,BUNIA TOTAL,RWAMPARA HGR,RWAMPARA CME,RWAMPARA CH SALAMA,RWAMPARA CS HOHO,RWAMPARA TOTAL,HGR MONGBWALU,HGR NYANKUNDE,TOTAL GENERAL
Report,13,4,1,6,4,28,22,0,7,8,37,21,15,101",Institut National de Santé Publique,CC BY 4.0,data/csv/006_table_07_tableau_vi_mouvement_des_malades_dans_le.csv
insp,006_v2,2026-05-20,2026-05-19,beds_occupied,facility,Democratic Republic of the Congo,BUNIA SOFEPADI,BUNIA SOFEPADI,4,beds,point,FALSE,TRUE,high,"Indicateurs,BUNIA HGR,BUNIA SOFEPADI,BUNIA Clibnique Bénedicte,BUNIA RWAOLE,BUNIA CH ELIKYA,BUNIA TOTAL,RWAMPARA HGR,RWAMPARA CME,RWAMPARA CH SALAMA,RWAMPARA CS HOHO,RWAMPARA TOTAL,HGR MONGBWALU,HGR NYANKUNDE,TOTAL GENERAL
Report,13,4,1,6,4,28,22,0,7,8,37,21,15,101",Institut National de Santé Publique,CC BY 4.0,data/csv/006_v2_table_07_tableau_vi_mouvement_des_malades_dans_le.csv
insp,006,2026-05-20,2026-05-19,beds_occupied,facility,Democratic Republic of the Congo,HGR MONGBWALU,HGR MONGBWALU,21,beds,point,FALSE,TRUE,high,"Indicateurs,BUNIA HGR,BUNIA SOFEPADI,BUNIA Clibnique Bénedicte,BUNIA RWAOLE,BUNIA CH ELIKYA,BUNIA TOTAL,RWAMPARA HGR,RWAMPARA CME,RWAMPARA CH SALAMA,RWAMPARA CS HOHO,RWAMPARA TOTAL,HGR MONGBWALU,HGR NYANKUNDE,TOTAL GENERAL
Report,13,4,1,6,4,28,22,0,7,8,37,21,15,101",Institut National de Santé Publique,CC BY 4.0,data/csv/006_table_07_tableau_vi_mouvement_des_malades_dans_le.csv
insp,006_v2,2026-05-20,2026-05-19,beds_occupied,facility,Democratic Republic of the Congo,HGR MONGBWALU,HGR MONGBWALU,21,beds,point,FALSE,TRUE,high,"Indicateurs,BUNIA HGR,BUNIA SOFEPADI,BUNIA Clibnique Bénedicte,BUNIA RWAOLE,BUNIA CH ELIKYA,BUNIA TOTAL,RWAMPARA HGR,RWAMPARA CME,RWAMPARA CH SALAMA,RWAMPARA CS HOHO,RWAMPARA TOTAL,HGR MONGBWALU,HGR NYANKUNDE,TOTAL GENERAL
Report,13,4,1,6,4,28,22,0,7,8,37,21,15,101",Institut National de Santé Publique,CC BY 4.0,data/csv/006_v2_table_07_tableau_vi_mouvement_des_malades_dans_le.csv
insp,006,2026-05-20,2026-05-19,beds_occupied,facility,Democratic Republic of the Congo,HGR NYANKUNDE,HGR NYANKUNDE,15,beds,point,FALSE,TRUE,high,"Indicateurs,BUNIA HGR,BUNIA SOFEPADI,BUNIA Clibnique Bénedicte,BUNIA RWAOLE,BUNIA CH ELIKYA,BUNIA TOTAL,RWAMPARA HGR,RWAMPARA CME,RWAMPARA CH SALAMA,RWAMPARA CS HOHO,RWAMPARA TOTAL,HGR MONGBWALU,HGR NYANKUNDE,TOTAL GENERAL
Report,13,4,1,6,4,28,22,0,7,8,37,21,15,101",Institut National de Santé Publique,CC BY 4.0,data/csv/006_table_07_tableau_vi_mouvement_des_malades_dans_le.csv
insp,006_v2,2026-05-20,2026-05-19,beds_occupied,facility,Democratic Republic of the Congo,HGR NYANKUNDE,HGR NYANKUNDE,15,beds,point,FALSE,TRUE,high,"Indicateurs,BUNIA HGR,BUNIA SOFEPADI,BUNIA Clibnique Bénedicte,BUNIA RWAOLE,BUNIA CH ELIKYA,BUNIA TOTAL,RWAMPARA HGR,RWAMPARA CME,RWAMPARA CH SALAMA,RWAMPARA CS HOHO,RWAMPARA TOTAL,HGR MONGBWALU,HGR NYANKUNDE,TOTAL GENERAL
Report,13,4,1,6,4,28,22,0,7,8,37,21,15,101",Institut National de Santé Publique,CC BY 4.0,data/csv/006_v2_table_07_tableau_vi_mouvement_des_malades_dans_le.csv
insp,006,2026-05-20,2026-05-19,beds_occupied,facility,Democratic Republic of the Congo,RWAMPARA CH SALAMA,RWAMPARA CH SALAMA,7,beds,point,FALSE,TRUE,high,"Indicateurs,BUNIA HGR,BUNIA SOFEPADI,BUNIA Clibnique Bénedicte,BUNIA RWAOLE,BUNIA CH ELIKYA,BUNIA TOTAL,RWAMPARA HGR,RWAMPARA CME,RWAMPARA CH SALAMA,RWAMPARA CS HOHO,RWAMPARA TOTAL,HGR MONGBWALU,HGR NYANKUNDE,TOTAL GENERAL
Report,13,4,1,6,4,28,22,0,7,8,37,21,15,101",Institut National de Santé Publique,CC BY 4.0,data/csv/006_table_07_tableau_vi_mouvement_des_malades_dans_le.csv
insp,006_v2,2026-05-20,2026-05-19,beds_occupied,facility,Democratic Republic of the Congo,RWAMPARA CH SALAMA,RWAMPARA CH SALAMA,7,beds,point,FALSE,TRUE,high,"Indicateurs,BUNIA HGR,BUNIA SOFEPADI,BUNIA Clibnique Bénedicte,BUNIA RWAOLE,BUNIA CH ELIKYA,BUNIA TOTAL,RWAMPARA HGR,RWAMPARA CME,RWAMPARA CH SALAMA,RWAMPARA CS HOHO,RWAMPARA TOTAL,HGR MONGBWALU,HGR NYANKUNDE,TOTAL GENERAL
Report,13,4,1,6,4,28,22,0,7,8,37,21,15,101",Institut National de Santé Publique,CC BY 4.0,data/csv/006_v2_table_07_tableau_vi_mouvement_des_malades_dans_le.csv
insp,006,2026-05-20,2026-05-19,beds_occupied,facility,Democratic Republic of the Congo,RWAMPARA CME,RWAMPARA CME,0,beds,point,FALSE,TRUE,high,"Indicateurs,BUNIA HGR,BUNIA SOFEPADI,BUNIA Clibnique Bénedicte,BUNIA RWAOLE,BUNIA CH ELIKYA,BUNIA TOTAL,RWAMPARA HGR,RWAMPARA CME,RWAMPARA CH SALAMA,RWAMPARA CS HOHO,RWAMPARA TOTAL,HGR MONGBWALU,HGR NYANKUNDE,TOTAL GENERAL
Report,13,4,1,6,4,28,22,0,7,8,37,21,15,101",Institut National de Santé Publique,CC BY 4.0,data/csv/006_table_07_tableau_vi_mouvement_des_malades_dans_le.csv
insp,006_v2,2026-05-20,2026-05-19,beds_occupied,facility,Democratic Republic of the Congo,RWAMPARA CME,RWAMPARA CME,0,beds,point,FALSE,TRUE,high,"Indicateurs,BUNIA HGR,BUNIA SOFEPADI,BUNIA Clibnique Bénedicte,BUNIA RWAOLE,BUNIA CH ELIKYA,BUNIA TOTAL,RWAMPARA HGR,RWAMPARA CME,RWAMPARA CH SALAMA,RWAMPARA CS HOHO,RWAMPARA TOTAL,HGR MONGBWALU,HGR NYANKUNDE,TOTAL GENERAL
Report,13,4,1,6,4,28,22,0,7,8,37,21,15,101",Institut National de Santé Publique,CC BY 4.0,data/csv/006_v2_table_07_tableau_vi_mouvement_des_malades_dans_le.csv
insp,006,2026-05-20,2026-05-19,beds_occupied,facility,Democratic Republic of the Congo,RWAMPARA CS HOHO,RWAMPARA CS HOHO,8,beds,point,FALSE,TRUE,high,"Indicateurs,BUNIA HGR,BUNIA SOFEPADI,BUNIA Clibnique Bénedicte,BUNIA RWAOLE,BUNIA CH ELIKYA,BUNIA TOTAL,RWAMPARA HGR,RWAMPARA CME,RWAMPARA CH SALAMA,RWAMPARA CS HOHO,RWAMPARA TOTAL,HGR MONGBWALU,HGR NYANKUNDE,TOTAL GENERAL
Report,13,4,1,6,4,28,22,0,7,8,37,21,15,101",Institut National de Santé Publique,CC BY 4.0,data/csv/006_table_07_tableau_vi_mouvement_des_malades_dans_le.csv
insp,006_v2,2026-05-20,2026-05-19,beds_occupied,facility,Democratic Republic of the Congo,RWAMPARA CS HOHO,RWAMPARA CS HOHO,8,beds,point,FALSE,TRUE,high,"Indicateurs,BUNIA HGR,BUNIA SOFEPADI,BUNIA Clibnique Bénedicte,BUNIA RWAOLE,BUNIA CH ELIKYA,BUNIA TOTAL,RWAMPARA HGR,RWAMPARA CME,RWAMPARA CH SALAMA,RWAMPARA CS HOHO,RWAMPARA TOTAL,HGR MONGBWALU,HGR NYANKUNDE,TOTAL GENERAL
Report,13,4,1,6,4,28,22,0,7,8,37,21,15,101",Institut National de Santé Publique,CC BY 4.0,data/csv/006_v2_table_07_tableau_vi_mouvement_des_malades_dans_le.csv
insp,006,2026-05-20,2026-05-19,beds_occupied,facility,Democratic Republic of the Congo,RWAMPARA HGR,RWAMPARA HGR,22,beds,point,FALSE,TRUE,high,"Indicateurs,BUNIA HGR,BUNIA SOFEPADI,BUNIA Clibnique Bénedicte,BUNIA RWAOLE,BUNIA CH ELIKYA,BUNIA TOTAL,RWAMPARA HGR,RWAMPARA CME,RWAMPARA CH SALAMA,RWAMPARA CS HOHO,RWAMPARA TOTAL,HGR MONGBWALU,HGR NYANKUNDE,TOTAL GENERAL
Report,13,4,1,6,4,28,22,0,7,8,37,21,15,101",Institut National de Santé Publique,CC BY 4.0,data/csv/006_table_07_tableau_vi_mouvement_des_malades_dans_le.csv
insp,006_v2,2026-05-20,2026-05-19,beds_occupied,facility,Democratic Republic of the Congo,RWAMPARA HGR,RWAMPARA HGR,22,beds,point,FALSE,TRUE,high,"Indicateurs,BUNIA HGR,BUNIA SOFEPADI,BUNIA Clibnique Bénedicte,BUNIA RWAOLE,BUNIA CH ELIKYA,BUNIA TOTAL,RWAMPARA HGR,RWAMPARA CME,RWAMPARA CH SALAMA,RWAMPARA CS HOHO,RWAMPARA TOTAL,HGR MONGBWALU,HGR NYANKUNDE,TOTAL GENERAL
Report,13,4,1,6,4,28,22,0,7,8,37,21,15,101",Institut National de Santé Publique,CC BY 4.0,data/csv/006_v2_table_07_tableau_vi_mouvement_des_malades_dans_le.csv
insp,006,2026-05-20,2026-05-19,beds_occupied,national,Democratic Republic of the Congo,"",TOTAL GENERAL,101,beds,point,FALSE,TRUE,high,"Indicateurs,BUNIA HGR,BUNIA SOFEPADI,BUNIA Clibnique Bénedicte,BUNIA RWAOLE,BUNIA CH ELIKYA,BUNIA TOTAL,RWAMPARA HGR,RWAMPARA CME,RWAMPARA CH SALAMA,RWAMPARA CS HOHO,RWAMPARA TOTAL,HGR MONGBWALU,HGR NYANKUNDE,TOTAL GENERAL
Report,13,4,1,6,4,28,22,0,7,8,37,21,15,101",Institut National de Santé Publique,CC BY 4.0,data/csv/006_table_07_tableau_vi_mouvement_des_malades_dans_le.csv
insp,006_v2,2026-05-20,2026-05-19,beds_occupied,national,Democratic Republic of the Congo,"",TOTAL GENERAL,101,beds,point,FALSE,TRUE,high,"Indicateurs,BUNIA HGR,BUNIA SOFEPADI,BUNIA Clibnique Bénedicte,BUNIA RWAOLE,BUNIA CH ELIKYA,BUNIA TOTAL,RWAMPARA HGR,RWAMPARA CME,RWAMPARA CH SALAMA,RWAMPARA CS HOHO,RWAMPARA TOTAL,HGR MONGBWALU,HGR NYANKUNDE,TOTAL GENERAL
Report,13,4,1,6,4,28,22,0,7,8,37,21,15,101",Institut National de Santé Publique,CC BY 4.0,data/csv/006_v2_table_07_tableau_vi_mouvement_des_malades_dans_le.csv
insp,006,2026-05-20,2026-05-20,admissions,facility,Democratic Republic of the Congo,BUNIA CH ELIKYA,BUNIA CH ELIKYA,2,patients,24h,FALSE,TRUE,high,"Indicateurs,BUNIA HGR,BUNIA SOFEPADI,BUNIA Clibnique Bénedicte,BUNIA RWAOLE,BUNIA CH ELIKYA,BUNIA TOTAL,RWAMPARA HGR,RWAMPARA CME,RWAMPARA CH SALAMA,RWAMPARA CS HOHO,RWAMPARA TOTAL,HGR MONGBWALU,HGR NYANKUNDE,TOTAL GENERAL
Nouvelles Admissions Total,6,0,1,3,2,12,2,8,7,0,17,9,1,39",Institut National de Santé Publique,CC BY 4.0,data/csv/006_table_07_tableau_vi_mouvement_des_malades_dans_le.csv
insp,006_v2,2026-05-20,2026-05-20,admissions,facility,Democratic Republic of the Congo,BUNIA CH ELIKYA,BUNIA CH ELIKYA,2,patients,24h,FALSE,TRUE,high,"Indicateurs,BUNIA HGR,BUNIA SOFEPADI,BUNIA Clibnique Bénedicte,BUNIA RWAOLE,BUNIA CH ELIKYA,BUNIA TOTAL,RWAMPARA HGR,RWAMPARA CME,RWAMPARA CH SALAMA,RWAMPARA CS HOHO,RWAMPARA TOTAL,HGR MONGBWALU,HGR NYANKUNDE,TOTAL GENERAL
Nouvelles Admissions Total,6,0,1,3,2,12,2,8,7,0,17,9,1,39",Institut National de Santé Publique,CC BY 4.0,data/csv/006_v2_table_07_tableau_vi_mouvement_des_malades_dans_le.csv
insp,006,2026-05-20,2026-05-20,admissions,facility,Democratic Republic of the Congo,BUNIA Clibnique Bénedicte,BUNIA Clibnique Bénedicte,1,patients,24h,FALSE,TRUE,high,"Indicateurs,BUNIA HGR,BUNIA SOFEPADI,BUNIA Clibnique Bénedicte,BUNIA RWAOLE,BUNIA CH ELIKYA,BUNIA TOTAL,RWAMPARA HGR,RWAMPARA CME,RWAMPARA CH SALAMA,RWAMPARA CS HOHO,RWAMPARA TOTAL,HGR MONGBWALU,HGR NYANKUNDE,TOTAL GENERAL
Nouvelles Admissions Total,6,0,1,3,2,12,2,8,7,0,17,9,1,39",Institut National de Santé Publique,CC BY 4.0,data/csv/006_table_07_tableau_vi_mouvement_des_malades_dans_le.csv
insp,006_v2,2026-05-20,2026-05-20,admissions,facility,Democratic Republic of the Congo,BUNIA Clibnique Bénedicte,BUNIA Clibnique Bénedicte,1,patients,24h,FALSE,TRUE,high,"Indicateurs,BUNIA HGR,BUNIA SOFEPADI,BUNIA Clibnique Bénedicte,BUNIA RWAOLE,BUNIA CH ELIKYA,BUNIA TOTAL,RWAMPARA HGR,RWAMPARA CME,RWAMPARA CH SALAMA,RWAMPARA CS HOHO,RWAMPARA TOTAL,HGR MONGBWALU,HGR NYANKUNDE,TOTAL GENERAL
Nouvelles Admissions Total,6,0,1,3,2,12,2,8,7,0,17,9,1,39",Institut National de Santé Publique,CC BY 4.0,data/csv/006_v2_table_07_tableau_vi_mouvement_des_malades_dans_le.csv
insp,006,2026-05-20,2026-05-20,admissions,facility,Democratic Republic of the Congo,BUNIA HGR,BUNIA HGR,6,patients,24h,FALSE,TRUE,high,"Indicateurs,BUNIA HGR,BUNIA SOFEPADI,BUNIA Clibnique Bénedicte,BUNIA RWAOLE,BUNIA CH ELIKYA,BUNIA TOTAL,RWAMPARA HGR,RWAMPARA CME,RWAMPARA CH SALAMA,RWAMPARA CS HOHO,RWAMPARA TOTAL,HGR MONGBWALU,HGR NYANKUNDE,TOTAL GENERAL
Nouvelles Admissions Total,6,0,1,3,2,12,2,8,7,0,17,9,1,39",Institut National de Santé Publique,CC BY 4.0,data/csv/006_table_07_tableau_vi_mouvement_des_malades_dans_le.csv
insp,006_v2,2026-05-20,2026-05-20,admissions,facility,Democratic Republic of the Congo,BUNIA HGR,BUNIA HGR,6,patients,24h,FALSE,TRUE,high,"Indicateurs,BUNIA HGR,BUNIA SOFEPADI,BUNIA Clibnique Bénedicte,BUNIA RWAOLE,BUNIA CH ELIKYA,BUNIA TOTAL,RWAMPARA HGR,RWAMPARA CME,RWAMPARA CH SALAMA,RWAMPARA CS HOHO,RWAMPARA TOTAL,HGR MONGBWALU,HGR NYANKUNDE,TOTAL GENERAL
Nouvelles Admissions Total,6,0,1,3,2,12,2,8,7,0,17,9,1,39",Institut National de Santé Publique,CC BY 4.0,data/csv/006_v2_table_07_tableau_vi_mouvement_des_malades_dans_le.csv
insp,006,2026-05-20,2026-05-20,admissions,facility,Democratic Republic of the Congo,BUNIA RWAOLE,BUNIA RWAOLE,3,patients,24h,FALSE,TRUE,high,"Indicateurs,BUNIA HGR,BUNIA SOFEPADI,BUNIA Clibnique Bénedicte,BUNIA RWAOLE,BUNIA CH ELIKYA,BUNIA TOTAL,RWAMPARA HGR,RWAMPARA CME,RWAMPARA CH SALAMA,RWAMPARA CS HOHO,RWAMPARA TOTAL,HGR MONGBWALU,HGR NYANKUNDE,TOTAL GENERAL
Nouvelles Admissions Total,6,0,1,3,2,12,2,8,7,0,17,9,1,39",Institut National de Santé Publique,CC BY 4.0,data/csv/006_table_07_tableau_vi_mouvement_des_malades_dans_le.csv
insp,006_v2,2026-05-20,2026-05-20,admissions,facility,Democratic Republic of the Congo,BUNIA RWAOLE,BUNIA RWAOLE,3,patients,24h,FALSE,TRUE,high,"Indicateurs,BUNIA HGR,BUNIA SOFEPADI,BUNIA Clibnique Bénedicte,BUNIA RWAOLE,BUNIA CH ELIKYA,BUNIA TOTAL,RWAMPARA HGR,RWAMPARA CME,RWAMPARA CH SALAMA,RWAMPARA CS HOHO,RWAMPARA TOTAL,HGR MONGBWALU,HGR NYANKUNDE,TOTAL GENERAL
Nouvelles Admissions Total,6,0,1,3,2,12,2,8,7,0,17,9,1,39",Institut National de Santé Publique,CC BY 4.0,data/csv/006_v2_table_07_tableau_vi_mouvement_des_malades_dans_le.csv
insp,006,2026-05-20,2026-05-20,admissions,facility,Democratic Republic of the Congo,BUNIA SOFEPADI,BUNIA SOFEPADI,0,patients,24h,FALSE,TRUE,high,"Indicateurs,BUNIA HGR,BUNIA SOFEPADI,BUNIA Clibnique Bénedicte,BUNIA RWAOLE,BUNIA CH ELIKYA,BUNIA TOTAL,RWAMPARA HGR,RWAMPARA CME,RWAMPARA CH SALAMA,RWAMPARA CS HOHO,RWAMPARA TOTAL,HGR MONGBWALU,HGR NYANKUNDE,TOTAL GENERAL
Nouvelles Admissions Total,6,0,1,3,2,12,2,8,7,0,17,9,1,39",Institut National de Santé Publique,CC BY 4.0,data/csv/006_table_07_tableau_vi_mouvement_des_malades_dans_le.csv
insp,006_v2,2026-05-20,2026-05-20,admissions,facility,Democratic Republic of the Congo,BUNIA SOFEPADI,BUNIA SOFEPADI,0,patients,24h,FALSE,TRUE,high,"Indicateurs,BUNIA HGR,BUNIA SOFEPADI,BUNIA Clibnique Bénedicte,BUNIA RWAOLE,BUNIA CH ELIKYA,BUNIA TOTAL,RWAMPARA HGR,RWAMPARA CME,RWAMPARA CH SALAMA,RWAMPARA CS HOHO,RWAMPARA TOTAL,HGR MONGBWALU,HGR NYANKUNDE,TOTAL GENERAL
Nouvelles Admissions Total,6,0,1,3,2,12,2,8,7,0,17,9,1,39",Institut National de Santé Publique,CC BY 4.0,data/csv/006_v2_table_07_tableau_vi_mouvement_des_malades_dans_le.csv
insp,006,2026-05-20,2026-05-20,admissions,facility,Democratic Republic of the Congo,HGR MONGBWALU,HGR MONGBWALU,9,patients,24h,FALSE,TRUE,high,"Indicateurs,BUNIA HGR,BUNIA SOFEPADI,BUNIA Clibnique Bénedicte,BUNIA RWAOLE,BUNIA CH ELIKYA,BUNIA TOTAL,RWAMPARA HGR,RWAMPARA CME,RWAMPARA CH SALAMA,RWAMPARA CS HOHO,RWAMPARA TOTAL,HGR MONGBWALU,HGR NYANKUNDE,TOTAL GENERAL
Nouvelles Admissions Total,6,0,1,3,2,12,2,8,7,0,17,9,1,39",Institut National de Santé Publique,CC BY 4.0,data/csv/006_table_07_tableau_vi_mouvement_des_malades_dans_le.csv
insp,006_v2,2026-05-20,2026-05-20,admissions,facility,Democratic Republic of the Congo,HGR MONGBWALU,HGR MONGBWALU,9,patients,24h,FALSE,TRUE,high,"Indicateurs,BUNIA HGR,BUNIA SOFEPADI,BUNIA Clibnique Bénedicte,BUNIA RWAOLE,BUNIA CH ELIKYA,BUNIA TOTAL,RWAMPARA HGR,RWAMPARA CME,RWAMPARA CH SALAMA,RWAMPARA CS HOHO,RWAMPARA TOTAL,HGR MONGBWALU,HGR NYANKUNDE,TOTAL GENERAL
Nouvelles Admissions Total,6,0,1,3,2,12,2,8,7,0,17,9,1,39",Institut National de Santé Publique,CC BY 4.0,data/csv/006_v2_table_07_tableau_vi_mouvement_des_malades_dans_le.csv
insp,006,2026-05-20,2026-05-20,admissions,facility,Democratic Republic of the Congo,HGR NYANKUNDE,HGR NYANKUNDE,1,patients,24h,FALSE,TRUE,high,"Indicateurs,BUNIA HGR,BUNIA SOFEPADI,BUNIA Clibnique Bénedicte,BUNIA RWAOLE,BUNIA CH ELIKYA,BUNIA TOTAL,RWAMPARA HGR,RWAMPARA CME,RWAMPARA CH SALAMA,RWAMPARA CS HOHO,RWAMPARA TOTAL,HGR MONGBWALU,HGR NYANKUNDE,TOTAL GENERAL
Nouvelles Admissions Total,6,0,1,3,2,12,2,8,7,0,17,9,1,39",Institut National de Santé Publique,CC BY 4.0,data/csv/006_table_07_tableau_vi_mouvement_des_malades_dans_le.csv
insp,006_v2,2026-05-20,2026-05-20,admissions,facility,Democratic Republic of the Congo,HGR NYANKUNDE,HGR NYANKUNDE,1,patients,24h,FALSE,TRUE,high,"Indicateurs,BUNIA HGR,BUNIA SOFEPADI,BUNIA Clibnique Bénedicte,BUNIA RWAOLE,BUNIA CH ELIKYA,BUNIA TOTAL,RWAMPARA HGR,RWAMPARA CME,RWAMPARA CH SALAMA,RWAMPARA CS HOHO,RWAMPARA TOTAL,HGR MONGBWALU,HGR NYANKUNDE,TOTAL GENERAL
Nouvelles Admissions Total,6,0,1,3,2,12,2,8,7,0,17,9,1,39",Institut National de Santé Publique,CC BY 4.0,data/csv/006_v2_table_07_tableau_vi_mouvement_des_malades_dans_le.csv
insp,006,2026-05-20,2026-05-20,admissions,facility,Democratic Republic of the Congo,RWAMPARA CH SALAMA,RWAMPARA CH SALAMA,7,patients,24h,FALSE,TRUE,high,"Indicateurs,BUNIA HGR,BUNIA SOFEPADI,BUNIA Clibnique Bénedicte,BUNIA RWAOLE,BUNIA CH ELIKYA,BUNIA TOTAL,RWAMPARA HGR,RWAMPARA CME,RWAMPARA CH SALAMA,RWAMPARA CS HOHO,RWAMPARA TOTAL,HGR MONGBWALU,HGR NYANKUNDE,TOTAL GENERAL
Nouvelles Admissions Total,6,0,1,3,2,12,2,8,7,0,17,9,1,39",Institut National de Santé Publique,CC BY 4.0,data/csv/006_table_07_tableau_vi_mouvement_des_malades_dans_le.csv
insp,006_v2,2026-05-20,2026-05-20,admissions,facility,Democratic Republic of the Congo,RWAMPARA CH SALAMA,RWAMPARA CH SALAMA,7,patients,24h,FALSE,TRUE,high,"Indicateurs,BUNIA HGR,BUNIA SOFEPADI,BUNIA Clibnique Bénedicte,BUNIA RWAOLE,BUNIA CH ELIKYA,BUNIA TOTAL,RWAMPARA HGR,RWAMPARA CME,RWAMPARA CH SALAMA,RWAMPARA CS HOHO,RWAMPARA TOTAL,HGR MONGBWALU,HGR NYANKUNDE,TOTAL GENERAL
Nouvelles Admissions Total,6,0,1,3,2,12,2,8,7,0,17,9,1,39",Institut National de Santé Publique,CC BY 4.0,data/csv/006_v2_table_07_tableau_vi_mouvement_des_malades_dans_le.csv
insp,006,2026-05-20,2026-05-20,admissions,facility,Democratic Republic of the Congo,RWAMPARA CME,RWAMPARA CME,8,patients,24h,FALSE,TRUE,high,"Indicateurs,BUNIA HGR,BUNIA SOFEPADI,BUNIA Clibnique Bénedicte,BUNIA RWAOLE,BUNIA CH ELIKYA,BUNIA TOTAL,RWAMPARA HGR,RWAMPARA CME,RWAMPARA CH SALAMA,RWAMPARA CS HOHO,RWAMPARA TOTAL,HGR MONGBWALU,HGR NYANKUNDE,TOTAL GENERAL
Nouvelles Admissions Total,6,0,1,3,2,12,2,8,7,0,17,9,1,39",Institut National de Santé Publique,CC BY 4.0,data/csv/006_table_07_tableau_vi_mouvement_des_malades_dans_le.csv
insp,006_v2,2026-05-20,2026-05-20,admissions,facility,Democratic Republic of the Congo,RWAMPARA CME,RWAMPARA CME,8,patients,24h,FALSE,TRUE,high,"Indicateurs,BUNIA HGR,BUNIA SOFEPADI,BUNIA Clibnique Bénedicte,BUNIA RWAOLE,BUNIA CH ELIKYA,BUNIA TOTAL,RWAMPARA HGR,RWAMPARA CME,RWAMPARA CH SALAMA,RWAMPARA CS HOHO,RWAMPARA TOTAL,HGR MONGBWALU,HGR NYANKUNDE,TOTAL GENERAL
Nouvelles Admissions Total,6,0,1,3,2,12,2,8,7,0,17,9,1,39",Institut National de Santé Publique,CC BY 4.0,data/csv/006_v2_table_07_tableau_vi_mouvement_des_malades_dans_le.csv
insp,006,2026-05-20,2026-05-20,admissions,facility,Democratic Republic of the Congo,RWAMPARA CS HOHO,RWAMPARA CS HOHO,0,patients,24h,FALSE,TRUE,high,"Indicateurs,BUNIA HGR,BUNIA SOFEPADI,BUNIA Clibnique Bénedicte,BUNIA RWAOLE,BUNIA CH ELIKYA,BUNIA TOTAL,RWAMPARA HGR,RWAMPARA CME,RWAMPARA CH SALAMA,RWAMPARA CS HOHO,RWAMPARA TOTAL,HGR MONGBWALU,HGR NYANKUNDE,TOTAL GENERAL
Nouvelles Admissions Total,6,0,1,3,2,12,2,8,7,0,17,9,1,39",Institut National de Santé Publique,CC BY 4.0,data/csv/006_table_07_tableau_vi_mouvement_des_malades_dans_le.csv
insp,006_v2,2026-05-20,2026-05-20,admissions,facility,Democratic Republic of the Congo,RWAMPARA CS HOHO,RWAMPARA CS HOHO,0,patients,24h,FALSE,TRUE,high,"Indicateurs,BUNIA HGR,BUNIA SOFEPADI,BUNIA Clibnique Bénedicte,BUNIA RWAOLE,BUNIA CH ELIKYA,BUNIA TOTAL,RWAMPARA HGR,RWAMPARA CME,RWAMPARA CH SALAMA,RWAMPARA CS HOHO,RWAMPARA TOTAL,HGR MONGBWALU,HGR NYANKUNDE,TOTAL GENERAL
Nouvelles Admissions Total,6,0,1,3,2,12,2,8,7,0,17,9,1,39",Institut National de Santé Publique,CC BY 4.0,data/csv/006_v2_table_07_tableau_vi_mouvement_des_malades_dans_le.csv
insp,006,2026-05-20,2026-05-20,admissions,facility,Democratic Republic of the Congo,RWAMPARA HGR,RWAMPARA HGR,2,patients,24h,FALSE,TRUE,high,"Indicateurs,BUNIA HGR,BUNIA SOFEPADI,BUNIA Clibnique Bénedicte,BUNIA RWAOLE,BUNIA CH ELIKYA,BUNIA TOTAL,RWAMPARA HGR,RWAMPARA CME,RWAMPARA CH SALAMA,RWAMPARA CS HOHO,RWAMPARA TOTAL,HGR MONGBWALU,HGR NYANKUNDE,TOTAL GENERAL
Nouvelles Admissions Total,6,0,1,3,2,12,2,8,7,0,17,9,1,39",Institut National de Santé Publique,CC BY 4.0,data/csv/006_table_07_tableau_vi_mouvement_des_malades_dans_le.csv
insp,006_v2,2026-05-20,2026-05-20,admissions,facility,Democratic Republic of the Congo,RWAMPARA HGR,RWAMPARA HGR,2,patients,24h,FALSE,TRUE,high,"Indicateurs,BUNIA HGR,BUNIA SOFEPADI,BUNIA Clibnique Bénedicte,BUNIA RWAOLE,BUNIA CH ELIKYA,BUNIA TOTAL,RWAMPARA HGR,RWAMPARA CME,RWAMPARA CH SALAMA,RWAMPARA CS HOHO,RWAMPARA TOTAL,HGR MONGBWALU,HGR NYANKUNDE,TOTAL GENERAL
Nouvelles Admissions Total,6,0,1,3,2,12,2,8,7,0,17,9,1,39",Institut National de Santé Publique,CC BY 4.0,data/csv/006_v2_table_07_tableau_vi_mouvement_des_malades_dans_le.csv
insp,006,2026-05-20,2026-05-20,admissions,national,Democratic Republic of the Congo,"",TOTAL GENERAL,39,patients,24h,FALSE,TRUE,high,"Indicateurs,BUNIA HGR,BUNIA SOFEPADI,BUNIA Clibnique Bénedicte,BUNIA RWAOLE,BUNIA CH ELIKYA,BUNIA TOTAL,RWAMPARA HGR,RWAMPARA CME,RWAMPARA CH SALAMA,RWAMPARA CS HOHO,RWAMPARA TOTAL,HGR MONGBWALU,HGR NYANKUNDE,TOTAL GENERAL
Nouvelles Admissions Total,6,0,1,3,2,12,2,8,7,0,17,9,1,39",Institut National de Santé Publique,CC BY 4.0,data/csv/006_table_07_tableau_vi_mouvement_des_malades_dans_le.csv
insp,006_v2,2026-05-20,2026-05-20,admissions,national,Democratic Republic of the Congo,"",TOTAL GENERAL,39,patients,24h,FALSE,TRUE,high,"Indicateurs,BUNIA HGR,BUNIA SOFEPADI,BUNIA Clibnique Bénedicte,BUNIA RWAOLE,BUNIA CH ELIKYA,BUNIA TOTAL,RWAMPARA HGR,RWAMPARA CME,RWAMPARA CH SALAMA,RWAMPARA CS HOHO,RWAMPARA TOTAL,HGR MONGBWALU,HGR NYANKUNDE,TOTAL GENERAL
Nouvelles Admissions Total,6,0,1,3,2,12,2,8,7,0,17,9,1,39",Institut National de Santé Publique,CC BY 4.0,data/csv/006_v2_table_07_tableau_vi_mouvement_des_malades_dans_le.csv
insp,006,2026-05-20,2026-05-20,beds_capacity,facility,Democratic Republic of the Congo,BUNIA CH ELIKYA,BUNIA CH ELIKYA,6,beds,point,FALSE,TRUE,low,"Indicateurs,BUNIA HGR,BUNIA SOFEPADI,BUNIA Clibnique Bénedicte,BUNIA RWAOLE,BUNIA CH ELIKYA,BUNIA TOTAL,RWAMPARA HGR,RWAMPARA CME,RWAMPARA CH SALAMA,RWAMPARA CS HOHO,RWAMPARA TOTAL,HGR MONGBWALU,HGR NYANKUNDE,TOTAL GENERAL
"""",6,4,0,12,6,28 lits,16,100,10,0,126 Lits,12,11,""""",Institut National de Santé Publique,CC BY 4.0,data/csv/006_table_07_tableau_vi_mouvement_des_malades_dans_le.csv
insp,006_v2,2026-05-20,2026-05-20,beds_capacity,facility,Democratic Republic of the Congo,BUNIA CH ELIKYA,BUNIA CH ELIKYA,6,beds,point,FALSE,TRUE,low,"Indicateurs,BUNIA HGR,BUNIA SOFEPADI,BUNIA Clibnique Bénedicte,BUNIA RWAOLE,BUNIA CH ELIKYA,BUNIA TOTAL,RWAMPARA HGR,RWAMPARA CME,RWAMPARA CH SALAMA,RWAMPARA CS HOHO,RWAMPARA TOTAL,HGR MONGBWALU,HGR NYANKUNDE,TOTAL GENERAL
"""",6,4,0,12,6,28 lits,16,100,10,0,126 Lits,12,11,""""",Institut National de Santé Publique,CC BY 4.0,data/csv/006_v2_table_07_tableau_vi_mouvement_des_malades_dans_le.csv
insp,006,2026-05-20,2026-05-20,beds_capacity,facility,Democratic Republic of the Congo,BUNIA Clibnique Bénedicte,BUNIA Clibnique Bénedicte,0,beds,point,FALSE,TRUE,low,"Indicateurs,BUNIA HGR,BUNIA SOFEPADI,BUNIA Clibnique Bénedicte,BUNIA RWAOLE,BUNIA CH ELIKYA,BUNIA TOTAL,RWAMPARA HGR,RWAMPARA CME,RWAMPARA CH SALAMA,RWAMPARA CS HOHO,RWAMPARA TOTAL,HGR MONGBWALU,HGR NYANKUNDE,TOTAL GENERAL
"""",6,4,0,12,6,28 lits,16,100,10,0,126 Lits,12,11,""""",Institut National de Santé Publique,CC BY 4.0,data/csv/006_table_07_tableau_vi_mouvement_des_malades_dans_le.csv
insp,006_v2,2026-05-20,2026-05-20,beds_capacity,facility,Democratic Republic of the Congo,BUNIA Clibnique Bénedicte,BUNIA Clibnique Bénedicte,0,beds,point,FALSE,TRUE,low,"Indicateurs,BUNIA HGR,BUNIA SOFEPADI,BUNIA Clibnique Bénedicte,BUNIA RWAOLE,BUNIA CH ELIKYA,BUNIA TOTAL,RWAMPARA HGR,RWAMPARA CME,RWAMPARA CH SALAMA,RWAMPARA CS HOHO,RWAMPARA TOTAL,HGR MONGBWALU,HGR NYANKUNDE,TOTAL GENERAL
"""",6,4,0,12,6,28 lits,16,100,10,0,126 Lits,12,11,""""",Institut National de Santé Publique,CC BY 4.0,data/csv/006_v2_table_07_tableau_vi_mouvement_des_malades_dans_le.csv
insp,006,2026-05-20,2026-05-20,beds_capacity,facility,Democratic Republic of the Congo,BUNIA HGR,BUNIA HGR,6,beds,point,FALSE,TRUE,low,"Indicateurs,BUNIA HGR,BUNIA SOFEPADI,BUNIA Clibnique Bénedicte,BUNIA RWAOLE,BUNIA CH ELIKYA,BUNIA TOTAL,RWAMPARA HGR,RWAMPARA CME,RWAMPARA CH SALAMA,RWAMPARA CS HOHO,RWAMPARA TOTAL,HGR MONGBWALU,HGR NYANKUNDE,TOTAL GENERAL
"""",6,4,0,12,6,28 lits,16,100,10,0,126 Lits,12,11,""""",Institut National de Santé Publique,CC BY 4.0,data/csv/006_table_07_tableau_vi_mouvement_des_malades_dans_le.csv
insp,006_v2,2026-05-20,2026-05-20,beds_capacity,facility,Democratic Republic of the Congo,BUNIA HGR,BUNIA HGR,6,beds,point,FALSE,TRUE,low,"Indicateurs,BUNIA HGR,BUNIA SOFEPADI,BUNIA Clibnique Bénedicte,BUNIA RWAOLE,BUNIA CH ELIKYA,BUNIA TOTAL,RWAMPARA HGR,RWAMPARA CME,RWAMPARA CH SALAMA,RWAMPARA CS HOHO,RWAMPARA TOTAL,HGR MONGBWALU,HGR NYANKUNDE,TOTAL GENERAL
"""",6,4,0,12,6,28 lits,16,100,10,0,126 Lits,12,11,""""",Institut National de Santé Publique,CC BY 4.0,data/csv/006_v2_table_07_tableau_vi_mouvement_des_malades_dans_le.csv
insp,006,2026-05-20,2026-05-20,beds_capacity,facility,Democratic Republic of the Congo,BUNIA RWAOLE,BUNIA RWAOLE,12,beds,point,FALSE,TRUE,low,"Indicateurs,BUNIA HGR,BUNIA SOFEPADI,BUNIA Clibnique Bénedicte,BUNIA RWAOLE,BUNIA CH ELIKYA,BUNIA TOTAL,RWAMPARA HGR,RWAMPARA CME,RWAMPARA CH SALAMA,RWAMPARA CS HOHO,RWAMPARA TOTAL,HGR MONGBWALU,HGR NYANKUNDE,TOTAL GENERAL
"""",6,4,0,12,6,28 lits,16,100,10,0,126 Lits,12,11,""""",Institut National de Santé Publique,CC BY 4.0,data/csv/006_table_07_tableau_vi_mouvement_des_malades_dans_le.csv
insp,006_v2,2026-05-20,2026-05-20,beds_capacity,facility,Democratic Republic of the Congo,BUNIA RWAOLE,BUNIA RWAOLE,12,beds,point,FALSE,TRUE,low,"Indicateurs,BUNIA HGR,BUNIA SOFEPADI,BUNIA Clibnique Bénedicte,BUNIA RWAOLE,BUNIA CH ELIKYA,BUNIA TOTAL,RWAMPARA HGR,RWAMPARA CME,RWAMPARA CH SALAMA,RWAMPARA CS HOHO,RWAMPARA TOTAL,HGR MONGBWALU,HGR NYANKUNDE,TOTAL GENERAL
"""",6,4,0,12,6,28 lits,16,100,10,0,126 Lits,12,11,""""",Institut National de Santé Publique,CC BY 4.0,data/csv/006_v2_table_07_tableau_vi_mouvement_des_malades_dans_le.csv
insp,006,2026-05-20,2026-05-20,beds_capacity,facility,Democratic Republic of the Congo,BUNIA SOFEPADI,BUNIA SOFEPADI,4,beds,point,FALSE,TRUE,low,"Indicateurs,BUNIA HGR,BUNIA SOFEPADI,BUNIA Clibnique Bénedicte,BUNIA RWAOLE,BUNIA CH ELIKYA,BUNIA TOTAL,RWAMPARA HGR,RWAMPARA CME,RWAMPARA CH SALAMA,RWAMPARA CS HOHO,RWAMPARA TOTAL,HGR MONGBWALU,HGR NYANKUNDE,TOTAL GENERAL
"""",6,4,0,12,6,28 lits,16,100,10,0,126 Lits,12,11,""""",Institut National de Santé Publique,CC BY 4.0,data/csv/006_table_07_tableau_vi_mouvement_des_malades_dans_le.csv
insp,006_v2,2026-05-20,2026-05-20,beds_capacity,facility,Democratic Republic of the Congo,BUNIA SOFEPADI,BUNIA SOFEPADI,4,beds,point,FALSE,TRUE,low,"Indicateurs,BUNIA HGR,BUNIA SOFEPADI,BUNIA Clibnique Bénedicte,BUNIA RWAOLE,BUNIA CH ELIKYA,BUNIA TOTAL,RWAMPARA HGR,RWAMPARA CME,RWAMPARA CH SALAMA,RWAMPARA CS HOHO,RWAMPARA TOTAL,HGR MONGBWALU,HGR NYANKUNDE,TOTAL GENERAL
"""",6,4,0,12,6,28 lits,16,100,10,0,126 Lits,12,11,""""",Institut National de Santé Publique,CC BY 4.0,data/csv/006_v2_table_07_tableau_vi_mouvement_des_malades_dans_le.csv
insp,006,2026-05-20,2026-05-20,beds_capacity,facility,Democratic Republic of the Congo,HGR MONGBWALU,HGR MONGBWALU,12,beds,point,FALSE,TRUE,low,"Indicateurs,BUNIA HGR,BUNIA SOFEPADI,BUNIA Clibnique Bénedicte,BUNIA RWAOLE,BUNIA CH ELIKYA,BUNIA TOTAL,RWAMPARA HGR,RWAMPARA CME,RWAMPARA CH SALAMA,RWAMPARA CS HOHO,RWAMPARA TOTAL,HGR MONGBWALU,HGR NYANKUNDE,TOTAL GENERAL
"""",6,4,0,12,6,28 lits,16,100,10,0,126 Lits,12,11,""""",Institut National de Santé Publique,CC BY 4.0,data/csv/006_table_07_tableau_vi_mouvement_des_malades_dans_le.csv
insp,006_v2,2026-05-20,2026-05-20,beds_capacity,facility,Democratic Republic of the Congo,HGR MONGBWALU,HGR MONGBWALU,12,beds,point,FALSE,TRUE,low,"Indicateurs,BUNIA HGR,BUNIA SOFEPADI,BUNIA Clibnique Bénedicte,BUNIA RWAOLE,BUNIA CH ELIKYA,BUNIA TOTAL,RWAMPARA HGR,RWAMPARA CME,RWAMPARA CH SALAMA,RWAMPARA CS HOHO,RWAMPARA TOTAL,HGR MONGBWALU,HGR NYANKUNDE,TOTAL GENERAL
"""",6,4,0,12,6,28 lits,16,100,10,0,126 Lits,12,11,""""",Institut National de Santé Publique,CC BY 4.0,data/csv/006_v2_table_07_tableau_vi_mouvement_des_malades_dans_le.csv
insp,006,2026-05-20,2026-05-20,beds_capacity,facility,Democratic Republic of the Congo,HGR NYANKUNDE,HGR NYANKUNDE,11,beds,point,FALSE,TRUE,low,"Indicateurs,BUNIA HGR,BUNIA SOFEPADI,BUNIA Clibnique Bénedicte,BUNIA RWAOLE,BUNIA CH ELIKYA,BUNIA TOTAL,RWAMPARA HGR,RWAMPARA CME,RWAMPARA CH SALAMA,RWAMPARA CS HOHO,RWAMPARA TOTAL,HGR MONGBWALU,HGR NYANKUNDE,TOTAL GENERAL
"""",6,4,0,12,6,28 lits,16,100,10,0,126 Lits,12,11,""""",Institut National de Santé Publique,CC BY 4.0,data/csv/006_table_07_tableau_vi_mouvement_des_malades_dans_le.csv
insp,006_v2,2026-05-20,2026-05-20,beds_capacity,facility,Democratic Republic of the Congo,HGR NYANKUNDE,HGR NYANKUNDE,11,beds,point,FALSE,TRUE,low,"Indicateurs,BUNIA HGR,BUNIA SOFEPADI,BUNIA Clibnique Bénedicte,BUNIA RWAOLE,BUNIA CH ELIKYA,BUNIA TOTAL,RWAMPARA HGR,RWAMPARA CME,RWAMPARA CH SALAMA,RWAMPARA CS HOHO,RWAMPARA TOTAL,HGR MONGBWALU,HGR NYANKUNDE,TOTAL GENERAL
"""",6,4,0,12,6,28 lits,16,100,10,0,126 Lits,12,11,""""",Institut National de Santé Publique,CC BY 4.0,data/csv/006_v2_table_07_tableau_vi_mouvement_des_malades_dans_le.csv
insp,006,2026-05-20,2026-05-20,beds_capacity,facility,Democratic Republic of the Congo,RWAMPARA CH SALAMA,RWAMPARA CH SALAMA,10,beds,point,FALSE,TRUE,low,"Indicateurs,BUNIA HGR,BUNIA SOFEPADI,BUNIA Clibnique Bénedicte,BUNIA RWAOLE,BUNIA CH ELIKYA,BUNIA TOTAL,RWAMPARA HGR,RWAMPARA CME,RWAMPARA CH SALAMA,RWAMPARA CS HOHO,RWAMPARA TOTAL,HGR MONGBWALU,HGR NYANKUNDE,TOTAL GENERAL
"""",6,4,0,12,6,28 lits,16,100,10,0,126 Lits,12,11,""""",Institut National de Santé Publique,CC BY 4.0,data/csv/006_table_07_tableau_vi_mouvement_des_malades_dans_le.csv
insp,006_v2,2026-05-20,2026-05-20,beds_capacity,facility,Democratic Republic of the Congo,RWAMPARA CH SALAMA,RWAMPARA CH SALAMA,10,beds,point,FALSE,TRUE,low,"Indicateurs,BUNIA HGR,BUNIA SOFEPADI,BUNIA Clibnique Bénedicte,BUNIA RWAOLE,BUNIA CH ELIKYA,BUNIA TOTAL,RWAMPARA HGR,RWAMPARA CME,RWAMPARA CH SALAMA,RWAMPARA CS HOHO,RWAMPARA TOTAL,HGR MONGBWALU,HGR NYANKUNDE,TOTAL GENERAL
"""",6,4,0,12,6,28 lits,16,100,10,0,126 Lits,12,11,""""",Institut National de Santé Publique,CC BY 4.0,data/csv/006_v2_table_07_tableau_vi_mouvement_des_malades_dans_le.csv
insp,006,2026-05-20,2026-05-20,beds_capacity,facility,Democratic Republic of the Congo,RWAMPARA CME,RWAMPARA CME,100,beds,point,FALSE,TRUE,low,"Indicateurs,BUNIA HGR,BUNIA SOFEPADI,BUNIA Clibnique Bénedicte,BUNIA RWAOLE,BUNIA CH ELIKYA,BUNIA TOTAL,RWAMPARA HGR,RWAMPARA CME,RWAMPARA CH SALAMA,RWAMPARA CS HOHO,RWAMPARA TOTAL,HGR MONGBWALU,HGR NYANKUNDE,TOTAL GENERAL
"""",6,4,0,12,6,28 lits,16,100,10,0,126 Lits,12,11,""""",Institut National de Santé Publique,CC BY 4.0,data/csv/006_table_07_tableau_vi_mouvement_des_malades_dans_le.csv
insp,006_v2,2026-05-20,2026-05-20,beds_capacity,facility,Democratic Republic of the Congo,RWAMPARA CME,RWAMPARA CME,100,beds,point,FALSE,TRUE,low,"Indicateurs,BUNIA HGR,BUNIA SOFEPADI,BUNIA Clibnique Bénedicte,BUNIA RWAOLE,BUNIA CH ELIKYA,BUNIA TOTAL,RWAMPARA HGR,RWAMPARA CME,RWAMPARA CH SALAMA,RWAMPARA CS HOHO,RWAMPARA TOTAL,HGR MONGBWALU,HGR NYANKUNDE,TOTAL GENERAL
"""",6,4,0,12,6,28 lits,16,100,10,0,126 Lits,12,11,""""",Institut National de Santé Publique,CC BY 4.0,data/csv/006_v2_table_07_tableau_vi_mouvement_des_malades_dans_le.csv
insp,006,2026-05-20,2026-05-20,beds_capacity,facility,Democratic Republic of the Congo,RWAMPARA CS HOHO,RWAMPARA CS HOHO,0,beds,point,FALSE,TRUE,low,"Indicateurs,BUNIA HGR,BUNIA SOFEPADI,BUNIA Clibnique Bénedicte,BUNIA RWAOLE,BUNIA CH ELIKYA,BUNIA TOTAL,RWAMPARA HGR,RWAMPARA CME,RWAMPARA CH SALAMA,RWAMPARA CS HOHO,RWAMPARA TOTAL,HGR MONGBWALU,HGR NYANKUNDE,TOTAL GENERAL
"""",6,4,0,12,6,28 lits,16,100,10,0,126 Lits,12,11,""""",Institut National de Santé Publique,CC BY 4.0,data/csv/006_table_07_tableau_vi_mouvement_des_malades_dans_le.csv
insp,006_v2,2026-05-20,2026-05-20,beds_capacity,facility,Democratic Republic of the Congo,RWAMPARA CS HOHO,RWAMPARA CS HOHO,0,beds,point,FALSE,TRUE,low,"Indicateurs,BUNIA HGR,BUNIA SOFEPADI,BUNIA Clibnique Bénedicte,BUNIA RWAOLE,BUNIA CH ELIKYA,BUNIA TOTAL,RWAMPARA HGR,RWAMPARA CME,RWAMPARA CH SALAMA,RWAMPARA CS HOHO,RWAMPARA TOTAL,HGR MONGBWALU,HGR NYANKUNDE,TOTAL GENERAL
"""",6,4,0,12,6,28 lits,16,100,10,0,126 Lits,12,11,""""",Institut National de Santé Publique,CC BY 4.0,data/csv/006_v2_table_07_tableau_vi_mouvement_des_malades_dans_le.csv
insp,006,2026-05-20,2026-05-20,beds_capacity,facility,Democratic Republic of the Congo,RWAMPARA HGR,RWAMPARA HGR,16,beds,point,FALSE,TRUE,low,"Indicateurs,BUNIA HGR,BUNIA SOFEPADI,BUNIA Clibnique Bénedicte,BUNIA RWAOLE,BUNIA CH ELIKYA,BUNIA TOTAL,RWAMPARA HGR,RWAMPARA CME,RWAMPARA CH SALAMA,RWAMPARA CS HOHO,RWAMPARA TOTAL,HGR MONGBWALU,HGR NYANKUNDE,TOTAL GENERAL
"""",6,4,0,12,6,28 lits,16,100,10,0,126 Lits,12,11,""""",Institut National de Santé Publique,CC BY 4.0,data/csv/006_table_07_tableau_vi_mouvement_des_malades_dans_le.csv
insp,006_v2,2026-05-20,2026-05-20,beds_capacity,facility,Democratic Republic of the Congo,RWAMPARA HGR,RWAMPARA HGR,16,beds,point,FALSE,TRUE,low,"Indicateurs,BUNIA HGR,BUNIA SOFEPADI,BUNIA Clibnique Bénedicte,BUNIA RWAOLE,BUNIA CH ELIKYA,BUNIA TOTAL,RWAMPARA HGR,RWAMPARA CME,RWAMPARA CH SALAMA,RWAMPARA CS HOHO,RWAMPARA TOTAL,HGR MONGBWALU,HGR NYANKUNDE,TOTAL GENERAL
"""",6,4,0,12,6,28 lits,16,100,10,0,126 Lits,12,11,""""",Institut National de Santé Publique,CC BY 4.0,data/csv/006_v2_table_07_tableau_vi_mouvement_des_malades_dans_le.csv
insp,007,2026-05-21,2026-05-20,beds_occupied,facility,Democratic Republic of the Congo,HGR Bunia,HGR Bunia,36,beds,point,FALSE,TRUE,high,"Indicateurs 1,Indicateurs 2,HGR Bunia,RWAMPARA,RWAMPARA_1,Mongbwalu,Mongbwalu_1,Nyankunde,Total Général
Report,Report,36,21,15,35,27,16,129",Institut National de Santé Publique,CC BY 4.0,data/csv/007_table_10_tableau_vi_mouvement_des_malades_dans_le.csv
insp,007,2026-05-21,2026-05-20,beds_occupied,facility,Democratic Republic of the Congo,Nyankunde,Nyankunde,16,beds,point,FALSE,TRUE,high,"Indicateurs 1,Indicateurs 2,HGR Bunia,RWAMPARA,RWAMPARA_1,Mongbwalu,Mongbwalu_1,Nyankunde,Total Général
Report,Report,36,21,15,35,27,16,129",Institut National de Santé Publique,CC BY 4.0,data/csv/007_table_10_tableau_vi_mouvement_des_malades_dans_le.csv
insp,007,2026-05-21,2026-05-20,beds_occupied,national,Democratic Republic of the Congo,"",Total Général,129,beds,point,FALSE,TRUE,high,"Indicateurs 1,Indicateurs 2,HGR Bunia,RWAMPARA,RWAMPARA_1,Mongbwalu,Mongbwalu_1,Nyankunde,Total Général
Report,Report,36,21,15,35,27,16,129",Institut National de Santé Publique,CC BY 4.0,data/csv/007_table_10_tableau_vi_mouvement_des_malades_dans_le.csv
insp,006,2026-05-20,2026-05-20,deaths_in_facility,facility,Democratic Republic of the Congo,BUNIA CH ELIKYA,BUNIA CH ELIKYA,0,patients,24h,FALSE,TRUE,high,"Indicateurs,BUNIA HGR,BUNIA SOFEPADI,BUNIA Clibnique Bénedicte,BUNIA RWAOLE,BUNIA CH ELIKYA,BUNIA TOTAL,RWAMPARA HGR,RWAMPARA CME,RWAMPARA CH SALAMA,RWAMPARA CS HOHO,RWAMPARA TOTAL,HGR MONGBWALU,HGR NYANKUNDE,TOTAL GENERAL
Sorties Décédés,2,0,0,1,0,3,2,0,0,0,2,1,0,6",Institut National de Santé Publique,CC BY 4.0,data/csv/006_table_07_tableau_vi_mouvement_des_malades_dans_le.csv
insp,006_v2,2026-05-20,2026-05-20,deaths_in_facility,facility,Democratic Republic of the Congo,BUNIA CH ELIKYA,BUNIA CH ELIKYA,0,patients,24h,FALSE,TRUE,high,"Indicateurs,BUNIA HGR,BUNIA SOFEPADI,BUNIA Clibnique Bénedicte,BUNIA RWAOLE,BUNIA CH ELIKYA,BUNIA TOTAL,RWAMPARA HGR,RWAMPARA CME,RWAMPARA CH SALAMA,RWAMPARA CS HOHO,RWAMPARA TOTAL,HGR MONGBWALU,HGR NYANKUNDE,TOTAL GENERAL
Sorties Décédés,2,0,0,1,0,3,2,0,0,0,2,1,0,6",Institut National de Santé Publique,CC BY 4.0,data/csv/006_v2_table_07_tableau_vi_mouvement_des_malades_dans_le.csv
insp,006,2026-05-20,2026-05-20,deaths_in_facility,facility,Democratic Republic of the Congo,BUNIA Clibnique Bénedicte,BUNIA Clibnique Bénedicte,0,patients,24h,FALSE,TRUE,high,"Indicateurs,BUNIA HGR,BUNIA SOFEPADI,BUNIA Clibnique Bénedicte,BUNIA RWAOLE,BUNIA CH ELIKYA,BUNIA TOTAL,RWAMPARA HGR,RWAMPARA CME,RWAMPARA CH SALAMA,RWAMPARA CS HOHO,RWAMPARA TOTAL,HGR MONGBWALU,HGR NYANKUNDE,TOTAL GENERAL
Sorties Décédés,2,0,0,1,0,3,2,0,0,0,2,1,0,6",Institut National de Santé Publique,CC BY 4.0,data/csv/006_table_07_tableau_vi_mouvement_des_malades_dans_le.csv
insp,006_v2,2026-05-20,2026-05-20,deaths_in_facility,facility,Democratic Republic of the Congo,BUNIA Clibnique Bénedicte,BUNIA Clibnique Bénedicte,0,patients,24h,FALSE,TRUE,high,"Indicateurs,BUNIA HGR,BUNIA SOFEPADI,BUNIA Clibnique Bénedicte,BUNIA RWAOLE,BUNIA CH ELIKYA,BUNIA TOTAL,RWAMPARA HGR,RWAMPARA CME,RWAMPARA CH SALAMA,RWAMPARA CS HOHO,RWAMPARA TOTAL,HGR MONGBWALU,HGR NYANKUNDE,TOTAL GENERAL
Sorties Décédés,2,0,0,1,0,3,2,0,0,0,2,1,0,6",Institut National de Santé Publique,CC BY 4.0,data/csv/006_v2_table_07_tableau_vi_mouvement_des_malades_dans_le.csv
insp,006,2026-05-20,2026-05-20,deaths_in_facility,facility,Democratic Republic of the Congo,BUNIA HGR,BUNIA HGR,2,patients,24h,FALSE,TRUE,high,"Indicateurs,BUNIA HGR,BUNIA SOFEPADI,BUNIA Clibnique Bénedicte,BUNIA RWAOLE,BUNIA CH ELIKYA,BUNIA TOTAL,RWAMPARA HGR,RWAMPARA CME,RWAMPARA CH SALAMA,RWAMPARA CS HOHO,RWAMPARA TOTAL,HGR MONGBWALU,HGR NYANKUNDE,TOTAL GENERAL
Sorties Décédés,2,0,0,1,0,3,2,0,0,0,2,1,0,6",Institut National de Santé Publique,CC BY 4.0,data/csv/006_table_07_tableau_vi_mouvement_des_malades_dans_le.csv
insp,006_v2,2026-05-20,2026-05-20,deaths_in_facility,facility,Democratic Republic of the Congo,BUNIA HGR,BUNIA HGR,2,patients,24h,FALSE,TRUE,high,"Indicateurs,BUNIA HGR,BUNIA SOFEPADI,BUNIA Clibnique Bénedicte,BUNIA RWAOLE,BUNIA CH ELIKYA,BUNIA TOTAL,RWAMPARA HGR,RWAMPARA CME,RWAMPARA CH SALAMA,RWAMPARA CS HOHO,RWAMPARA TOTAL,HGR MONGBWALU,HGR NYANKUNDE,TOTAL GENERAL
Sorties Décédés,2,0,0,1,0,3,2,0,0,0,2,1,0,6",Institut National de Santé Publique,CC BY 4.0,data/csv/006_v2_table_07_tableau_vi_mouvement_des_malades_dans_le.csv
insp,006,2026-05-20,2026-05-20,deaths_in_facility,facility,Democratic Republic of the Congo,BUNIA RWAOLE,BUNIA RWAOLE,1,patients,24h,FALSE,TRUE,high,"Indicateurs,BUNIA HGR,BUNIA SOFEPADI,BUNIA Clibnique Bénedicte,BUNIA RWAOLE,BUNIA CH ELIKYA,BUNIA TOTAL,RWAMPARA HGR,RWAMPARA CME,RWAMPARA CH SALAMA,RWAMPARA CS HOHO,RWAMPARA TOTAL,HGR MONGBWALU,HGR NYANKUNDE,TOTAL GENERAL
Sorties Décédés,2,0,0,1,0,3,2,0,0,0,2,1,0,6",Institut National de Santé Publique,CC BY 4.0,data/csv/006_table_07_tableau_vi_mouvement_des_malades_dans_le.csv
insp,006_v2,2026-05-20,2026-05-20,deaths_in_facility,facility,Democratic Republic of the Congo,BUNIA RWAOLE,BUNIA RWAOLE,1,patients,24h,FALSE,TRUE,high,"Indicateurs,BUNIA HGR,BUNIA SOFEPADI,BUNIA Clibnique Bénedicte,BUNIA RWAOLE,BUNIA CH ELIKYA,BUNIA TOTAL,RWAMPARA HGR,RWAMPARA CME,RWAMPARA CH SALAMA,RWAMPARA CS HOHO,RWAMPARA TOTAL,HGR MONGBWALU,HGR NYANKUNDE,TOTAL GENERAL
Sorties Décédés,2,0,0,1,0,3,2,0,0,0,2,1,0,6",Institut National de Santé Publique,CC BY 4.0,data/csv/006_v2_table_07_tableau_vi_mouvement_des_malades_dans_le.csv
insp,006,2026-05-20,2026-05-20,deaths_in_facility,facility,Democratic Republic of the Congo,BUNIA SOFEPADI,BUNIA SOFEPADI,0,patients,24h,FALSE,TRUE,high,"Indicateurs,BUNIA HGR,BUNIA SOFEPADI,BUNIA Clibnique Bénedicte,BUNIA RWAOLE,BUNIA CH ELIKYA,BUNIA TOTAL,RWAMPARA HGR,RWAMPARA CME,RWAMPARA CH SALAMA,RWAMPARA CS HOHO,RWAMPARA TOTAL,HGR MONGBWALU,HGR NYANKUNDE,TOTAL GENERAL
Sorties Décédés,2,0,0,1,0,3,2,0,0,0,2,1,0,6",Institut National de Santé Publique,CC BY 4.0,data/csv/006_table_07_tableau_vi_mouvement_des_malades_dans_le.csv
insp,006_v2,2026-05-20,2026-05-20,deaths_in_facility,facility,Democratic Republic of the Congo,BUNIA SOFEPADI,BUNIA SOFEPADI,0,patients,24h,FALSE,TRUE,high,"Indicateurs,BUNIA HGR,BUNIA SOFEPADI,BUNIA Clibnique Bénedicte,BUNIA RWAOLE,BUNIA CH ELIKYA,BUNIA TOTAL,RWAMPARA HGR,RWAMPARA CME,RWAMPARA CH SALAMA,RWAMPARA CS HOHO,RWAMPARA TOTAL,HGR MONGBWALU,HGR NYANKUNDE,TOTAL GENERAL
Sorties Décédés,2,0,0,1,0,3,2,0,0,0,2,1,0,6",Institut National de Santé Publique,CC BY 4.0,data/csv/006_v2_table_07_tableau_vi_mouvement_des_malades_dans_le.csv
insp,006,2026-05-20,2026-05-20,deaths_in_facility,facility,Democratic Republic of the Congo,HGR MONGBWALU,HGR MONGBWALU,1,patients,24h,FALSE,TRUE,high,"Indicateurs,BUNIA HGR,BUNIA SOFEPADI,BUNIA Clibnique Bénedicte,BUNIA RWAOLE,BUNIA CH ELIKYA,BUNIA TOTAL,RWAMPARA HGR,RWAMPARA CME,RWAMPARA CH SALAMA,RWAMPARA CS HOHO,RWAMPARA TOTAL,HGR MONGBWALU,HGR NYANKUNDE,TOTAL GENERAL
Sorties Décédés,2,0,0,1,0,3,2,0,0,0,2,1,0,6",Institut National de Santé Publique,CC BY 4.0,data/csv/006_table_07_tableau_vi_mouvement_des_malades_dans_le.csv
insp,006_v2,2026-05-20,2026-05-20,deaths_in_facility,facility,Democratic Republic of the Congo,HGR MONGBWALU,HGR MONGBWALU,1,patients,24h,FALSE,TRUE,high,"Indicateurs,BUNIA HGR,BUNIA SOFEPADI,BUNIA Clibnique Bénedicte,BUNIA RWAOLE,BUNIA CH ELIKYA,BUNIA TOTAL,RWAMPARA HGR,RWAMPARA CME,RWAMPARA CH SALAMA,RWAMPARA CS HOHO,RWAMPARA TOTAL,HGR MONGBWALU,HGR NYANKUNDE,TOTAL GENERAL
Sorties Décédés,2,0,0,1,0,3,2,0,0,0,2,1,0,6",Institut National de Santé Publique,CC BY 4.0,data/csv/006_v2_table_07_tableau_vi_mouvement_des_malades_dans_le.csv
insp,006,2026-05-20,2026-05-20,deaths_in_facility,facility,Democratic Republic of the Congo,HGR NYANKUNDE,HGR NYANKUNDE,0,patients,24h,FALSE,TRUE,high,"Indicateurs,BUNIA HGR,BUNIA SOFEPADI,BUNIA Clibnique Bénedicte,BUNIA RWAOLE,BUNIA CH ELIKYA,BUNIA TOTAL,RWAMPARA HGR,RWAMPARA CME,RWAMPARA CH SALAMA,RWAMPARA CS HOHO,RWAMPARA TOTAL,HGR MONGBWALU,HGR NYANKUNDE,TOTAL GENERAL
Sorties Décédés,2,0,0,1,0,3,2,0,0,0,2,1,0,6",Institut National de Santé Publique,CC BY 4.0,data/csv/006_table_07_tableau_vi_mouvement_des_malades_dans_le.csv
insp,006_v2,2026-05-20,2026-05-20,deaths_in_facility,facility,Democratic Republic of the Congo,HGR NYANKUNDE,HGR NYANKUNDE,0,patients,24h,FALSE,TRUE,high,"Indicateurs,BUNIA HGR,BUNIA SOFEPADI,BUNIA Clibnique Bénedicte,BUNIA RWAOLE,BUNIA CH ELIKYA,BUNIA TOTAL,RWAMPARA HGR,RWAMPARA CME,RWAMPARA CH SALAMA,RWAMPARA CS HOHO,RWAMPARA TOTAL,HGR MONGBWALU,HGR NYANKUNDE,TOTAL GENERAL
Sorties Décédés,2,0,0,1,0,3,2,0,0,0,2,1,0,6",Institut National de Santé Publique,CC BY 4.0,data/csv/006_v2_table_07_tableau_vi_mouvement_des_malades_dans_le.csv
insp,006,2026-05-20,2026-05-20,deaths_in_facility,facility,Democratic Republic of the Congo,RWAMPARA CH SALAMA,RWAMPARA CH SALAMA,0,patients,24h,FALSE,TRUE,high,"Indicateurs,BUNIA HGR,BUNIA SOFEPADI,BUNIA Clibnique Bénedicte,BUNIA RWAOLE,BUNIA CH ELIKYA,BUNIA TOTAL,RWAMPARA HGR,RWAMPARA CME,RWAMPARA CH SALAMA,RWAMPARA CS HOHO,RWAMPARA TOTAL,HGR MONGBWALU,HGR NYANKUNDE,TOTAL GENERAL
Sorties Décédés,2,0,0,1,0,3,2,0,0,0,2,1,0,6",Institut National de Santé Publique,CC BY 4.0,data/csv/006_table_07_tableau_vi_mouvement_des_malades_dans_le.csv
insp,006_v2,2026-05-20,2026-05-20,deaths_in_facility,facility,Democratic Republic of the Congo,RWAMPARA CH SALAMA,RWAMPARA CH SALAMA,0,patients,24h,FALSE,TRUE,high,"Indicateurs,BUNIA HGR,BUNIA SOFEPADI,BUNIA Clibnique Bénedicte,BUNIA RWAOLE,BUNIA CH ELIKYA,BUNIA TOTAL,RWAMPARA HGR,RWAMPARA CME,RWAMPARA CH SALAMA,RWAMPARA CS HOHO,RWAMPARA TOTAL,HGR MONGBWALU,HGR NYANKUNDE,TOTAL GENERAL
Sorties Décédés,2,0,0,1,0,3,2,0,0,0,2,1,0,6",Institut National de Santé Publique,CC BY 4.0,data/csv/006_v2_table_07_tableau_vi_mouvement_des_malades_dans_le.csv
insp,006,2026-05-20,2026-05-20,deaths_in_facility,facility,Democratic Republic of the Congo,RWAMPARA CME,RWAMPARA CME,0,patients,24h,FALSE,TRUE,high,"Indicateurs,BUNIA HGR,BUNIA SOFEPADI,BUNIA Clibnique Bénedicte,BUNIA RWAOLE,BUNIA CH ELIKYA,BUNIA TOTAL,RWAMPARA HGR,RWAMPARA CME,RWAMPARA CH SALAMA,RWAMPARA CS HOHO,RWAMPARA TOTAL,HGR MONGBWALU,HGR NYANKUNDE,TOTAL GENERAL
Sorties Décédés,2,0,0,1,0,3,2,0,0,0,2,1,0,6",Institut National de Santé Publique,CC BY 4.0,data/csv/006_table_07_tableau_vi_mouvement_des_malades_dans_le.csv
insp,006_v2,2026-05-20,2026-05-20,deaths_in_facility,facility,Democratic Republic of the Congo,RWAMPARA CME,RWAMPARA CME,0,patients,24h,FALSE,TRUE,high,"Indicateurs,BUNIA HGR,BUNIA SOFEPADI,BUNIA Clibnique Bénedicte,BUNIA RWAOLE,BUNIA CH ELIKYA,BUNIA TOTAL,RWAMPARA HGR,RWAMPARA CME,RWAMPARA CH SALAMA,RWAMPARA CS HOHO,RWAMPARA TOTAL,HGR MONGBWALU,HGR NYANKUNDE,TOTAL GENERAL
Sorties Décédés,2,0,0,1,0,3,2,0,0,0,2,1,0,6",Institut National de Santé Publique,CC BY 4.0,data/csv/006_v2_table_07_tableau_vi_mouvement_des_malades_dans_le.csv
insp,006,2026-05-20,2026-05-20,deaths_in_facility,facility,Democratic Republic of the Congo,RWAMPARA CS HOHO,RWAMPARA CS HOHO,0,patients,24h,FALSE,TRUE,high,"Indicateurs,BUNIA HGR,BUNIA SOFEPADI,BUNIA Clibnique Bénedicte,BUNIA RWAOLE,BUNIA CH ELIKYA,BUNIA TOTAL,RWAMPARA HGR,RWAMPARA CME,RWAMPARA CH SALAMA,RWAMPARA CS HOHO,RWAMPARA TOTAL,HGR MONGBWALU,HGR NYANKUNDE,TOTAL GENERAL
Sorties Décédés,2,0,0,1,0,3,2,0,0,0,2,1,0,6",Institut National de Santé Publique,CC BY 4.0,data/csv/006_table_07_tableau_vi_mouvement_des_malades_dans_le.csv
insp,006_v2,2026-05-20,2026-05-20,deaths_in_facility,facility,Democratic Republic of the Congo,RWAMPARA CS HOHO,RWAMPARA CS HOHO,0,patients,24h,FALSE,TRUE,high,"Indicateurs,BUNIA HGR,BUNIA SOFEPADI,BUNIA Clibnique Bénedicte,BUNIA RWAOLE,BUNIA CH ELIKYA,BUNIA TOTAL,RWAMPARA HGR,RWAMPARA CME,RWAMPARA CH SALAMA,RWAMPARA CS HOHO,RWAMPARA TOTAL,HGR MONGBWALU,HGR NYANKUNDE,TOTAL GENERAL
Sorties Décédés,2,0,0,1,0,3,2,0,0,0,2,1,0,6",Institut National de Santé Publique,CC BY 4.0,data/csv/006_v2_table_07_tableau_vi_mouvement_des_malades_dans_le.csv
insp,006,2026-05-20,2026-05-20,deaths_in_facility,facility,Democratic Republic of the Congo,RWAMPARA HGR,RWAMPARA HGR,2,patients,24h,FALSE,TRUE,high,"Indicateurs,BUNIA HGR,BUNIA SOFEPADI,BUNIA Clibnique Bénedicte,BUNIA RWAOLE,BUNIA CH ELIKYA,BUNIA TOTAL,RWAMPARA HGR,RWAMPARA CME,RWAMPARA CH SALAMA,RWAMPARA CS HOHO,RWAMPARA TOTAL,HGR MONGBWALU,HGR NYANKUNDE,TOTAL GENERAL
Sorties Décédés,2,0,0,1,0,3,2,0,0,0,2,1,0,6",Institut National de Santé Publique,CC BY 4.0,data/csv/006_table_07_tableau_vi_mouvement_des_malades_dans_le.csv
insp,006_v2,2026-05-20,2026-05-20,deaths_in_facility,facility,Democratic Republic of the Congo,RWAMPARA HGR,RWAMPARA HGR,2,patients,24h,FALSE,TRUE,high,"Indicateurs,BUNIA HGR,BUNIA SOFEPADI,BUNIA Clibnique Bénedicte,BUNIA RWAOLE,BUNIA CH ELIKYA,BUNIA TOTAL,RWAMPARA HGR,RWAMPARA CME,RWAMPARA CH SALAMA,RWAMPARA CS HOHO,RWAMPARA TOTAL,HGR MONGBWALU,HGR NYANKUNDE,TOTAL GENERAL
Sorties Décédés,2,0,0,1,0,3,2,0,0,0,2,1,0,6",Institut National de Santé Publique,CC BY 4.0,data/csv/006_v2_table_07_tableau_vi_mouvement_des_malades_dans_le.csv
insp,006,2026-05-20,2026-05-20,deaths_in_facility,national,Democratic Republic of the Congo,"",TOTAL GENERAL,6,patients,24h,FALSE,TRUE,high,"Indicateurs,BUNIA HGR,BUNIA SOFEPADI,BUNIA Clibnique Bénedicte,BUNIA RWAOLE,BUNIA CH ELIKYA,BUNIA TOTAL,RWAMPARA HGR,RWAMPARA CME,RWAMPARA CH SALAMA,RWAMPARA CS HOHO,RWAMPARA TOTAL,HGR MONGBWALU,HGR NYANKUNDE,TOTAL GENERAL
Sorties Décédés,2,0,0,1,0,3,2,0,0,0,2,1,0,6",Institut National de Santé Publique,CC BY 4.0,data/csv/006_table_07_tableau_vi_mouvement_des_malades_dans_le.csv
insp,006_v2,2026-05-20,2026-05-20,deaths_in_facility,national,Democratic Republic of the Congo,"",TOTAL GENERAL,6,patients,24h,FALSE,TRUE,high,"Indicateurs,BUNIA HGR,BUNIA SOFEPADI,BUNIA Clibnique Bénedicte,BUNIA RWAOLE,BUNIA CH ELIKYA,BUNIA TOTAL,RWAMPARA HGR,RWAMPARA CME,RWAMPARA CH SALAMA,RWAMPARA CS HOHO,RWAMPARA TOTAL,HGR MONGBWALU,HGR NYANKUNDE,TOTAL GENERAL
Sorties Décédés,2,0,0,1,0,3,2,0,0,0,2,1,0,6",Institut National de Santé Publique,CC BY 4.0,data/csv/006_v2_table_07_tableau_vi_mouvement_des_malades_dans_le.csv
insp,006,2026-05-20,2026-05-20,discharges_recovered,facility,Democratic Republic of the Congo,BUNIA CH ELIKYA,BUNIA CH ELIKYA,0,patients,24h,FALSE,TRUE,high,"Indicateurs,BUNIA HGR,BUNIA SOFEPADI,BUNIA Clibnique Bénedicte,BUNIA RWAOLE,BUNIA CH ELIKYA,BUNIA TOTAL,RWAMPARA HGR,RWAMPARA CME,RWAMPARA CH SALAMA,RWAMPARA CS HOHO,RWAMPARA TOTAL,HGR MONGBWALU,HGR NYANKUNDE,TOTAL GENERAL
Sorties Guéris,0,0,0,0,0,0,0,0,0,0,0,0,0,0",Institut National de Santé Publique,CC BY 4.0,data/csv/006_table_07_tableau_vi_mouvement_des_malades_dans_le.csv
insp,006_v2,2026-05-20,2026-05-20,discharges_recovered,facility,Democratic Republic of the Congo,BUNIA CH ELIKYA,BUNIA CH ELIKYA,0,patients,24h,FALSE,TRUE,high,"Indicateurs,BUNIA HGR,BUNIA SOFEPADI,BUNIA Clibnique Bénedicte,BUNIA RWAOLE,BUNIA CH ELIKYA,BUNIA TOTAL,RWAMPARA HGR,RWAMPARA CME,RWAMPARA CH SALAMA,RWAMPARA CS HOHO,RWAMPARA TOTAL,HGR MONGBWALU,HGR NYANKUNDE,TOTAL GENERAL
Sorties Guéris,0,0,0,0,0,0,0,0,0,0,0,0,0,0",Institut National de Santé Publique,CC BY 4.0,data/csv/006_v2_table_07_tableau_vi_mouvement_des_malades_dans_le.csv
insp,006,2026-05-20,2026-05-20,discharges_recovered,facility,Democratic Republic of the Congo,BUNIA Clibnique Bénedicte,BUNIA Clibnique Bénedicte,0,patients,24h,FALSE,TRUE,high,"Indicateurs,BUNIA HGR,BUNIA SOFEPADI,BUNIA Clibnique Bénedicte,BUNIA RWAOLE,BUNIA CH ELIKYA,BUNIA TOTAL,RWAMPARA HGR,RWAMPARA CME,RWAMPARA CH SALAMA,RWAMPARA CS HOHO,RWAMPARA TOTAL,HGR MONGBWALU,HGR NYANKUNDE,TOTAL GENERAL
Sorties Guéris,0,0,0,0,0,0,0,0,0,0,0,0,0,0",Institut National de Santé Publique,CC BY 4.0,data/csv/006_table_07_tableau_vi_mouvement_des_malades_dans_le.csv
insp,006_v2,2026-05-20,2026-05-20,discharges_recovered,facility,Democratic Republic of the Congo,BUNIA Clibnique Bénedicte,BUNIA Clibnique Bénedicte,0,patients,24h,FALSE,TRUE,high,"Indicateurs,BUNIA HGR,BUNIA SOFEPADI,BUNIA Clibnique Bénedicte,BUNIA RWAOLE,BUNIA CH ELIKYA,BUNIA TOTAL,RWAMPARA HGR,RWAMPARA CME,RWAMPARA CH SALAMA,RWAMPARA CS HOHO,RWAMPARA TOTAL,HGR MONGBWALU,HGR NYANKUNDE,TOTAL GENERAL
Sorties Guéris,0,0,0,0,0,0,0,0,0,0,0,0,0,0",Institut National de Santé Publique,CC BY 4.0,data/csv/006_v2_table_07_tableau_vi_mouvement_des_malades_dans_le.csv
insp,006,2026-05-20,2026-05-20,discharges_recovered,facility,Democratic Republic of the Congo,BUNIA HGR,BUNIA HGR,0,patients,24h,FALSE,TRUE,high,"Indicateurs,BUNIA HGR,BUNIA SOFEPADI,BUNIA Clibnique Bénedicte,BUNIA RWAOLE,BUNIA CH ELIKYA,BUNIA TOTAL,RWAMPARA HGR,RWAMPARA CME,RWAMPARA CH SALAMA,RWAMPARA CS HOHO,RWAMPARA TOTAL,HGR MONGBWALU,HGR NYANKUNDE,TOTAL GENERAL
Sorties Guéris,0,0,0,0,0,0,0,0,0,0,0,0,0,0",Institut National de Santé Publique,CC BY 4.0,data/csv/006_table_07_tableau_vi_mouvement_des_malades_dans_le.csv
insp,006_v2,2026-05-20,2026-05-20,discharges_recovered,facility,Democratic Republic of the Congo,BUNIA HGR,BUNIA HGR,0,patients,24h,FALSE,TRUE,high,"Indicateurs,BUNIA HGR,BUNIA SOFEPADI,BUNIA Clibnique Bénedicte,BUNIA RWAOLE,BUNIA CH ELIKYA,BUNIA TOTAL,RWAMPARA HGR,RWAMPARA CME,RWAMPARA CH SALAMA,RWAMPARA CS HOHO,RWAMPARA TOTAL,HGR MONGBWALU,HGR NYANKUNDE,TOTAL GENERAL
Sorties Guéris,0,0,0,0,0,0,0,0,0,0,0,0,0,0",Institut National de Santé Publique,CC BY 4.0,data/csv/006_v2_table_07_tableau_vi_mouvement_des_malades_dans_le.csv
insp,006,2026-05-20,2026-05-20,discharges_recovered,facility,Democratic Republic of the Congo,BUNIA RWAOLE,BUNIA RWAOLE,0,patients,24h,FALSE,TRUE,high,"Indicateurs,BUNIA HGR,BUNIA SOFEPADI,BUNIA Clibnique Bénedicte,BUNIA RWAOLE,BUNIA CH ELIKYA,BUNIA TOTAL,RWAMPARA HGR,RWAMPARA CME,RWAMPARA CH SALAMA,RWAMPARA CS HOHO,RWAMPARA TOTAL,HGR MONGBWALU,HGR NYANKUNDE,TOTAL GENERAL
Sorties Guéris,0,0,0,0,0,0,0,0,0,0,0,0,0,0",Institut National de Santé Publique,CC BY 4.0,data/csv/006_table_07_tableau_vi_mouvement_des_malades_dans_le.csv
insp,006_v2,2026-05-20,2026-05-20,discharges_recovered,facility,Democratic Republic of the Congo,BUNIA RWAOLE,BUNIA RWAOLE,0,patients,24h,FALSE,TRUE,high,"Indicateurs,BUNIA HGR,BUNIA SOFEPADI,BUNIA Clibnique Bénedicte,BUNIA RWAOLE,BUNIA CH ELIKYA,BUNIA TOTAL,RWAMPARA HGR,RWAMPARA CME,RWAMPARA CH SALAMA,RWAMPARA CS HOHO,RWAMPARA TOTAL,HGR MONGBWALU,HGR NYANKUNDE,TOTAL GENERAL
Sorties Guéris,0,0,0,0,0,0,0,0,0,0,0,0,0,0",Institut National de Santé Publique,CC BY 4.0,data/csv/006_v2_table_07_tableau_vi_mouvement_des_malades_dans_le.csv
insp,006,2026-05-20,2026-05-20,discharges_recovered,facility,Democratic Republic of the Congo,BUNIA SOFEPADI,BUNIA SOFEPADI,0,patients,24h,FALSE,TRUE,high,"Indicateurs,BUNIA HGR,BUNIA SOFEPADI,BUNIA Clibnique Bénedicte,BUNIA RWAOLE,BUNIA CH ELIKYA,BUNIA TOTAL,RWAMPARA HGR,RWAMPARA CME,RWAMPARA CH SALAMA,RWAMPARA CS HOHO,RWAMPARA TOTAL,HGR MONGBWALU,HGR NYANKUNDE,TOTAL GENERAL
Sorties Guéris,0,0,0,0,0,0,0,0,0,0,0,0,0,0",Institut National de Santé Publique,CC BY 4.0,data/csv/006_table_07_tableau_vi_mouvement_des_malades_dans_le.csv
insp,006_v2,2026-05-20,2026-05-20,discharges_recovered,facility,Democratic Republic of the Congo,BUNIA SOFEPADI,BUNIA SOFEPADI,0,patients,24h,FALSE,TRUE,high,"Indicateurs,BUNIA HGR,BUNIA SOFEPADI,BUNIA Clibnique Bénedicte,BUNIA RWAOLE,BUNIA CH ELIKYA,BUNIA TOTAL,RWAMPARA HGR,RWAMPARA CME,RWAMPARA CH SALAMA,RWAMPARA CS HOHO,RWAMPARA TOTAL,HGR MONGBWALU,HGR NYANKUNDE,TOTAL GENERAL
Sorties Guéris,0,0,0,0,0,0,0,0,0,0,0,0,0,0",Institut National de Santé Publique,CC BY 4.0,data/csv/006_v2_table_07_tableau_vi_mouvement_des_malades_dans_le.csv
insp,006,2026-05-20,2026-05-20,discharges_recovered,facility,Democratic Republic of the Congo,HGR MONGBWALU,HGR MONGBWALU,0,patients,24h,FALSE,TRUE,high,"Indicateurs,BUNIA HGR,BUNIA SOFEPADI,BUNIA Clibnique Bénedicte,BUNIA RWAOLE,BUNIA CH ELIKYA,BUNIA TOTAL,RWAMPARA HGR,RWAMPARA CME,RWAMPARA CH SALAMA,RWAMPARA CS HOHO,RWAMPARA TOTAL,HGR MONGBWALU,HGR NYANKUNDE,TOTAL GENERAL
Sorties Guéris,0,0,0,0,0,0,0,0,0,0,0,0,0,0",Institut National de Santé Publique,CC BY 4.0,data/csv/006_table_07_tableau_vi_mouvement_des_malades_dans_le.csv
insp,006_v2,2026-05-20,2026-05-20,discharges_recovered,facility,Democratic Republic of the Congo,HGR MONGBWALU,HGR MONGBWALU,0,patients,24h,FALSE,TRUE,high,"Indicateurs,BUNIA HGR,BUNIA SOFEPADI,BUNIA Clibnique Bénedicte,BUNIA RWAOLE,BUNIA CH ELIKYA,BUNIA TOTAL,RWAMPARA HGR,RWAMPARA CME,RWAMPARA CH SALAMA,RWAMPARA CS HOHO,RWAMPARA TOTAL,HGR MONGBWALU,HGR NYANKUNDE,TOTAL GENERAL
Sorties Guéris,0,0,0,0,0,0,0,0,0,0,0,0,0,0",Institut National de Santé Publique,CC BY 4.0,data/csv/006_v2_table_07_tableau_vi_mouvement_des_malades_dans_le.csv
insp,006,2026-05-20,2026-05-20,discharges_recovered,facility,Democratic Republic of the Congo,HGR NYANKUNDE,HGR NYANKUNDE,0,patients,24h,FALSE,TRUE,high,"Indicateurs,BUNIA HGR,BUNIA SOFEPADI,BUNIA Clibnique Bénedicte,BUNIA RWAOLE,BUNIA CH ELIKYA,BUNIA TOTAL,RWAMPARA HGR,RWAMPARA CME,RWAMPARA CH SALAMA,RWAMPARA CS HOHO,RWAMPARA TOTAL,HGR MONGBWALU,HGR NYANKUNDE,TOTAL GENERAL
Sorties Guéris,0,0,0,0,0,0,0,0,0,0,0,0,0,0",Institut National de Santé Publique,CC BY 4.0,data/csv/006_table_07_tableau_vi_mouvement_des_malades_dans_le.csv
insp,006_v2,2026-05-20,2026-05-20,discharges_recovered,facility,Democratic Republic of the Congo,HGR NYANKUNDE,HGR NYANKUNDE,0,patients,24h,FALSE,TRUE,high,"Indicateurs,BUNIA HGR,BUNIA SOFEPADI,BUNIA Clibnique Bénedicte,BUNIA RWAOLE,BUNIA CH ELIKYA,BUNIA TOTAL,RWAMPARA HGR,RWAMPARA CME,RWAMPARA CH SALAMA,RWAMPARA CS HOHO,RWAMPARA TOTAL,HGR MONGBWALU,HGR NYANKUNDE,TOTAL GENERAL
Sorties Guéris,0,0,0,0,0,0,0,0,0,0,0,0,0,0",Institut National de Santé Publique,CC BY 4.0,data/csv/006_v2_table_07_tableau_vi_mouvement_des_malades_dans_le.csv
insp,006,2026-05-20,2026-05-20,discharges_recovered,facility,Democratic Republic of the Congo,RWAMPARA CH SALAMA,RWAMPARA CH SALAMA,0,patients,24h,FALSE,TRUE,high,"Indicateurs,BUNIA HGR,BUNIA SOFEPADI,BUNIA Clibnique Bénedicte,BUNIA RWAOLE,BUNIA CH ELIKYA,BUNIA TOTAL,RWAMPARA HGR,RWAMPARA CME,RWAMPARA CH SALAMA,RWAMPARA CS HOHO,RWAMPARA TOTAL,HGR MONGBWALU,HGR NYANKUNDE,TOTAL GENERAL
Sorties Guéris,0,0,0,0,0,0,0,0,0,0,0,0,0,0",Institut National de Santé Publique,CC BY 4.0,data/csv/006_table_07_tableau_vi_mouvement_des_malades_dans_le.csv
insp,006_v2,2026-05-20,2026-05-20,discharges_recovered,facility,Democratic Republic of the Congo,RWAMPARA CH SALAMA,RWAMPARA CH SALAMA,0,patients,24h,FALSE,TRUE,high,"Indicateurs,BUNIA HGR,BUNIA SOFEPADI,BUNIA Clibnique Bénedicte,BUNIA RWAOLE,BUNIA CH ELIKYA,BUNIA TOTAL,RWAMPARA HGR,RWAMPARA CME,RWAMPARA CH SALAMA,RWAMPARA CS HOHO,RWAMPARA TOTAL,HGR MONGBWALU,HGR NYANKUNDE,TOTAL GENERAL
Sorties Guéris,0,0,0,0,0,0,0,0,0,0,0,0,0,0",Institut National de Santé Publique,CC BY 4.0,data/csv/006_v2_table_07_tableau_vi_mouvement_des_malades_dans_le.csv
insp,006,2026-05-20,2026-05-20,discharges_recovered,facility,Democratic Republic of the Congo,RWAMPARA CME,RWAMPARA CME,0,patients,24h,FALSE,TRUE,high,"Indicateurs,BUNIA HGR,BUNIA SOFEPADI,BUNIA Clibnique Bénedicte,BUNIA RWAOLE,BUNIA CH ELIKYA,BUNIA TOTAL,RWAMPARA HGR,RWAMPARA CME,RWAMPARA CH SALAMA,RWAMPARA CS HOHO,RWAMPARA TOTAL,HGR MONGBWALU,HGR NYANKUNDE,TOTAL GENERAL
Sorties Guéris,0,0,0,0,0,0,0,0,0,0,0,0,0,0",Institut National de Santé Publique,CC BY 4.0,data/csv/006_table_07_tableau_vi_mouvement_des_malades_dans_le.csv
insp,006_v2,2026-05-20,2026-05-20,discharges_recovered,facility,Democratic Republic of the Congo,RWAMPARA CME,RWAMPARA CME,0,patients,24h,FALSE,TRUE,high,"Indicateurs,BUNIA HGR,BUNIA SOFEPADI,BUNIA Clibnique Bénedicte,BUNIA RWAOLE,BUNIA CH ELIKYA,BUNIA TOTAL,RWAMPARA HGR,RWAMPARA CME,RWAMPARA CH SALAMA,RWAMPARA CS HOHO,RWAMPARA TOTAL,HGR MONGBWALU,HGR NYANKUNDE,TOTAL GENERAL
Sorties Guéris,0,0,0,0,0,0,0,0,0,0,0,0,0,0",Institut National de Santé Publique,CC BY 4.0,data/csv/006_v2_table_07_tableau_vi_mouvement_des_malades_dans_le.csv
insp,006,2026-05-20,2026-05-20,discharges_recovered,facility,Democratic Republic of the Congo,RWAMPARA CS HOHO,RWAMPARA CS HOHO,0,patients,24h,FALSE,TRUE,high,"Indicateurs,BUNIA HGR,BUNIA SOFEPADI,BUNIA Clibnique Bénedicte,BUNIA RWAOLE,BUNIA CH ELIKYA,BUNIA TOTAL,RWAMPARA HGR,RWAMPARA CME,RWAMPARA CH SALAMA,RWAMPARA CS HOHO,RWAMPARA TOTAL,HGR MONGBWALU,HGR NYANKUNDE,TOTAL GENERAL
Sorties Guéris,0,0,0,0,0,0,0,0,0,0,0,0,0,0",Institut National de Santé Publique,CC BY 4.0,data/csv/006_table_07_tableau_vi_mouvement_des_malades_dans_le.csv
insp,006_v2,2026-05-20,2026-05-20,discharges_recovered,facility,Democratic Republic of the Congo,RWAMPARA CS HOHO,RWAMPARA CS HOHO,0,patients,24h,FALSE,TRUE,high,"Indicateurs,BUNIA HGR,BUNIA SOFEPADI,BUNIA Clibnique Bénedicte,BUNIA RWAOLE,BUNIA CH ELIKYA,BUNIA TOTAL,RWAMPARA HGR,RWAMPARA CME,RWAMPARA CH SALAMA,RWAMPARA CS HOHO,RWAMPARA TOTAL,HGR MONGBWALU,HGR NYANKUNDE,TOTAL GENERAL
Sorties Guéris,0,0,0,0,0,0,0,0,0,0,0,0,0,0",Institut National de Santé Publique,CC BY 4.0,data/csv/006_v2_table_07_tableau_vi_mouvement_des_malades_dans_le.csv
insp,006,2026-05-20,2026-05-20,discharges_recovered,facility,Democratic Republic of the Congo,RWAMPARA HGR,RWAMPARA HGR,0,patients,24h,FALSE,TRUE,high,"Indicateurs,BUNIA HGR,BUNIA SOFEPADI,BUNIA Clibnique Bénedicte,BUNIA RWAOLE,BUNIA CH ELIKYA,BUNIA TOTAL,RWAMPARA HGR,RWAMPARA CME,RWAMPARA CH SALAMA,RWAMPARA CS HOHO,RWAMPARA TOTAL,HGR MONGBWALU,HGR NYANKUNDE,TOTAL GENERAL
Sorties Guéris,0,0,0,0,0,0,0,0,0,0,0,0,0,0",Institut National de Santé Publique,CC BY 4.0,data/csv/006_table_07_tableau_vi_mouvement_des_malades_dans_le.csv
insp,006_v2,2026-05-20,2026-05-20,discharges_recovered,facility,Democratic Republic of the Congo,RWAMPARA HGR,RWAMPARA HGR,0,patients,24h,FALSE,TRUE,high,"Indicateurs,BUNIA HGR,BUNIA SOFEPADI,BUNIA Clibnique Bénedicte,BUNIA RWAOLE,BUNIA CH ELIKYA,BUNIA TOTAL,RWAMPARA HGR,RWAMPARA CME,RWAMPARA CH SALAMA,RWAMPARA CS HOHO,RWAMPARA TOTAL,HGR MONGBWALU,HGR NYANKUNDE,TOTAL GENERAL
Sorties Guéris,0,0,0,0,0,0,0,0,0,0,0,0,0,0",Institut National de Santé Publique,CC BY 4.0,data/csv/006_v2_table_07_tableau_vi_mouvement_des_malades_dans_le.csv
insp,006,2026-05-20,2026-05-20,discharges_recovered,national,Democratic Republic of the Congo,"",TOTAL GENERAL,0,patients,24h,FALSE,TRUE,high,"Indicateurs,BUNIA HGR,BUNIA SOFEPADI,BUNIA Clibnique Bénedicte,BUNIA RWAOLE,BUNIA CH ELIKYA,BUNIA TOTAL,RWAMPARA HGR,RWAMPARA CME,RWAMPARA CH SALAMA,RWAMPARA CS HOHO,RWAMPARA TOTAL,HGR MONGBWALU,HGR NYANKUNDE,TOTAL GENERAL
Sorties Guéris,0,0,0,0,0,0,0,0,0,0,0,0,0,0",Institut National de Santé Publique,CC BY 4.0,data/csv/006_table_07_tableau_vi_mouvement_des_malades_dans_le.csv
insp,006_v2,2026-05-20,2026-05-20,discharges_recovered,national,Democratic Republic of the Congo,"",TOTAL GENERAL,0,patients,24h,FALSE,TRUE,high,"Indicateurs,BUNIA HGR,BUNIA SOFEPADI,BUNIA Clibnique Bénedicte,BUNIA RWAOLE,BUNIA CH ELIKYA,BUNIA TOTAL,RWAMPARA HGR,RWAMPARA CME,RWAMPARA CH SALAMA,RWAMPARA CS HOHO,RWAMPARA TOTAL,HGR MONGBWALU,HGR NYANKUNDE,TOTAL GENERAL
Sorties Guéris,0,0,0,0,0,0,0,0,0,0,0,0,0,0",Institut National de Santé Publique,CC BY 4.0,data/csv/006_v2_table_07_tableau_vi_mouvement_des_malades_dans_le.csv
insp,006,2026-05-20,2026-05-20,escapes,facility,Democratic Republic of the Congo,BUNIA CH ELIKYA,BUNIA CH ELIKYA,0,patients,24h,FALSE,TRUE,high,"Indicateurs,BUNIA HGR,BUNIA SOFEPADI,BUNIA Clibnique Bénedicte,BUNIA RWAOLE,BUNIA CH ELIKYA,BUNIA TOTAL,RWAMPARA HGR,RWAMPARA CME,RWAMPARA CH SALAMA,RWAMPARA CS HOHO,RWAMPARA TOTAL,HGR MONGBWALU,HGR NYANKUNDE,TOTAL GENERAL
Sorties Evadés,1,0,0,0,0,1,0,1,0,0,1,2,0,4",Institut National de Santé Publique,CC BY 4.0,data/csv/006_table_07_tableau_vi_mouvement_des_malades_dans_le.csv
insp,006_v2,2026-05-20,2026-05-20,escapes,facility,Democratic Republic of the Congo,BUNIA CH ELIKYA,BUNIA CH ELIKYA,0,patients,24h,FALSE,TRUE,high,"Indicateurs,BUNIA HGR,BUNIA SOFEPADI,BUNIA Clibnique Bénedicte,BUNIA RWAOLE,BUNIA CH ELIKYA,BUNIA TOTAL,RWAMPARA HGR,RWAMPARA CME,RWAMPARA CH SALAMA,RWAMPARA CS HOHO,RWAMPARA TOTAL,HGR MONGBWALU,HGR NYANKUNDE,TOTAL GENERAL
Sorties Evadés,1,0,0,0,0,1,0,1,0,0,1,2,0,4",Institut National de Santé Publique,CC BY 4.0,data/csv/006_v2_table_07_tableau_vi_mouvement_des_malades_dans_le.csv
insp,006,2026-05-20,2026-05-20,escapes,facility,Democratic Republic of the Congo,BUNIA Clibnique Bénedicte,BUNIA Clibnique Bénedicte,0,patients,24h,FALSE,TRUE,high,"Indicateurs,BUNIA HGR,BUNIA SOFEPADI,BUNIA Clibnique Bénedicte,BUNIA RWAOLE,BUNIA CH ELIKYA,BUNIA TOTAL,RWAMPARA HGR,RWAMPARA CME,RWAMPARA CH SALAMA,RWAMPARA CS HOHO,RWAMPARA TOTAL,HGR MONGBWALU,HGR NYANKUNDE,TOTAL GENERAL
Sorties Evadés,1,0,0,0,0,1,0,1,0,0,1,2,0,4",Institut National de Santé Publique,CC BY 4.0,data/csv/006_table_07_tableau_vi_mouvement_des_malades_dans_le.csv
insp,006_v2,2026-05-20,2026-05-20,escapes,facility,Democratic Republic of the Congo,BUNIA Clibnique Bénedicte,BUNIA Clibnique Bénedicte,0,patients,24h,FALSE,TRUE,high,"Indicateurs,BUNIA HGR,BUNIA SOFEPADI,BUNIA Clibnique Bénedicte,BUNIA RWAOLE,BUNIA CH ELIKYA,BUNIA TOTAL,RWAMPARA HGR,RWAMPARA CME,RWAMPARA CH SALAMA,RWAMPARA CS HOHO,RWAMPARA TOTAL,HGR MONGBWALU,HGR NYANKUNDE,TOTAL GENERAL
Sorties Evadés,1,0,0,0,0,1,0,1,0,0,1,2,0,4",Institut National de Santé Publique,CC BY 4.0,data/csv/006_v2_table_07_tableau_vi_mouvement_des_malades_dans_le.csv
insp,006,2026-05-20,2026-05-20,escapes,facility,Democratic Republic of the Congo,BUNIA HGR,BUNIA HGR,1,patients,24h,FALSE,TRUE,high,"Indicateurs,BUNIA HGR,BUNIA SOFEPADI,BUNIA Clibnique Bénedicte,BUNIA RWAOLE,BUNIA CH ELIKYA,BUNIA TOTAL,RWAMPARA HGR,RWAMPARA CME,RWAMPARA CH SALAMA,RWAMPARA CS HOHO,RWAMPARA TOTAL,HGR MONGBWALU,HGR NYANKUNDE,TOTAL GENERAL
Sorties Evadés,1,0,0,0,0,1,0,1,0,0,1,2,0,4",Institut National de Santé Publique,CC BY 4.0,data/csv/006_table_07_tableau_vi_mouvement_des_malades_dans_le.csv
insp,006_v2,2026-05-20,2026-05-20,escapes,facility,Democratic Republic of the Congo,BUNIA HGR,BUNIA HGR,1,patients,24h,FALSE,TRUE,high,"Indicateurs,BUNIA HGR,BUNIA SOFEPADI,BUNIA Clibnique Bénedicte,BUNIA RWAOLE,BUNIA CH ELIKYA,BUNIA TOTAL,RWAMPARA HGR,RWAMPARA CME,RWAMPARA CH SALAMA,RWAMPARA CS HOHO,RWAMPARA TOTAL,HGR MONGBWALU,HGR NYANKUNDE,TOTAL GENERAL
Sorties Evadés,1,0,0,0,0,1,0,1,0,0,1,2,0,4",Institut National de Santé Publique,CC BY 4.0,data/csv/006_v2_table_07_tableau_vi_mouvement_des_malades_dans_le.csv
insp,006,2026-05-20,2026-05-20,escapes,facility,Democratic Republic of the Congo,BUNIA RWAOLE,BUNIA RWAOLE,0,patients,24h,FALSE,TRUE,high,"Indicateurs,BUNIA HGR,BUNIA SOFEPADI,BUNIA Clibnique Bénedicte,BUNIA RWAOLE,BUNIA CH ELIKYA,BUNIA TOTAL,RWAMPARA HGR,RWAMPARA CME,RWAMPARA CH SALAMA,RWAMPARA CS HOHO,RWAMPARA TOTAL,HGR MONGBWALU,HGR NYANKUNDE,TOTAL GENERAL
Sorties Evadés,1,0,0,0,0,1,0,1,0,0,1,2,0,4",Institut National de Santé Publique,CC BY 4.0,data/csv/006_table_07_tableau_vi_mouvement_des_malades_dans_le.csv
insp,006_v2,2026-05-20,2026-05-20,escapes,facility,Democratic Republic of the Congo,BUNIA RWAOLE,BUNIA RWAOLE,0,patients,24h,FALSE,TRUE,high,"Indicateurs,BUNIA HGR,BUNIA SOFEPADI,BUNIA Clibnique Bénedicte,BUNIA RWAOLE,BUNIA CH ELIKYA,BUNIA TOTAL,RWAMPARA HGR,RWAMPARA CME,RWAMPARA CH SALAMA,RWAMPARA CS HOHO,RWAMPARA TOTAL,HGR MONGBWALU,HGR NYANKUNDE,TOTAL GENERAL
Sorties Evadés,1,0,0,0,0,1,0,1,0,0,1,2,0,4",Institut National de Santé Publique,CC BY 4.0,data/csv/006_v2_table_07_tableau_vi_mouvement_des_malades_dans_le.csv
insp,006,2026-05-20,2026-05-20,escapes,facility,Democratic Republic of the Congo,BUNIA SOFEPADI,BUNIA SOFEPADI,0,patients,24h,FALSE,TRUE,high,"Indicateurs,BUNIA HGR,BUNIA SOFEPADI,BUNIA Clibnique Bénedicte,BUNIA RWAOLE,BUNIA CH ELIKYA,BUNIA TOTAL,RWAMPARA HGR,RWAMPARA CME,RWAMPARA CH SALAMA,RWAMPARA CS HOHO,RWAMPARA TOTAL,HGR MONGBWALU,HGR NYANKUNDE,TOTAL GENERAL
Sorties Evadés,1,0,0,0,0,1,0,1,0,0,1,2,0,4",Institut National de Santé Publique,CC BY 4.0,data/csv/006_table_07_tableau_vi_mouvement_des_malades_dans_le.csv
insp,006_v2,2026-05-20,2026-05-20,escapes,facility,Democratic Republic of the Congo,BUNIA SOFEPADI,BUNIA SOFEPADI,0,patients,24h,FALSE,TRUE,high,"Indicateurs,BUNIA HGR,BUNIA SOFEPADI,BUNIA Clibnique Bénedicte,BUNIA RWAOLE,BUNIA CH ELIKYA,BUNIA TOTAL,RWAMPARA HGR,RWAMPARA CME,RWAMPARA CH SALAMA,RWAMPARA CS HOHO,RWAMPARA TOTAL,HGR MONGBWALU,HGR NYANKUNDE,TOTAL GENERAL
Sorties Evadés,1,0,0,0,0,1,0,1,0,0,1,2,0,4",Institut National de Santé Publique,CC BY 4.0,data/csv/006_v2_table_07_tableau_vi_mouvement_des_malades_dans_le.csv
insp,006,2026-05-20,2026-05-20,escapes,facility,Democratic Republic of the Congo,HGR MONGBWALU,HGR MONGBWALU,2,patients,24h,FALSE,TRUE,high,"Indicateurs,BUNIA HGR,BUNIA SOFEPADI,BUNIA Clibnique Bénedicte,BUNIA RWAOLE,BUNIA CH ELIKYA,BUNIA TOTAL,RWAMPARA HGR,RWAMPARA CME,RWAMPARA CH SALAMA,RWAMPARA CS HOHO,RWAMPARA TOTAL,HGR MONGBWALU,HGR NYANKUNDE,TOTAL GENERAL
Sorties Evadés,1,0,0,0,0,1,0,1,0,0,1,2,0,4",Institut National de Santé Publique,CC BY 4.0,data/csv/006_table_07_tableau_vi_mouvement_des_malades_dans_le.csv
insp,006_v2,2026-05-20,2026-05-20,escapes,facility,Democratic Republic of the Congo,HGR MONGBWALU,HGR MONGBWALU,2,patients,24h,FALSE,TRUE,high,"Indicateurs,BUNIA HGR,BUNIA SOFEPADI,BUNIA Clibnique Bénedicte,BUNIA RWAOLE,BUNIA CH ELIKYA,BUNIA TOTAL,RWAMPARA HGR,RWAMPARA CME,RWAMPARA CH SALAMA,RWAMPARA CS HOHO,RWAMPARA TOTAL,HGR MONGBWALU,HGR NYANKUNDE,TOTAL GENERAL
Sorties Evadés,1,0,0,0,0,1,0,1,0,0,1,2,0,4",Institut National de Santé Publique,CC BY 4.0,data/csv/006_v2_table_07_tableau_vi_mouvement_des_malades_dans_le.csv
insp,006,2026-05-20,2026-05-20,escapes,facility,Democratic Republic of the Congo,HGR NYANKUNDE,HGR NYANKUNDE,0,patients,24h,FALSE,TRUE,high,"Indicateurs,BUNIA HGR,BUNIA SOFEPADI,BUNIA Clibnique Bénedicte,BUNIA RWAOLE,BUNIA CH ELIKYA,BUNIA TOTAL,RWAMPARA HGR,RWAMPARA CME,RWAMPARA CH SALAMA,RWAMPARA CS HOHO,RWAMPARA TOTAL,HGR MONGBWALU,HGR NYANKUNDE,TOTAL GENERAL
Sorties Evadés,1,0,0,0,0,1,0,1,0,0,1,2,0,4",Institut National de Santé Publique,CC BY 4.0,data/csv/006_table_07_tableau_vi_mouvement_des_malades_dans_le.csv
insp,006_v2,2026-05-20,2026-05-20,escapes,facility,Democratic Republic of the Congo,HGR NYANKUNDE,HGR NYANKUNDE,0,patients,24h,FALSE,TRUE,high,"Indicateurs,BUNIA HGR,BUNIA SOFEPADI,BUNIA Clibnique Bénedicte,BUNIA RWAOLE,BUNIA CH ELIKYA,BUNIA TOTAL,RWAMPARA HGR,RWAMPARA CME,RWAMPARA CH SALAMA,RWAMPARA CS HOHO,RWAMPARA TOTAL,HGR MONGBWALU,HGR NYANKUNDE,TOTAL GENERAL
Sorties Evadés,1,0,0,0,0,1,0,1,0,0,1,2,0,4",Institut National de Santé Publique,CC BY 4.0,data/csv/006_v2_table_07_tableau_vi_mouvement_des_malades_dans_le.csv
insp,006,2026-05-20,2026-05-20,escapes,facility,Democratic Republic of the Congo,RWAMPARA CH SALAMA,RWAMPARA CH SALAMA,0,patients,24h,FALSE,TRUE,high,"Indicateurs,BUNIA HGR,BUNIA SOFEPADI,BUNIA Clibnique Bénedicte,BUNIA RWAOLE,BUNIA CH ELIKYA,BUNIA TOTAL,RWAMPARA HGR,RWAMPARA CME,RWAMPARA CH SALAMA,RWAMPARA CS HOHO,RWAMPARA TOTAL,HGR MONGBWALU,HGR NYANKUNDE,TOTAL GENERAL
Sorties Evadés,1,0,0,0,0,1,0,1,0,0,1,2,0,4",Institut National de Santé Publique,CC BY 4.0,data/csv/006_table_07_tableau_vi_mouvement_des_malades_dans_le.csv
insp,006_v2,2026-05-20,2026-05-20,escapes,facility,Democratic Republic of the Congo,RWAMPARA CH SALAMA,RWAMPARA CH SALAMA,0,patients,24h,FALSE,TRUE,high,"Indicateurs,BUNIA HGR,BUNIA SOFEPADI,BUNIA Clibnique Bénedicte,BUNIA RWAOLE,BUNIA CH ELIKYA,BUNIA TOTAL,RWAMPARA HGR,RWAMPARA CME,RWAMPARA CH SALAMA,RWAMPARA CS HOHO,RWAMPARA TOTAL,HGR MONGBWALU,HGR NYANKUNDE,TOTAL GENERAL
Sorties Evadés,1,0,0,0,0,1,0,1,0,0,1,2,0,4",Institut National de Santé Publique,CC BY 4.0,data/csv/006_v2_table_07_tableau_vi_mouvement_des_malades_dans_le.csv
insp,006,2026-05-20,2026-05-20,escapes,facility,Democratic Republic of the Congo,RWAMPARA CME,RWAMPARA CME,1,patients,24h,FALSE,TRUE,high,"Indicateurs,BUNIA HGR,BUNIA SOFEPADI,BUNIA Clibnique Bénedicte,BUNIA RWAOLE,BUNIA CH ELIKYA,BUNIA TOTAL,RWAMPARA HGR,RWAMPARA CME,RWAMPARA CH SALAMA,RWAMPARA CS HOHO,RWAMPARA TOTAL,HGR MONGBWALU,HGR NYANKUNDE,TOTAL GENERAL
Sorties Evadés,1,0,0,0,0,1,0,1,0,0,1,2,0,4",Institut National de Santé Publique,CC BY 4.0,data/csv/006_table_07_tableau_vi_mouvement_des_malades_dans_le.csv
insp,006_v2,2026-05-20,2026-05-20,escapes,facility,Democratic Republic of the Congo,RWAMPARA CME,RWAMPARA CME,1,patients,24h,FALSE,TRUE,high,"Indicateurs,BUNIA HGR,BUNIA SOFEPADI,BUNIA Clibnique Bénedicte,BUNIA RWAOLE,BUNIA CH ELIKYA,BUNIA TOTAL,RWAMPARA HGR,RWAMPARA CME,RWAMPARA CH SALAMA,RWAMPARA CS HOHO,RWAMPARA TOTAL,HGR MONGBWALU,HGR NYANKUNDE,TOTAL GENERAL
Sorties Evadés,1,0,0,0,0,1,0,1,0,0,1,2,0,4",Institut National de Santé Publique,CC BY 4.0,data/csv/006_v2_table_07_tableau_vi_mouvement_des_malades_dans_le.csv
insp,006,2026-05-20,2026-05-20,escapes,facility,Democratic Republic of the Congo,RWAMPARA CS HOHO,RWAMPARA CS HOHO,0,patients,24h,FALSE,TRUE,high,"Indicateurs,BUNIA HGR,BUNIA SOFEPADI,BUNIA Clibnique Bénedicte,BUNIA RWAOLE,BUNIA CH ELIKYA,BUNIA TOTAL,RWAMPARA HGR,RWAMPARA CME,RWAMPARA CH SALAMA,RWAMPARA CS HOHO,RWAMPARA TOTAL,HGR MONGBWALU,HGR NYANKUNDE,TOTAL GENERAL
Sorties Evadés,1,0,0,0,0,1,0,1,0,0,1,2,0,4",Institut National de Santé Publique,CC BY 4.0,data/csv/006_table_07_tableau_vi_mouvement_des_malades_dans_le.csv
insp,006_v2,2026-05-20,2026-05-20,escapes,facility,Democratic Republic of the Congo,RWAMPARA CS HOHO,RWAMPARA CS HOHO,0,patients,24h,FALSE,TRUE,high,"Indicateurs,BUNIA HGR,BUNIA SOFEPADI,BUNIA Clibnique Bénedicte,BUNIA RWAOLE,BUNIA CH ELIKYA,BUNIA TOTAL,RWAMPARA HGR,RWAMPARA CME,RWAMPARA CH SALAMA,RWAMPARA CS HOHO,RWAMPARA TOTAL,HGR MONGBWALU,HGR NYANKUNDE,TOTAL GENERAL
Sorties Evadés,1,0,0,0,0,1,0,1,0,0,1,2,0,4",Institut National de Santé Publique,CC BY 4.0,data/csv/006_v2_table_07_tableau_vi_mouvement_des_malades_dans_le.csv
insp,006,2026-05-20,2026-05-20,escapes,facility,Democratic Republic of the Congo,RWAMPARA HGR,RWAMPARA HGR,0,patients,24h,FALSE,TRUE,high,"Indicateurs,BUNIA HGR,BUNIA SOFEPADI,BUNIA Clibnique Bénedicte,BUNIA RWAOLE,BUNIA CH ELIKYA,BUNIA TOTAL,RWAMPARA HGR,RWAMPARA CME,RWAMPARA CH SALAMA,RWAMPARA CS HOHO,RWAMPARA TOTAL,HGR MONGBWALU,HGR NYANKUNDE,TOTAL GENERAL
Sorties Evadés,1,0,0,0,0,1,0,1,0,0,1,2,0,4",Institut National de Santé Publique,CC BY 4.0,data/csv/006_table_07_tableau_vi_mouvement_des_malades_dans_le.csv
insp,006_v2,2026-05-20,2026-05-20,escapes,facility,Democratic Republic of the Congo,RWAMPARA HGR,RWAMPARA HGR,0,patients,24h,FALSE,TRUE,high,"Indicateurs,BUNIA HGR,BUNIA SOFEPADI,BUNIA Clibnique Bénedicte,BUNIA RWAOLE,BUNIA CH ELIKYA,BUNIA TOTAL,RWAMPARA HGR,RWAMPARA CME,RWAMPARA CH SALAMA,RWAMPARA CS HOHO,RWAMPARA TOTAL,HGR MONGBWALU,HGR NYANKUNDE,TOTAL GENERAL
Sorties Evadés,1,0,0,0,0,1,0,1,0,0,1,2,0,4",Institut National de Santé Publique,CC BY 4.0,data/csv/006_v2_table_07_tableau_vi_mouvement_des_malades_dans_le.csv
insp,006,2026-05-20,2026-05-20,escapes,national,Democratic Republic of the Congo,"",TOTAL GENERAL,4,patients,24h,FALSE,TRUE,high,"Indicateurs,BUNIA HGR,BUNIA SOFEPADI,BUNIA Clibnique Bénedicte,BUNIA RWAOLE,BUNIA CH ELIKYA,BUNIA TOTAL,RWAMPARA HGR,RWAMPARA CME,RWAMPARA CH SALAMA,RWAMPARA CS HOHO,RWAMPARA TOTAL,HGR MONGBWALU,HGR NYANKUNDE,TOTAL GENERAL
Sorties Evadés,1,0,0,0,0,1,0,1,0,0,1,2,0,4",Institut National de Santé Publique,CC BY 4.0,data/csv/006_table_07_tableau_vi_mouvement_des_malades_dans_le.csv
insp,006_v2,2026-05-20,2026-05-20,escapes,national,Democratic Republic of the Congo,"",TOTAL GENERAL,4,patients,24h,FALSE,TRUE,high,"Indicateurs,BUNIA HGR,BUNIA SOFEPADI,BUNIA Clibnique Bénedicte,BUNIA RWAOLE,BUNIA CH ELIKYA,BUNIA TOTAL,RWAMPARA HGR,RWAMPARA CME,RWAMPARA CH SALAMA,RWAMPARA CS HOHO,RWAMPARA TOTAL,HGR MONGBWALU,HGR NYANKUNDE,TOTAL GENERAL
Sorties Evadés,1,0,0,0,0,1,0,1,0,0,1,2,0,4",Institut National de Santé Publique,CC BY 4.0,data/csv/006_v2_table_07_tableau_vi_mouvement_des_malades_dans_le.csv
insp,006,2026-05-20,2026-05-20,patients_in_isolation,facility,Democratic Republic of the Congo,BUNIA CH ELIKYA,BUNIA CH ELIKYA,6,patients,point,FALSE,TRUE,high,"Indicateurs,BUNIA HGR,BUNIA SOFEPADI,BUNIA Clibnique Bénedicte,BUNIA RWAOLE,BUNIA CH ELIKYA,BUNIA TOTAL,RWAMPARA HGR,RWAMPARA CME,RWAMPARA CH SALAMA,RWAMPARA CS HOHO,RWAMPARA TOTAL,HGR MONGBWALU,HGR NYANKUNDE,TOTAL GENERAL
Total en Isolement,19,4,2,9,6,40,24,8,14,8,54,30,16,126",Institut National de Santé Publique,CC BY 4.0,data/csv/006_table_07_tableau_vi_mouvement_des_malades_dans_le.csv
insp,006_v2,2026-05-20,2026-05-20,patients_in_isolation,facility,Democratic Republic of the Congo,BUNIA CH ELIKYA,BUNIA CH ELIKYA,6,patients,point,FALSE,TRUE,high,"Indicateurs,BUNIA HGR,BUNIA SOFEPADI,BUNIA Clibnique Bénedicte,BUNIA RWAOLE,BUNIA CH ELIKYA,BUNIA TOTAL,RWAMPARA HGR,RWAMPARA CME,RWAMPARA CH SALAMA,RWAMPARA CS HOHO,RWAMPARA TOTAL,HGR MONGBWALU,HGR NYANKUNDE,TOTAL GENERAL
Total en Isolement,19,4,2,9,6,40,24,8,14,8,54,30,16,126",Institut National de Santé Publique,CC BY 4.0,data/csv/006_v2_table_07_tableau_vi_mouvement_des_malades_dans_le.csv
insp,006,2026-05-20,2026-05-20,patients_in_isolation,facility,Democratic Republic of the Congo,BUNIA Clibnique Bénedicte,BUNIA Clibnique Bénedicte,2,patients,point,FALSE,TRUE,high,"Indicateurs,BUNIA HGR,BUNIA SOFEPADI,BUNIA Clibnique Bénedicte,BUNIA RWAOLE,BUNIA CH ELIKYA,BUNIA TOTAL,RWAMPARA HGR,RWAMPARA CME,RWAMPARA CH SALAMA,RWAMPARA CS HOHO,RWAMPARA TOTAL,HGR MONGBWALU,HGR NYANKUNDE,TOTAL GENERAL
Total en Isolement,19,4,2,9,6,40,24,8,14,8,54,30,16,126",Institut National de Santé Publique,CC BY 4.0,data/csv/006_table_07_tableau_vi_mouvement_des_malades_dans_le.csv
insp,006_v2,2026-05-20,2026-05-20,patients_in_isolation,facility,Democratic Republic of the Congo,BUNIA Clibnique Bénedicte,BUNIA Clibnique Bénedicte,2,patients,point,FALSE,TRUE,high,"Indicateurs,BUNIA HGR,BUNIA SOFEPADI,BUNIA Clibnique Bénedicte,BUNIA RWAOLE,BUNIA CH ELIKYA,BUNIA TOTAL,RWAMPARA HGR,RWAMPARA CME,RWAMPARA CH SALAMA,RWAMPARA CS HOHO,RWAMPARA TOTAL,HGR MONGBWALU,HGR NYANKUNDE,TOTAL GENERAL
Total en Isolement,19,4,2,9,6,40,24,8,14,8,54,30,16,126",Institut National de Santé Publique,CC BY 4.0,data/csv/006_v2_table_07_tableau_vi_mouvement_des_malades_dans_le.csv
insp,006,2026-05-20,2026-05-20,patients_in_isolation,facility,Democratic Republic of the Congo,BUNIA HGR,BUNIA HGR,19,patients,point,FALSE,TRUE,high,"Indicateurs,BUNIA HGR,BUNIA SOFEPADI,BUNIA Clibnique Bénedicte,BUNIA RWAOLE,BUNIA CH ELIKYA,BUNIA TOTAL,RWAMPARA HGR,RWAMPARA CME,RWAMPARA CH SALAMA,RWAMPARA CS HOHO,RWAMPARA TOTAL,HGR MONGBWALU,HGR NYANKUNDE,TOTAL GENERAL
Total en Isolement,19,4,2,9,6,40,24,8,14,8,54,30,16,126",Institut National de Santé Publique,CC BY 4.0,data/csv/006_table_07_tableau_vi_mouvement_des_malades_dans_le.csv
insp,006_v2,2026-05-20,2026-05-20,patients_in_isolation,facility,Democratic Republic of the Congo,BUNIA HGR,BUNIA HGR,19,patients,point,FALSE,TRUE,high,"Indicateurs,BUNIA HGR,BUNIA SOFEPADI,BUNIA Clibnique Bénedicte,BUNIA RWAOLE,BUNIA CH ELIKYA,BUNIA TOTAL,RWAMPARA HGR,RWAMPARA CME,RWAMPARA CH SALAMA,RWAMPARA CS HOHO,RWAMPARA TOTAL,HGR MONGBWALU,HGR NYANKUNDE,TOTAL GENERAL
Total en Isolement,19,4,2,9,6,40,24,8,14,8,54,30,16,126",Institut National de Santé Publique,CC BY 4.0,data/csv/006_v2_table_07_tableau_vi_mouvement_des_malades_dans_le.csv
insp,006,2026-05-20,2026-05-20,patients_in_isolation,facility,Democratic Republic of the Congo,BUNIA RWAOLE,BUNIA RWAOLE,9,patients,point,FALSE,TRUE,high,"Indicateurs,BUNIA HGR,BUNIA SOFEPADI,BUNIA Clibnique Bénedicte,BUNIA RWAOLE,BUNIA CH ELIKYA,BUNIA TOTAL,RWAMPARA HGR,RWAMPARA CME,RWAMPARA CH SALAMA,RWAMPARA CS HOHO,RWAMPARA TOTAL,HGR MONGBWALU,HGR NYANKUNDE,TOTAL GENERAL
Total en Isolement,19,4,2,9,6,40,24,8,14,8,54,30,16,126",Institut National de Santé Publique,CC BY 4.0,data/csv/006_table_07_tableau_vi_mouvement_des_malades_dans_le.csv
insp,006_v2,2026-05-20,2026-05-20,patients_in_isolation,facility,Democratic Republic of the Congo,BUNIA RWAOLE,BUNIA RWAOLE,9,patients,point,FALSE,TRUE,high,"Indicateurs,BUNIA HGR,BUNIA SOFEPADI,BUNIA Clibnique Bénedicte,BUNIA RWAOLE,BUNIA CH ELIKYA,BUNIA TOTAL,RWAMPARA HGR,RWAMPARA CME,RWAMPARA CH SALAMA,RWAMPARA CS HOHO,RWAMPARA TOTAL,HGR MONGBWALU,HGR NYANKUNDE,TOTAL GENERAL
Total en Isolement,19,4,2,9,6,40,24,8,14,8,54,30,16,126",Institut National de Santé Publique,CC BY 4.0,data/csv/006_v2_table_07_tableau_vi_mouvement_des_malades_dans_le.csv
insp,006,2026-05-20,2026-05-20,patients_in_isolation,facility,Democratic Republic of the Congo,BUNIA SOFEPADI,BUNIA SOFEPADI,4,patients,point,FALSE,TRUE,high,"Indicateurs,BUNIA HGR,BUNIA SOFEPADI,BUNIA Clibnique Bénedicte,BUNIA RWAOLE,BUNIA CH ELIKYA,BUNIA TOTAL,RWAMPARA HGR,RWAMPARA CME,RWAMPARA CH SALAMA,RWAMPARA CS HOHO,RWAMPARA TOTAL,HGR MONGBWALU,HGR NYANKUNDE,TOTAL GENERAL
Total en Isolement,19,4,2,9,6,40,24,8,14,8,54,30,16,126",Institut National de Santé Publique,CC BY 4.0,data/csv/006_table_07_tableau_vi_mouvement_des_malades_dans_le.csv
insp,006_v2,2026-05-20,2026-05-20,patients_in_isolation,facility,Democratic Republic of the Congo,BUNIA SOFEPADI,BUNIA SOFEPADI,4,patients,point,FALSE,TRUE,high,"Indicateurs,BUNIA HGR,BUNIA SOFEPADI,BUNIA Clibnique Bénedicte,BUNIA RWAOLE,BUNIA CH ELIKYA,BUNIA TOTAL,RWAMPARA HGR,RWAMPARA CME,RWAMPARA CH SALAMA,RWAMPARA CS HOHO,RWAMPARA TOTAL,HGR MONGBWALU,HGR NYANKUNDE,TOTAL GENERAL
Total en Isolement,19,4,2,9,6,40,24,8,14,8,54,30,16,126",Institut National de Santé Publique,CC BY 4.0,data/csv/006_v2_table_07_tableau_vi_mouvement_des_malades_dans_le.csv
insp,006,2026-05-20,2026-05-20,patients_in_isolation,facility,Democratic Republic of the Congo,HGR MONGBWALU,HGR MONGBWALU,30,patients,point,FALSE,TRUE,high,"Indicateurs,BUNIA HGR,BUNIA SOFEPADI,BUNIA Clibnique Bénedicte,BUNIA RWAOLE,BUNIA CH ELIKYA,BUNIA TOTAL,RWAMPARA HGR,RWAMPARA CME,RWAMPARA CH SALAMA,RWAMPARA CS HOHO,RWAMPARA TOTAL,HGR MONGBWALU,HGR NYANKUNDE,TOTAL GENERAL
Total en Isolement,19,4,2,9,6,40,24,8,14,8,54,30,16,126",Institut National de Santé Publique,CC BY 4.0,data/csv/006_table_07_tableau_vi_mouvement_des_malades_dans_le.csv
insp,006_v2,2026-05-20,2026-05-20,patients_in_isolation,facility,Democratic Republic of the Congo,HGR MONGBWALU,HGR MONGBWALU,30,patients,point,FALSE,TRUE,high,"Indicateurs,BUNIA HGR,BUNIA SOFEPADI,BUNIA Clibnique Bénedicte,BUNIA RWAOLE,BUNIA CH ELIKYA,BUNIA TOTAL,RWAMPARA HGR,RWAMPARA CME,RWAMPARA CH SALAMA,RWAMPARA CS HOHO,RWAMPARA TOTAL,HGR MONGBWALU,HGR NYANKUNDE,TOTAL GENERAL
Total en Isolement,19,4,2,9,6,40,24,8,14,8,54,30,16,126",Institut National de Santé Publique,CC BY 4.0,data/csv/006_v2_table_07_tableau_vi_mouvement_des_malades_dans_le.csv
insp,006,2026-05-20,2026-05-20,patients_in_isolation,facility,Democratic Republic of the Congo,HGR NYANKUNDE,HGR NYANKUNDE,16,patients,point,FALSE,TRUE,high,"Indicateurs,BUNIA HGR,BUNIA SOFEPADI,BUNIA Clibnique Bénedicte,BUNIA RWAOLE,BUNIA CH ELIKYA,BUNIA TOTAL,RWAMPARA HGR,RWAMPARA CME,RWAMPARA CH SALAMA,RWAMPARA CS HOHO,RWAMPARA TOTAL,HGR MONGBWALU,HGR NYANKUNDE,TOTAL GENERAL
Total en Isolement,19,4,2,9,6,40,24,8,14,8,54,30,16,126",Institut National de Santé Publique,CC BY 4.0,data/csv/006_table_07_tableau_vi_mouvement_des_malades_dans_le.csv
insp,006_v2,2026-05-20,2026-05-20,patients_in_isolation,facility,Democratic Republic of the Congo,HGR NYANKUNDE,HGR NYANKUNDE,16,patients,point,FALSE,TRUE,high,"Indicateurs,BUNIA HGR,BUNIA SOFEPADI,BUNIA Clibnique Bénedicte,BUNIA RWAOLE,BUNIA CH ELIKYA,BUNIA TOTAL,RWAMPARA HGR,RWAMPARA CME,RWAMPARA CH SALAMA,RWAMPARA CS HOHO,RWAMPARA TOTAL,HGR MONGBWALU,HGR NYANKUNDE,TOTAL GENERAL
Total en Isolement,19,4,2,9,6,40,24,8,14,8,54,30,16,126",Institut National de Santé Publique,CC BY 4.0,data/csv/006_v2_table_07_tableau_vi_mouvement_des_malades_dans_le.csv
insp,006,2026-05-20,2026-05-20,patients_in_isolation,facility,Democratic Republic of the Congo,RWAMPARA CH SALAMA,RWAMPARA CH SALAMA,14,patients,point,FALSE,TRUE,high,"Indicateurs,BUNIA HGR,BUNIA SOFEPADI,BUNIA Clibnique Bénedicte,BUNIA RWAOLE,BUNIA CH ELIKYA,BUNIA TOTAL,RWAMPARA HGR,RWAMPARA CME,RWAMPARA CH SALAMA,RWAMPARA CS HOHO,RWAMPARA TOTAL,HGR MONGBWALU,HGR NYANKUNDE,TOTAL GENERAL
Total en Isolement,19,4,2,9,6,40,24,8,14,8,54,30,16,126",Institut National de Santé Publique,CC BY 4.0,data/csv/006_table_07_tableau_vi_mouvement_des_malades_dans_le.csv
insp,006_v2,2026-05-20,2026-05-20,patients_in_isolation,facility,Democratic Republic of the Congo,RWAMPARA CH SALAMA,RWAMPARA CH SALAMA,14,patients,point,FALSE,TRUE,high,"Indicateurs,BUNIA HGR,BUNIA SOFEPADI,BUNIA Clibnique Bénedicte,BUNIA RWAOLE,BUNIA CH ELIKYA,BUNIA TOTAL,RWAMPARA HGR,RWAMPARA CME,RWAMPARA CH SALAMA,RWAMPARA CS HOHO,RWAMPARA TOTAL,HGR MONGBWALU,HGR NYANKUNDE,TOTAL GENERAL
Total en Isolement,19,4,2,9,6,40,24,8,14,8,54,30,16,126",Institut National de Santé Publique,CC BY 4.0,data/csv/006_v2_table_07_tableau_vi_mouvement_des_malades_dans_le.csv
insp,006,2026-05-20,2026-05-20,patients_in_isolation,facility,Democratic Republic of the Congo,RWAMPARA CME,RWAMPARA CME,8,patients,point,FALSE,TRUE,high,"Indicateurs,BUNIA HGR,BUNIA SOFEPADI,BUNIA Clibnique Bénedicte,BUNIA RWAOLE,BUNIA CH ELIKYA,BUNIA TOTAL,RWAMPARA HGR,RWAMPARA CME,RWAMPARA CH SALAMA,RWAMPARA CS HOHO,RWAMPARA TOTAL,HGR MONGBWALU,HGR NYANKUNDE,TOTAL GENERAL
Total en Isolement,19,4,2,9,6,40,24,8,14,8,54,30,16,126",Institut National de Santé Publique,CC BY 4.0,data/csv/006_table_07_tableau_vi_mouvement_des_malades_dans_le.csv
insp,006_v2,2026-05-20,2026-05-20,patients_in_isolation,facility,Democratic Republic of the Congo,RWAMPARA CME,RWAMPARA CME,8,patients,point,FALSE,TRUE,high,"Indicateurs,BUNIA HGR,BUNIA SOFEPADI,BUNIA Clibnique Bénedicte,BUNIA RWAOLE,BUNIA CH ELIKYA,BUNIA TOTAL,RWAMPARA HGR,RWAMPARA CME,RWAMPARA CH SALAMA,RWAMPARA CS HOHO,RWAMPARA TOTAL,HGR MONGBWALU,HGR NYANKUNDE,TOTAL GENERAL
Total en Isolement,19,4,2,9,6,40,24,8,14,8,54,30,16,126",Institut National de Santé Publique,CC BY 4.0,data/csv/006_v2_table_07_tableau_vi_mouvement_des_malades_dans_le.csv
insp,006,2026-05-20,2026-05-20,patients_in_isolation,facility,Democratic Republic of the Congo,RWAMPARA CS HOHO,RWAMPARA CS HOHO,8,patients,point,FALSE,TRUE,high,"Indicateurs,BUNIA HGR,BUNIA SOFEPADI,BUNIA Clibnique Bénedicte,BUNIA RWAOLE,BUNIA CH ELIKYA,BUNIA TOTAL,RWAMPARA HGR,RWAMPARA CME,RWAMPARA CH SALAMA,RWAMPARA CS HOHO,RWAMPARA TOTAL,HGR MONGBWALU,HGR NYANKUNDE,TOTAL GENERAL
Total en Isolement,19,4,2,9,6,40,24,8,14,8,54,30,16,126",Institut National de Santé Publique,CC BY 4.0,data/csv/006_table_07_tableau_vi_mouvement_des_malades_dans_le.csv
insp,006_v2,2026-05-20,2026-05-20,patients_in_isolation,facility,Democratic Republic of the Congo,RWAMPARA CS HOHO,RWAMPARA CS HOHO,8,patients,point,FALSE,TRUE,high,"Indicateurs,BUNIA HGR,BUNIA SOFEPADI,BUNIA Clibnique Bénedicte,BUNIA RWAOLE,BUNIA CH ELIKYA,BUNIA TOTAL,RWAMPARA HGR,RWAMPARA CME,RWAMPARA CH SALAMA,RWAMPARA CS HOHO,RWAMPARA TOTAL,HGR MONGBWALU,HGR NYANKUNDE,TOTAL GENERAL
Total en Isolement,19,4,2,9,6,40,24,8,14,8,54,30,16,126",Institut National de Santé Publique,CC BY 4.0,data/csv/006_v2_table_07_tableau_vi_mouvement_des_malades_dans_le.csv
insp,006,2026-05-20,2026-05-20,patients_in_isolation,facility,Democratic Republic of the Congo,RWAMPARA HGR,RWAMPARA HGR,24,patients,point,FALSE,TRUE,high,"Indicateurs,BUNIA HGR,BUNIA SOFEPADI,BUNIA Clibnique Bénedicte,BUNIA RWAOLE,BUNIA CH ELIKYA,BUNIA TOTAL,RWAMPARA HGR,RWAMPARA CME,RWAMPARA CH SALAMA,RWAMPARA CS HOHO,RWAMPARA TOTAL,HGR MONGBWALU,HGR NYANKUNDE,TOTAL GENERAL
Total en Isolement,19,4,2,9,6,40,24,8,14,8,54,30,16,126",Institut National de Santé Publique,CC BY 4.0,data/csv/006_table_07_tableau_vi_mouvement_des_malades_dans_le.csv
insp,006_v2,2026-05-20,2026-05-20,patients_in_isolation,facility,Democratic Republic of the Congo,RWAMPARA HGR,RWAMPARA HGR,24,patients,point,FALSE,TRUE,high,"Indicateurs,BUNIA HGR,BUNIA SOFEPADI,BUNIA Clibnique Bénedicte,BUNIA RWAOLE,BUNIA CH ELIKYA,BUNIA TOTAL,RWAMPARA HGR,RWAMPARA CME,RWAMPARA CH SALAMA,RWAMPARA CS HOHO,RWAMPARA TOTAL,HGR MONGBWALU,HGR NYANKUNDE,TOTAL GENERAL
Total en Isolement,19,4,2,9,6,40,24,8,14,8,54,30,16,126",Institut National de Santé Publique,CC BY 4.0,data/csv/006_v2_table_07_tableau_vi_mouvement_des_malades_dans_le.csv
insp,006,2026-05-20,2026-05-20,patients_in_isolation,national,Democratic Republic of the Congo,"",TOTAL GENERAL,126,patients,point,FALSE,TRUE,high,"Indicateurs,BUNIA HGR,BUNIA SOFEPADI,BUNIA Clibnique Bénedicte,BUNIA RWAOLE,BUNIA CH ELIKYA,BUNIA TOTAL,RWAMPARA HGR,RWAMPARA CME,RWAMPARA CH SALAMA,RWAMPARA CS HOHO,RWAMPARA TOTAL,HGR MONGBWALU,HGR NYANKUNDE,TOTAL GENERAL
Total en Isolement,19,4,2,9,6,40,24,8,14,8,54,30,16,126",Institut National de Santé Publique,CC BY 4.0,data/csv/006_table_07_tableau_vi_mouvement_des_malades_dans_le.csv
insp,006_v2,2026-05-20,2026-05-20,patients_in_isolation,national,Democratic Republic of the Congo,"",TOTAL GENERAL,126,patients,point,FALSE,TRUE,high,"Indicateurs,BUNIA HGR,BUNIA SOFEPADI,BUNIA Clibnique Bénedicte,BUNIA RWAOLE,BUNIA CH ELIKYA,BUNIA TOTAL,RWAMPARA HGR,RWAMPARA CME,RWAMPARA CH SALAMA,RWAMPARA CS HOHO,RWAMPARA TOTAL,HGR MONGBWALU,HGR NYANKUNDE,TOTAL GENERAL
Total en Isolement,19,4,2,9,6,40,24,8,14,8,54,30,16,126",Institut National de Santé Publique,CC BY 4.0,data/csv/006_v2_table_07_tableau_vi_mouvement_des_malades_dans_le.csv
insp,007,2026-05-21,2026-05-21,admissions,facility,Democratic Republic of the Congo,HGR Bunia,HGR Bunia,14,patients,24h,FALSE,TRUE,high,"Indicateurs 1,Indicateurs 2,HGR Bunia,RWAMPARA,RWAMPARA_1,Mongbwalu,Mongbwalu_1,Nyankunde,Total Général
Nouvelles Admissions,Total,14,2,4,6,9,7,36",Institut National de Santé Publique,CC BY 4.0,data/csv/007_table_10_tableau_vi_mouvement_des_malades_dans_le.csv
insp,007,2026-05-21,2026-05-21,admissions,facility,Democratic Republic of the Congo,Nyankunde,Nyankunde,7,patients,24h,FALSE,TRUE,high,"Indicateurs 1,Indicateurs 2,HGR Bunia,RWAMPARA,RWAMPARA_1,Mongbwalu,Mongbwalu_1,Nyankunde,Total Général
Nouvelles Admissions,Total,14,2,4,6,9,7,36",Institut National de Santé Publique,CC BY 4.0,data/csv/007_table_10_tableau_vi_mouvement_des_malades_dans_le.csv
insp,007,2026-05-21,2026-05-21,admissions,national,Democratic Republic of the Congo,"",Total Général,36,patients,24h,FALSE,TRUE,high,"Indicateurs 1,Indicateurs 2,HGR Bunia,RWAMPARA,RWAMPARA_1,Mongbwalu,Mongbwalu_1,Nyankunde,Total Général
Nouvelles Admissions,Total,14,2,4,6,9,7,36",Institut National de Santé Publique,CC BY 4.0,data/csv/007_table_10_tableau_vi_mouvement_des_malades_dans_le.csv
insp,008,2026-05-22,2026-05-21,beds_occupied,health_zone,Democratic Republic of the Congo,Bunia,ZS Bunia,33,beds,point,FALSE,TRUE,high,"Indicateurs,ZS Bunia,ZS Rwampara,ZS MONGBWALU,ZS NYANKUNDE,TOTAL GENERAL
Report (Nombre de malades présents au lit à la fin de journée précédente),33,34,30,22,119",Institut National de Santé Publique,CC BY 4.0,data/csv/008_table_09_tableau_vi_mouvement_des_malades_dans_le.csv
insp,008,2026-05-22,2026-05-21,beds_occupied,health_zone,Democratic Republic of the Congo,Mongbwalu,ZS MONGBWALU,30,beds,point,FALSE,TRUE,high,"Indicateurs,ZS Bunia,ZS Rwampara,ZS MONGBWALU,ZS NYANKUNDE,TOTAL GENERAL
Report (Nombre de malades présents au lit à la fin de journée précédente),33,34,30,22,119",Institut National de Santé Publique,CC BY 4.0,data/csv/008_table_09_tableau_vi_mouvement_des_malades_dans_le.csv
insp,008,2026-05-22,2026-05-21,beds_occupied,health_zone,Democratic Republic of the Congo,Nyankunde,ZS NYANKUNDE,22,beds,point,FALSE,TRUE,high,"Indicateurs,ZS Bunia,ZS Rwampara,ZS MONGBWALU,ZS NYANKUNDE,TOTAL GENERAL
Report (Nombre de malades présents au lit à la fin de journée précédente),33,34,30,22,119",Institut National de Santé Publique,CC BY 4.0,data/csv/008_table_09_tableau_vi_mouvement_des_malades_dans_le.csv
insp,008,2026-05-22,2026-05-21,beds_occupied,health_zone,Democratic Republic of the Congo,Rwampara,ZS Rwampara,34,beds,point,FALSE,TRUE,high,"Indicateurs,ZS Bunia,ZS Rwampara,ZS MONGBWALU,ZS NYANKUNDE,TOTAL GENERAL
Report (Nombre de malades présents au lit à la fin de journée précédente),33,34,30,22,119",Institut National de Santé Publique,CC BY 4.0,data/csv/008_table_09_tableau_vi_mouvement_des_malades_dans_le.csv
insp,008,2026-05-22,2026-05-21,beds_occupied,national,Democratic Republic of the Congo,"",TOTAL GENERAL,119,beds,point,FALSE,TRUE,high,"Indicateurs,ZS Bunia,ZS Rwampara,ZS MONGBWALU,ZS NYANKUNDE,TOTAL GENERAL
Report (Nombre de malades présents au lit à la fin de journée précédente),33,34,30,22,119",Institut National de Santé Publique,CC BY 4.0,data/csv/008_table_09_tableau_vi_mouvement_des_malades_dans_le.csv
insp,007,2026-05-21,2026-05-21,deaths_in_facility,facility,Democratic Republic of the Congo,HGR Bunia,HGR Bunia,8,patients,24h,FALSE,TRUE,high,"Indicateurs 1,Indicateurs 2,HGR Bunia,RWAMPARA,RWAMPARA_1,Mongbwalu,Mongbwalu_1,Nyankunde,Total Général
Sorties,Décédés,8,4,4,10,5,0,23",Institut National de Santé Publique,CC BY 4.0,data/csv/007_table_10_tableau_vi_mouvement_des_malades_dans_le.csv
insp,007,2026-05-21,2026-05-21,deaths_in_facility,facility,Democratic Republic of the Congo,HGR Bunia,HGR Bunia,46,patients,cumulative,FALSE,TRUE,high,"Indicateurs 1,Indicateurs 2,HGR Bunia,RWAMPARA,RWAMPARA_1,Mongbwalu,Mongbwalu_1,Nyankunde,Total Général
Sorties,Cumul de décès,46,10,15,25,44,1,116",Institut National de Santé Publique,CC BY 4.0,data/csv/007_table_10_tableau_vi_mouvement_des_malades_dans_le.csv
insp,007,2026-05-21,2026-05-21,deaths_in_facility,facility,Democratic Republic of the Congo,Nyankunde,Nyankunde,0,patients,24h,FALSE,TRUE,high,"Indicateurs 1,Indicateurs 2,HGR Bunia,RWAMPARA,RWAMPARA_1,Mongbwalu,Mongbwalu_1,Nyankunde,Total Général
Sorties,Décédés,8,4,4,10,5,0,23",Institut National de Santé Publique,CC BY 4.0,data/csv/007_table_10_tableau_vi_mouvement_des_malades_dans_le.csv
insp,007,2026-05-21,2026-05-21,deaths_in_facility,facility,Democratic Republic of the Congo,Nyankunde,Nyankunde,1,patients,cumulative,FALSE,TRUE,high,"Indicateurs 1,Indicateurs 2,HGR Bunia,RWAMPARA,RWAMPARA_1,Mongbwalu,Mongbwalu_1,Nyankunde,Total Général
Sorties,Cumul de décès,46,10,15,25,44,1,116",Institut National de Santé Publique,CC BY 4.0,data/csv/007_table_10_tableau_vi_mouvement_des_malades_dans_le.csv
insp,007,2026-05-21,2026-05-21,deaths_in_facility,national,Democratic Republic of the Congo,"",Total Général,23,patients,24h,FALSE,TRUE,high,"Indicateurs 1,Indicateurs 2,HGR Bunia,RWAMPARA,RWAMPARA_1,Mongbwalu,Mongbwalu_1,Nyankunde,Total Général
Sorties,Décédés,8,4,4,10,5,0,23",Institut National de Santé Publique,CC BY 4.0,data/csv/007_table_10_tableau_vi_mouvement_des_malades_dans_le.csv
insp,007,2026-05-21,2026-05-21,deaths_in_facility,national,Democratic Republic of the Congo,"",Total Général,116,patients,cumulative,FALSE,TRUE,high,"Indicateurs 1,Indicateurs 2,HGR Bunia,RWAMPARA,RWAMPARA_1,Mongbwalu,Mongbwalu_1,Nyankunde,Total Général
Sorties,Cumul de décès,46,10,15,25,44,1,116",Institut National de Santé Publique,CC BY 4.0,data/csv/007_table_10_tableau_vi_mouvement_des_malades_dans_le.csv
insp,007,2026-05-21,2026-05-21,discharges_recovered,facility,Democratic Republic of the Congo,HGR Bunia,HGR Bunia,0,patients,24h,FALSE,TRUE,high,"Indicateurs 1,Indicateurs 2,HGR Bunia,RWAMPARA,RWAMPARA_1,Mongbwalu,Mongbwalu_1,Nyankunde,Total Général
Sorties,Guéris,0,0,0,0,0,0,0",Institut National de Santé Publique,CC BY 4.0,data/csv/007_table_10_tableau_vi_mouvement_des_malades_dans_le.csv
insp,007,2026-05-21,2026-05-21,discharges_recovered,facility,Democratic Republic of the Congo,Nyankunde,Nyankunde,0,patients,24h,FALSE,TRUE,high,"Indicateurs 1,Indicateurs 2,HGR Bunia,RWAMPARA,RWAMPARA_1,Mongbwalu,Mongbwalu_1,Nyankunde,Total Général
Sorties,Guéris,0,0,0,0,0,0,0",Institut National de Santé Publique,CC BY 4.0,data/csv/007_table_10_tableau_vi_mouvement_des_malades_dans_le.csv
insp,007,2026-05-21,2026-05-21,discharges_recovered,national,Democratic Republic of the Congo,"",Total Général,0,patients,24h,FALSE,TRUE,high,"Indicateurs 1,Indicateurs 2,HGR Bunia,RWAMPARA,RWAMPARA_1,Mongbwalu,Mongbwalu_1,Nyankunde,Total Général
Sorties,Guéris,0,0,0,0,0,0,0",Institut National de Santé Publique,CC BY 4.0,data/csv/007_table_10_tableau_vi_mouvement_des_malades_dans_le.csv
insp,007,2026-05-21,2026-05-21,escapes,facility,Democratic Republic of the Congo,HGR Bunia,HGR Bunia,9,patients,24h,FALSE,TRUE,high,"Indicateurs 1,Indicateurs 2,HGR Bunia,RWAMPARA,RWAMPARA_1,Mongbwalu,Mongbwalu_1,Nyankunde,Total Général
Sorties,Evadés,9,0,0,0,1,0,10",Institut National de Santé Publique,CC BY 4.0,data/csv/007_table_10_tableau_vi_mouvement_des_malades_dans_le.csv
insp,007,2026-05-21,2026-05-21,escapes,facility,Democratic Republic of the Congo,Nyankunde,Nyankunde,0,patients,24h,FALSE,TRUE,high,"Indicateurs 1,Indicateurs 2,HGR Bunia,RWAMPARA,RWAMPARA_1,Mongbwalu,Mongbwalu_1,Nyankunde,Total Général
Sorties,Evadés,9,0,0,0,1,0,10",Institut National de Santé Publique,CC BY 4.0,data/csv/007_table_10_tableau_vi_mouvement_des_malades_dans_le.csv
insp,007,2026-05-21,2026-05-21,escapes,national,Democratic Republic of the Congo,"",Total Général,10,patients,24h,FALSE,TRUE,high,"Indicateurs 1,Indicateurs 2,HGR Bunia,RWAMPARA,RWAMPARA_1,Mongbwalu,Mongbwalu_1,Nyankunde,Total Général
Sorties,Evadés,9,0,0,0,1,0,10",Institut National de Santé Publique,CC BY 4.0,data/csv/007_table_10_tableau_vi_mouvement_des_malades_dans_le.csv
insp,007,2026-05-21,2026-05-21,patients_in_isolation,facility,Democratic Republic of the Congo,HGR Bunia,HGR Bunia,50,patients,point,FALSE,TRUE,high,"Indicateurs 1,Indicateurs 2,HGR Bunia,RWAMPARA,RWAMPARA_1,Mongbwalu,Mongbwalu_1,Nyankunde,Total Général
Total en Isolement,Total en Isolement,50,23,19,46,36,23,165",Institut National de Santé Publique,CC BY 4.0,data/csv/007_table_10_tableau_vi_mouvement_des_malades_dans_le.csv
insp,007,2026-05-21,2026-05-21,patients_in_isolation,facility,Democratic Republic of the Congo,Nyankunde,Nyankunde,23,patients,point,FALSE,TRUE,high,"Indicateurs 1,Indicateurs 2,HGR Bunia,RWAMPARA,RWAMPARA_1,Mongbwalu,Mongbwalu_1,Nyankunde,Total Général
Total en Isolement,Total en Isolement,50,23,19,46,36,23,165",Institut National de Santé Publique,CC BY 4.0,data/csv/007_table_10_tableau_vi_mouvement_des_malades_dans_le.csv
insp,007,2026-05-21,2026-05-21,patients_in_isolation,national,Democratic Republic of the Congo,"",Total Général,165,patients,point,FALSE,TRUE,high,"Indicateurs 1,Indicateurs 2,HGR Bunia,RWAMPARA,RWAMPARA_1,Mongbwalu,Mongbwalu_1,Nyankunde,Total Général
Total en Isolement,Total en Isolement,50,23,19,46,36,23,165",Institut National de Santé Publique,CC BY 4.0,data/csv/007_table_10_tableau_vi_mouvement_des_malades_dans_le.csv
insp,008,2026-05-22,2026-05-22,admissions,health_zone,Democratic Republic of the Congo,Bunia,ZS Bunia,11,patients,24h,FALSE,TRUE,high,"Indicateurs,ZS Bunia,ZS Rwampara,ZS MONGBWALU,ZS NYANKUNDE,TOTAL GENERAL
Total des nouvelles admissions du jour,11,11,4,2,28",Institut National de Santé Publique,CC BY 4.0,data/csv/008_table_09_tableau_vi_mouvement_des_malades_dans_le.csv
insp,008,2026-05-22,2026-05-22,admissions,health_zone,Democratic Republic of the Congo,Mongbwalu,ZS MONGBWALU,4,patients,24h,FALSE,TRUE,high,"Indicateurs,ZS Bunia,ZS Rwampara,ZS MONGBWALU,ZS NYANKUNDE,TOTAL GENERAL
Total des nouvelles admissions du jour,11,11,4,2,28",Institut National de Santé Publique,CC BY 4.0,data/csv/008_table_09_tableau_vi_mouvement_des_malades_dans_le.csv
insp,008,2026-05-22,2026-05-22,admissions,health_zone,Democratic Republic of the Congo,Nyankunde,ZS NYANKUNDE,2,patients,24h,FALSE,TRUE,high,"Indicateurs,ZS Bunia,ZS Rwampara,ZS MONGBWALU,ZS NYANKUNDE,TOTAL GENERAL
Total des nouvelles admissions du jour,11,11,4,2,28",Institut National de Santé Publique,CC BY 4.0,data/csv/008_table_09_tableau_vi_mouvement_des_malades_dans_le.csv
insp,008,2026-05-22,2026-05-22,admissions,health_zone,Democratic Republic of the Congo,Rwampara,ZS Rwampara,11,patients,24h,FALSE,TRUE,high,"Indicateurs,ZS Bunia,ZS Rwampara,ZS MONGBWALU,ZS NYANKUNDE,TOTAL GENERAL
Total des nouvelles admissions du jour,11,11,4,2,28",Institut National de Santé Publique,CC BY 4.0,data/csv/008_table_09_tableau_vi_mouvement_des_malades_dans_le.csv
insp,008,2026-05-22,2026-05-22,admissions,national,Democratic Republic of the Congo,"",TOTAL GENERAL,28,patients,24h,FALSE,TRUE,high,"Indicateurs,ZS Bunia,ZS Rwampara,ZS MONGBWALU,ZS NYANKUNDE,TOTAL GENERAL
Total des nouvelles admissions du jour,11,11,4,2,28",Institut National de Santé Publique,CC BY 4.0,data/csv/008_table_09_tableau_vi_mouvement_des_malades_dans_le.csv
insp,009,2026-05-23,2026-05-22,beds_occupied,health_zone,Democratic Republic of the Congo,Aru,ZS Aru,2,beds,point,FALSE,TRUE,high,"Indicateurs,ZS Bunia,ZS Rwampara,ZS Mongbwalu,ZS Nyankunde,ZS Aru,Total Général
Report (Nombre de malades présents au lit à la fin de journeée précédente),41,21,28,26,2,118",Institut National de Santé Publique,CC BY 4.0,data/csv/009_table_10_tableau_vi_mouvement_des_malades_dans_le.csv
insp,009,2026-05-23,2026-05-22,beds_occupied,health_zone,Democratic Republic of the Congo,Bunia,ZS Bunia,41,beds,point,FALSE,TRUE,high,"Indicateurs,ZS Bunia,ZS Rwampara,ZS Mongbwalu,ZS Nyankunde,ZS Aru,Total Général
Report (Nombre de malades présents au lit à la fin de journeée précédente),41,21,28,26,2,118",Institut National de Santé Publique,CC BY 4.0,data/csv/009_table_10_tableau_vi_mouvement_des_malades_dans_le.csv
insp,009,2026-05-23,2026-05-22,beds_occupied,health_zone,Democratic Republic of the Congo,Mongbwalu,ZS Mongbwalu,28,beds,point,FALSE,TRUE,high,"Indicateurs,ZS Bunia,ZS Rwampara,ZS Mongbwalu,ZS Nyankunde,ZS Aru,Total Général
Report (Nombre de malades présents au lit à la fin de journeée précédente),41,21,28,26,2,118",Institut National de Santé Publique,CC BY 4.0,data/csv/009_table_10_tableau_vi_mouvement_des_malades_dans_le.csv
insp,009,2026-05-23,2026-05-22,beds_occupied,health_zone,Democratic Republic of the Congo,Nyankunde,ZS Nyankunde,26,beds,point,FALSE,TRUE,high,"Indicateurs,ZS Bunia,ZS Rwampara,ZS Mongbwalu,ZS Nyankunde,ZS Aru,Total Général
Report (Nombre de malades présents au lit à la fin de journeée précédente),41,21,28,26,2,118",Institut National de Santé Publique,CC BY 4.0,data/csv/009_table_10_tableau_vi_mouvement_des_malades_dans_le.csv
insp,009,2026-05-23,2026-05-22,beds_occupied,health_zone,Democratic Republic of the Congo,Rwampara,ZS Rwampara,21,beds,point,FALSE,TRUE,high,"Indicateurs,ZS Bunia,ZS Rwampara,ZS Mongbwalu,ZS Nyankunde,ZS Aru,Total Général
Report (Nombre de malades présents au lit à la fin de journeée précédente),41,21,28,26,2,118",Institut National de Santé Publique,CC BY 4.0,data/csv/009_table_10_tableau_vi_mouvement_des_malades_dans_le.csv
insp,009,2026-05-23,2026-05-22,beds_occupied,national,Democratic Republic of the Congo,"",Total Général,118,beds,point,FALSE,TRUE,high,"Indicateurs,ZS Bunia,ZS Rwampara,ZS Mongbwalu,ZS Nyankunde,ZS Aru,Total Général
Report (Nombre de malades présents au lit à la fin de journeée précédente),41,21,28,26,2,118",Institut National de Santé Publique,CC BY 4.0,data/csv/009_table_10_tableau_vi_mouvement_des_malades_dans_le.csv
insp,008,2026-05-22,2026-05-22,patients_in_isolation,health_zone,Democratic Republic of the Congo,Bunia,ZS Bunia,44,patients,point,FALSE,TRUE,high,"Indicateurs,ZS Bunia,ZS Rwampara,ZS MONGBWALU,ZS NYANKUNDE,TOTAL GENERAL
Effectif total en isolement,44,45,34,24,147",Institut National de Santé Publique,CC BY 4.0,data/csv/008_table_09_tableau_vi_mouvement_des_malades_dans_le.csv
insp,008,2026-05-22,2026-05-22,patients_in_isolation,health_zone,Democratic Republic of the Congo,Mongbwalu,ZS MONGBWALU,34,patients,point,FALSE,TRUE,high,"Indicateurs,ZS Bunia,ZS Rwampara,ZS MONGBWALU,ZS NYANKUNDE,TOTAL GENERAL
Effectif total en isolement,44,45,34,24,147",Institut National de Santé Publique,CC BY 4.0,data/csv/008_table_09_tableau_vi_mouvement_des_malades_dans_le.csv
insp,008,2026-05-22,2026-05-22,patients_in_isolation,health_zone,Democratic Republic of the Congo,Nyankunde,ZS NYANKUNDE,24,patients,point,FALSE,TRUE,high,"Indicateurs,ZS Bunia,ZS Rwampara,ZS MONGBWALU,ZS NYANKUNDE,TOTAL GENERAL
Effectif total en isolement,44,45,34,24,147",Institut National de Santé Publique,CC BY 4.0,data/csv/008_table_09_tableau_vi_mouvement_des_malades_dans_le.csv
insp,008,2026-05-22,2026-05-22,patients_in_isolation,health_zone,Democratic Republic of the Congo,Rwampara,ZS Rwampara,45,patients,point,FALSE,TRUE,high,"Indicateurs,ZS Bunia,ZS Rwampara,ZS MONGBWALU,ZS NYANKUNDE,TOTAL GENERAL
Effectif total en isolement,44,45,34,24,147",Institut National de Santé Publique,CC BY 4.0,data/csv/008_table_09_tableau_vi_mouvement_des_malades_dans_le.csv
insp,008,2026-05-22,2026-05-22,patients_in_isolation,national,Democratic Republic of the Congo,"",TOTAL GENERAL,147,patients,point,FALSE,TRUE,high,"Indicateurs,ZS Bunia,ZS Rwampara,ZS MONGBWALU,ZS NYANKUNDE,TOTAL GENERAL
Effectif total en isolement,44,45,34,24,147",Institut National de Santé Publique,CC BY 4.0,data/csv/008_table_09_tableau_vi_mouvement_des_malades_dans_le.csv
insp,009,2026-05-23,2026-05-23,admissions,health_zone,Democratic Republic of the Congo,Aru,ZS Aru,2,patients,24h,FALSE,TRUE,high,"Indicateurs,ZS Bunia,ZS Rwampara,ZS Mongbwalu,ZS Nyankunde,ZS Aru,Total Général
Nouvelles Admissions du jour Total des nouvelles admissions du jour,9,4,3,7,2,25",Institut National de Santé Publique,CC BY 4.0,data/csv/009_table_10_tableau_vi_mouvement_des_malades_dans_le.csv
insp,009,2026-05-23,2026-05-23,admissions,health_zone,Democratic Republic of the Congo,Aru,ZS Aru,3,patients,cumulative,FALSE,TRUE,high,"Indicateurs,ZS Bunia,ZS Rwampara,ZS Mongbwalu,ZS Nyankunde,ZS Aru,Total Général
Cumul de malades admis en isolement,112,54,65,36,3,270",Institut National de Santé Publique,CC BY 4.0,data/csv/009_table_10_tableau_vi_mouvement_des_malades_dans_le.csv
insp,009,2026-05-23,2026-05-23,admissions,health_zone,Democratic Republic of the Congo,Bunia,ZS Bunia,9,patients,24h,FALSE,TRUE,high,"Indicateurs,ZS Bunia,ZS Rwampara,ZS Mongbwalu,ZS Nyankunde,ZS Aru,Total Général
Nouvelles Admissions du jour Total des nouvelles admissions du jour,9,4,3,7,2,25",Institut National de Santé Publique,CC BY 4.0,data/csv/009_table_10_tableau_vi_mouvement_des_malades_dans_le.csv
insp,009,2026-05-23,2026-05-23,admissions,health_zone,Democratic Republic of the Congo,Bunia,ZS Bunia,112,patients,cumulative,FALSE,TRUE,high,"Indicateurs,ZS Bunia,ZS Rwampara,ZS Mongbwalu,ZS Nyankunde,ZS Aru,Total Général
Cumul de malades admis en isolement,112,54,65,36,3,270",Institut National de Santé Publique,CC BY 4.0,data/csv/009_table_10_tableau_vi_mouvement_des_malades_dans_le.csv
insp,009,2026-05-23,2026-05-23,admissions,health_zone,Democratic Republic of the Congo,Mongbwalu,ZS Mongbwalu,3,patients,24h,FALSE,TRUE,high,"Indicateurs,ZS Bunia,ZS Rwampara,ZS Mongbwalu,ZS Nyankunde,ZS Aru,Total Général
Nouvelles Admissions du jour Total des nouvelles admissions du jour,9,4,3,7,2,25",Institut National de Santé Publique,CC BY 4.0,data/csv/009_table_10_tableau_vi_mouvement_des_malades_dans_le.csv
insp,009,2026-05-23,2026-05-23,admissions,health_zone,Democratic Republic of the Congo,Mongbwalu,ZS Mongbwalu,65,patients,cumulative,FALSE,TRUE,high,"Indicateurs,ZS Bunia,ZS Rwampara,ZS Mongbwalu,ZS Nyankunde,ZS Aru,Total Général
Cumul de malades admis en isolement,112,54,65,36,3,270",Institut National de Santé Publique,CC BY 4.0,data/csv/009_table_10_tableau_vi_mouvement_des_malades_dans_le.csv
insp,009,2026-05-23,2026-05-23,admissions,health_zone,Democratic Republic of the Congo,Nyankunde,ZS Nyankunde,7,patients,24h,FALSE,TRUE,high,"Indicateurs,ZS Bunia,ZS Rwampara,ZS Mongbwalu,ZS Nyankunde,ZS Aru,Total Général
Nouvelles Admissions du jour Total des nouvelles admissions du jour,9,4,3,7,2,25",Institut National de Santé Publique,CC BY 4.0,data/csv/009_table_10_tableau_vi_mouvement_des_malades_dans_le.csv
insp,009,2026-05-23,2026-05-23,admissions,health_zone,Democratic Republic of the Congo,Nyankunde,ZS Nyankunde,36,patients,cumulative,FALSE,TRUE,high,"Indicateurs,ZS Bunia,ZS Rwampara,ZS Mongbwalu,ZS Nyankunde,ZS Aru,Total Général
Cumul de malades admis en isolement,112,54,65,36,3,270",Institut National de Santé Publique,CC BY 4.0,data/csv/009_table_10_tableau_vi_mouvement_des_malades_dans_le.csv
insp,009,2026-05-23,2026-05-23,admissions,health_zone,Democratic Republic of the Congo,Rwampara,ZS Rwampara,4,patients,24h,FALSE,TRUE,high,"Indicateurs,ZS Bunia,ZS Rwampara,ZS Mongbwalu,ZS Nyankunde,ZS Aru,Total Général
Nouvelles Admissions du jour Total des nouvelles admissions du jour,9,4,3,7,2,25",Institut National de Santé Publique,CC BY 4.0,data/csv/009_table_10_tableau_vi_mouvement_des_malades_dans_le.csv
insp,009,2026-05-23,2026-05-23,admissions,health_zone,Democratic Republic of the Congo,Rwampara,ZS Rwampara,54,patients,cumulative,FALSE,TRUE,high,"Indicateurs,ZS Bunia,ZS Rwampara,ZS Mongbwalu,ZS Nyankunde,ZS Aru,Total Général
Cumul de malades admis en isolement,112,54,65,36,3,270",Institut National de Santé Publique,CC BY 4.0,data/csv/009_table_10_tableau_vi_mouvement_des_malades_dans_le.csv
insp,009,2026-05-23,2026-05-23,admissions,national,Democratic Republic of the Congo,"",Total Général,25,patients,24h,FALSE,TRUE,high,"Indicateurs,ZS Bunia,ZS Rwampara,ZS Mongbwalu,ZS Nyankunde,ZS Aru,Total Général
Nouvelles Admissions du jour Total des nouvelles admissions du jour,9,4,3,7,2,25",Institut National de Santé Publique,CC BY 4.0,data/csv/009_table_10_tableau_vi_mouvement_des_malades_dans_le.csv
insp,009,2026-05-23,2026-05-23,admissions,national,Democratic Republic of the Congo,"",Total Général,270,patients,cumulative,FALSE,TRUE,high,"Indicateurs,ZS Bunia,ZS Rwampara,ZS Mongbwalu,ZS Nyankunde,ZS Aru,Total Général
Cumul de malades admis en isolement,112,54,65,36,3,270",Institut National de Santé Publique,CC BY 4.0,data/csv/009_table_10_tableau_vi_mouvement_des_malades_dans_le.csv
insp,010,2026-05-24,2026-05-23,beds_occupied,facility,Democratic Republic of the Congo,CH ELIKYA,CH ELIKYA,2,beds,point,FALSE,TRUE,high,"Indicateurs,HGR Bunia,SOFEPADI,Clinique Bénedicte,CH ELIKYA,CM LES MERITES,CITADELE,UNIBU,CH LA PROVIDENCE,RWAKOLE,CM MATHYSEN,SOUS TOTAL BUNIA,HGR RWAMPARA,CH SALAMA,CME,SOUS TOTAL RWAMPARA,HGR MONGBWALU,HGR NYANKUNDE,HGR BAMBU,HGR ARU,Total
Report (Nbre de malades au lit à la fin de journeée précédente),10,7,2,2,2,7,2,2,8,2,44,7,2,10,19,13,33,2,2,113",Institut National de Santé Publique,CC BY 4.0,data/csv/010_table_05_tableau_vi_mouvement_des_malades_dans_le.csv
insp,010,2026-05-24,2026-05-23,beds_occupied,facility,Democratic Republic of the Congo,CH LA PROVIDENCE,CH LA PROVIDENCE,2,beds,point,FALSE,TRUE,high,"Indicateurs,HGR Bunia,SOFEPADI,Clinique Bénedicte,CH ELIKYA,CM LES MERITES,CITADELE,UNIBU,CH LA PROVIDENCE,RWAKOLE,CM MATHYSEN,SOUS TOTAL BUNIA,HGR RWAMPARA,CH SALAMA,CME,SOUS TOTAL RWAMPARA,HGR MONGBWALU,HGR NYANKUNDE,HGR BAMBU,HGR ARU,Total
Report (Nbre de malades au lit à la fin de journeée précédente),10,7,2,2,2,7,2,2,8,2,44,7,2,10,19,13,33,2,2,113",Institut National de Santé Publique,CC BY 4.0,data/csv/010_table_05_tableau_vi_mouvement_des_malades_dans_le.csv
insp,010,2026-05-24,2026-05-23,beds_occupied,facility,Democratic Republic of the Congo,CH SALAMA,CH SALAMA,2,beds,point,FALSE,TRUE,high,"Indicateurs,HGR Bunia,SOFEPADI,Clinique Bénedicte,CH ELIKYA,CM LES MERITES,CITADELE,UNIBU,CH LA PROVIDENCE,RWAKOLE,CM MATHYSEN,SOUS TOTAL BUNIA,HGR RWAMPARA,CH SALAMA,CME,SOUS TOTAL RWAMPARA,HGR MONGBWALU,HGR NYANKUNDE,HGR BAMBU,HGR ARU,Total
Report (Nbre de malades au lit à la fin de journeée précédente),10,7,2,2,2,7,2,2,8,2,44,7,2,10,19,13,33,2,2,113",Institut National de Santé Publique,CC BY 4.0,data/csv/010_table_05_tableau_vi_mouvement_des_malades_dans_le.csv
insp,010,2026-05-24,2026-05-23,beds_occupied,facility,Democratic Republic of the Congo,CITADELE,CITADELE,7,beds,point,FALSE,TRUE,high,"Indicateurs,HGR Bunia,SOFEPADI,Clinique Bénedicte,CH ELIKYA,CM LES MERITES,CITADELE,UNIBU,CH LA PROVIDENCE,RWAKOLE,CM MATHYSEN,SOUS TOTAL BUNIA,HGR RWAMPARA,CH SALAMA,CME,SOUS TOTAL RWAMPARA,HGR MONGBWALU,HGR NYANKUNDE,HGR BAMBU,HGR ARU,Total
Report (Nbre de malades au lit à la fin de journeée précédente),10,7,2,2,2,7,2,2,8,2,44,7,2,10,19,13,33,2,2,113",Institut National de Santé Publique,CC BY 4.0,data/csv/010_table_05_tableau_vi_mouvement_des_malades_dans_le.csv
insp,010,2026-05-24,2026-05-23,beds_occupied,facility,Democratic Republic of the Congo,CM LES MERITES,CM LES MERITES,2,beds,point,FALSE,TRUE,high,"Indicateurs,HGR Bunia,SOFEPADI,Clinique Bénedicte,CH ELIKYA,CM LES MERITES,CITADELE,UNIBU,CH LA PROVIDENCE,RWAKOLE,CM MATHYSEN,SOUS TOTAL BUNIA,HGR RWAMPARA,CH SALAMA,CME,SOUS TOTAL RWAMPARA,HGR MONGBWALU,HGR NYANKUNDE,HGR BAMBU,HGR ARU,Total
Report (Nbre de malades au lit à la fin de journeée précédente),10,7,2,2,2,7,2,2,8,2,44,7,2,10,19,13,33,2,2,113",Institut National de Santé Publique,CC BY 4.0,data/csv/010_table_05_tableau_vi_mouvement_des_malades_dans_le.csv
insp,010,2026-05-24,2026-05-23,beds_occupied,facility,Democratic Republic of the Congo,CM MATHYSEN,CM MATHYSEN,2,beds,point,FALSE,TRUE,high,"Indicateurs,HGR Bunia,SOFEPADI,Clinique Bénedicte,CH ELIKYA,CM LES MERITES,CITADELE,UNIBU,CH LA PROVIDENCE,RWAKOLE,CM MATHYSEN,SOUS TOTAL BUNIA,HGR RWAMPARA,CH SALAMA,CME,SOUS TOTAL RWAMPARA,HGR MONGBWALU,HGR NYANKUNDE,HGR BAMBU,HGR ARU,Total
Report (Nbre de malades au lit à la fin de journeée précédente),10,7,2,2,2,7,2,2,8,2,44,7,2,10,19,13,33,2,2,113",Institut National de Santé Publique,CC BY 4.0,data/csv/010_table_05_tableau_vi_mouvement_des_malades_dans_le.csv
insp,010,2026-05-24,2026-05-23,beds_occupied,facility,Democratic Republic of the Congo,CME,CME,10,beds,point,FALSE,TRUE,high,"Indicateurs,HGR Bunia,SOFEPADI,Clinique Bénedicte,CH ELIKYA,CM LES MERITES,CITADELE,UNIBU,CH LA PROVIDENCE,RWAKOLE,CM MATHYSEN,SOUS TOTAL BUNIA,HGR RWAMPARA,CH SALAMA,CME,SOUS TOTAL RWAMPARA,HGR MONGBWALU,HGR NYANKUNDE,HGR BAMBU,HGR ARU,Total
Report (Nbre de malades au lit à la fin de journeée précédente),10,7,2,2,2,7,2,2,8,2,44,7,2,10,19,13,33,2,2,113",Institut National de Santé Publique,CC BY 4.0,data/csv/010_table_05_tableau_vi_mouvement_des_malades_dans_le.csv
insp,010,2026-05-24,2026-05-23,beds_occupied,facility,Democratic Republic of the Congo,Clinique Bénedicte,Clinique Bénedicte,2,beds,point,FALSE,TRUE,high,"Indicateurs,HGR Bunia,SOFEPADI,Clinique Bénedicte,CH ELIKYA,CM LES MERITES,CITADELE,UNIBU,CH LA PROVIDENCE,RWAKOLE,CM MATHYSEN,SOUS TOTAL BUNIA,HGR RWAMPARA,CH SALAMA,CME,SOUS TOTAL RWAMPARA,HGR MONGBWALU,HGR NYANKUNDE,HGR BAMBU,HGR ARU,Total
Report (Nbre de malades au lit à la fin de journeée précédente),10,7,2,2,2,7,2,2,8,2,44,7,2,10,19,13,33,2,2,113",Institut National de Santé Publique,CC BY 4.0,data/csv/010_table_05_tableau_vi_mouvement_des_malades_dans_le.csv
insp,010,2026-05-24,2026-05-23,beds_occupied,facility,Democratic Republic of the Congo,HGR ARU,HGR ARU,2,beds,point,FALSE,TRUE,high,"Indicateurs,HGR Bunia,SOFEPADI,Clinique Bénedicte,CH ELIKYA,CM LES MERITES,CITADELE,UNIBU,CH LA PROVIDENCE,RWAKOLE,CM MATHYSEN,SOUS TOTAL BUNIA,HGR RWAMPARA,CH SALAMA,CME,SOUS TOTAL RWAMPARA,HGR MONGBWALU,HGR NYANKUNDE,HGR BAMBU,HGR ARU,Total
Report (Nbre de malades au lit à la fin de journeée précédente),10,7,2,2,2,7,2,2,8,2,44,7,2,10,19,13,33,2,2,113",Institut National de Santé Publique,CC BY 4.0,data/csv/010_table_05_tableau_vi_mouvement_des_malades_dans_le.csv
insp,010,2026-05-24,2026-05-23,beds_occupied,facility,Democratic Republic of the Congo,HGR BAMBU,HGR BAMBU,2,beds,point,FALSE,TRUE,high,"Indicateurs,HGR Bunia,SOFEPADI,Clinique Bénedicte,CH ELIKYA,CM LES MERITES,CITADELE,UNIBU,CH LA PROVIDENCE,RWAKOLE,CM MATHYSEN,SOUS TOTAL BUNIA,HGR RWAMPARA,CH SALAMA,CME,SOUS TOTAL RWAMPARA,HGR MONGBWALU,HGR NYANKUNDE,HGR BAMBU,HGR ARU,Total
Report (Nbre de malades au lit à la fin de journeée précédente),10,7,2,2,2,7,2,2,8,2,44,7,2,10,19,13,33,2,2,113",Institut National de Santé Publique,CC BY 4.0,data/csv/010_table_05_tableau_vi_mouvement_des_malades_dans_le.csv
insp,010,2026-05-24,2026-05-23,beds_occupied,facility,Democratic Republic of the Congo,HGR Bunia,HGR Bunia,10,beds,point,FALSE,TRUE,high,"Indicateurs,HGR Bunia,SOFEPADI,Clinique Bénedicte,CH ELIKYA,CM LES MERITES,CITADELE,UNIBU,CH LA PROVIDENCE,RWAKOLE,CM MATHYSEN,SOUS TOTAL BUNIA,HGR RWAMPARA,CH SALAMA,CME,SOUS TOTAL RWAMPARA,HGR MONGBWALU,HGR NYANKUNDE,HGR BAMBU,HGR ARU,Total
Report (Nbre de malades au lit à la fin de journeée précédente),10,7,2,2,2,7,2,2,8,2,44,7,2,10,19,13,33,2,2,113",Institut National de Santé Publique,CC BY 4.0,data/csv/010_table_05_tableau_vi_mouvement_des_malades_dans_le.csv
insp,010,2026-05-24,2026-05-23,beds_occupied,facility,Democratic Republic of the Congo,HGR MONGBWALU,HGR MONGBWALU,13,beds,point,FALSE,TRUE,high,"Indicateurs,HGR Bunia,SOFEPADI,Clinique Bénedicte,CH ELIKYA,CM LES MERITES,CITADELE,UNIBU,CH LA PROVIDENCE,RWAKOLE,CM MATHYSEN,SOUS TOTAL BUNIA,HGR RWAMPARA,CH SALAMA,CME,SOUS TOTAL RWAMPARA,HGR MONGBWALU,HGR NYANKUNDE,HGR BAMBU,HGR ARU,Total
Report (Nbre de malades au lit à la fin de journeée précédente),10,7,2,2,2,7,2,2,8,2,44,7,2,10,19,13,33,2,2,113",Institut National de Santé Publique,CC BY 4.0,data/csv/010_table_05_tableau_vi_mouvement_des_malades_dans_le.csv
insp,010,2026-05-24,2026-05-23,beds_occupied,facility,Democratic Republic of the Congo,HGR NYANKUNDE,HGR NYANKUNDE,33,beds,point,FALSE,TRUE,high,"Indicateurs,HGR Bunia,SOFEPADI,Clinique Bénedicte,CH ELIKYA,CM LES MERITES,CITADELE,UNIBU,CH LA PROVIDENCE,RWAKOLE,CM MATHYSEN,SOUS TOTAL BUNIA,HGR RWAMPARA,CH SALAMA,CME,SOUS TOTAL RWAMPARA,HGR MONGBWALU,HGR NYANKUNDE,HGR BAMBU,HGR ARU,Total
Report (Nbre de malades au lit à la fin de journeée précédente),10,7,2,2,2,7,2,2,8,2,44,7,2,10,19,13,33,2,2,113",Institut National de Santé Publique,CC BY 4.0,data/csv/010_table_05_tableau_vi_mouvement_des_malades_dans_le.csv
insp,010,2026-05-24,2026-05-23,beds_occupied,facility,Democratic Republic of the Congo,HGR RWAMPARA,HGR RWAMPARA,7,beds,point,FALSE,TRUE,high,"Indicateurs,HGR Bunia,SOFEPADI,Clinique Bénedicte,CH ELIKYA,CM LES MERITES,CITADELE,UNIBU,CH LA PROVIDENCE,RWAKOLE,CM MATHYSEN,SOUS TOTAL BUNIA,HGR RWAMPARA,CH SALAMA,CME,SOUS TOTAL RWAMPARA,HGR MONGBWALU,HGR NYANKUNDE,HGR BAMBU,HGR ARU,Total
Report (Nbre de malades au lit à la fin de journeée précédente),10,7,2,2,2,7,2,2,8,2,44,7,2,10,19,13,33,2,2,113",Institut National de Santé Publique,CC BY 4.0,data/csv/010_table_05_tableau_vi_mouvement_des_malades_dans_le.csv
insp,010,2026-05-24,2026-05-23,beds_occupied,facility,Democratic Republic of the Congo,RWAKOLE,RWAKOLE,8,beds,point,FALSE,TRUE,high,"Indicateurs,HGR Bunia,SOFEPADI,Clinique Bénedicte,CH ELIKYA,CM LES MERITES,CITADELE,UNIBU,CH LA PROVIDENCE,RWAKOLE,CM MATHYSEN,SOUS TOTAL BUNIA,HGR RWAMPARA,CH SALAMA,CME,SOUS TOTAL RWAMPARA,HGR MONGBWALU,HGR NYANKUNDE,HGR BAMBU,HGR ARU,Total
Report (Nbre de malades au lit à la fin de journeée précédente),10,7,2,2,2,7,2,2,8,2,44,7,2,10,19,13,33,2,2,113",Institut National de Santé Publique,CC BY 4.0,data/csv/010_table_05_tableau_vi_mouvement_des_malades_dans_le.csv
insp,010,2026-05-24,2026-05-23,beds_occupied,facility,Democratic Republic of the Congo,SOFEPADI,SOFEPADI,7,beds,point,FALSE,TRUE,high,"Indicateurs,HGR Bunia,SOFEPADI,Clinique Bénedicte,CH ELIKYA,CM LES MERITES,CITADELE,UNIBU,CH LA PROVIDENCE,RWAKOLE,CM MATHYSEN,SOUS TOTAL BUNIA,HGR RWAMPARA,CH SALAMA,CME,SOUS TOTAL RWAMPARA,HGR MONGBWALU,HGR NYANKUNDE,HGR BAMBU,HGR ARU,Total
Report (Nbre de malades au lit à la fin de journeée précédente),10,7,2,2,2,7,2,2,8,2,44,7,2,10,19,13,33,2,2,113",Institut National de Santé Publique,CC BY 4.0,data/csv/010_table_05_tableau_vi_mouvement_des_malades_dans_le.csv
insp,010,2026-05-24,2026-05-23,beds_occupied,facility,Democratic Republic of the Congo,UNIBU,UNIBU,2,beds,point,FALSE,TRUE,high,"Indicateurs,HGR Bunia,SOFEPADI,Clinique Bénedicte,CH ELIKYA,CM LES MERITES,CITADELE,UNIBU,CH LA PROVIDENCE,RWAKOLE,CM MATHYSEN,SOUS TOTAL BUNIA,HGR RWAMPARA,CH SALAMA,CME,SOUS TOTAL RWAMPARA,HGR MONGBWALU,HGR NYANKUNDE,HGR BAMBU,HGR ARU,Total
Report (Nbre de malades au lit à la fin de journeée précédente),10,7,2,2,2,7,2,2,8,2,44,7,2,10,19,13,33,2,2,113",Institut National de Santé Publique,CC BY 4.0,data/csv/010_table_05_tableau_vi_mouvement_des_malades_dans_le.csv
insp,010,2026-05-24,2026-05-23,beds_occupied,national,Democratic Republic of the Congo,"",Total,113,beds,point,FALSE,TRUE,high,"Indicateurs,HGR Bunia,SOFEPADI,Clinique Bénedicte,CH ELIKYA,CM LES MERITES,CITADELE,UNIBU,CH LA PROVIDENCE,RWAKOLE,CM MATHYSEN,SOUS TOTAL BUNIA,HGR RWAMPARA,CH SALAMA,CME,SOUS TOTAL RWAMPARA,HGR MONGBWALU,HGR NYANKUNDE,HGR BAMBU,HGR ARU,Total
Report (Nbre de malades au lit à la fin de journeée précédente),10,7,2,2,2,7,2,2,8,2,44,7,2,10,19,13,33,2,2,113",Institut National de Santé Publique,CC BY 4.0,data/csv/010_table_05_tableau_vi_mouvement_des_malades_dans_le.csv
insp,009,2026-05-23,2026-05-23,deaths_in_facility,health_zone,Democratic Republic of the Congo,Aru,ZS Aru,0,patients,24h,FALSE,TRUE,high,"Indicateurs,ZS Bunia,ZS Rwampara,ZS Mongbwalu,ZS Nyankunde,ZS Aru,Total Général
Sorties Décédés,7,4,1,0,0,12",Institut National de Santé Publique,CC BY 4.0,data/csv/009_table_10_tableau_vi_mouvement_des_malades_dans_le.csv
insp,009,2026-05-23,2026-05-23,deaths_in_facility,health_zone,Democratic Republic of the Congo,Aru,ZS Aru,1,patients,cumulative,FALSE,TRUE,high,"Indicateurs,ZS Bunia,ZS Rwampara,ZS Mongbwalu,ZS Nyankunde,ZS Aru,Total Général
Sorties Cumul des décès,57,34,48,1,1,141",Institut National de Santé Publique,CC BY 4.0,data/csv/009_table_10_tableau_vi_mouvement_des_malades_dans_le.csv
insp,009,2026-05-23,2026-05-23,deaths_in_facility,health_zone,Democratic Republic of the Congo,Bunia,ZS Bunia,7,patients,24h,FALSE,TRUE,high,"Indicateurs,ZS Bunia,ZS Rwampara,ZS Mongbwalu,ZS Nyankunde,ZS Aru,Total Général
Sorties Décédés,7,4,1,0,0,12",Institut National de Santé Publique,CC BY 4.0,data/csv/009_table_10_tableau_vi_mouvement_des_malades_dans_le.csv
insp,009,2026-05-23,2026-05-23,deaths_in_facility,health_zone,Democratic Republic of the Congo,Bunia,ZS Bunia,57,patients,cumulative,FALSE,TRUE,high,"Indicateurs,ZS Bunia,ZS Rwampara,ZS Mongbwalu,ZS Nyankunde,ZS Aru,Total Général
Sorties Cumul des décès,57,34,48,1,1,141",Institut National de Santé Publique,CC BY 4.0,data/csv/009_table_10_tableau_vi_mouvement_des_malades_dans_le.csv
insp,009,2026-05-23,2026-05-23,deaths_in_facility,health_zone,Democratic Republic of the Congo,Mongbwalu,ZS Mongbwalu,1,patients,24h,FALSE,TRUE,high,"Indicateurs,ZS Bunia,ZS Rwampara,ZS Mongbwalu,ZS Nyankunde,ZS Aru,Total Général
Sorties Décédés,7,4,1,0,0,12",Institut National de Santé Publique,CC BY 4.0,data/csv/009_table_10_tableau_vi_mouvement_des_malades_dans_le.csv
insp,009,2026-05-23,2026-05-23,deaths_in_facility,health_zone,Democratic Republic of the Congo,Mongbwalu,ZS Mongbwalu,48,patients,cumulative,FALSE,TRUE,high,"Indicateurs,ZS Bunia,ZS Rwampara,ZS Mongbwalu,ZS Nyankunde,ZS Aru,Total Général
Sorties Cumul des décès,57,34,48,1,1,141",Institut National de Santé Publique,CC BY 4.0,data/csv/009_table_10_tableau_vi_mouvement_des_malades_dans_le.csv
insp,009,2026-05-23,2026-05-23,deaths_in_facility,health_zone,Democratic Republic of the Congo,Nyankunde,ZS Nyankunde,0,patients,24h,FALSE,TRUE,high,"Indicateurs,ZS Bunia,ZS Rwampara,ZS Mongbwalu,ZS Nyankunde,ZS Aru,Total Général
Sorties Décédés,7,4,1,0,0,12",Institut National de Santé Publique,CC BY 4.0,data/csv/009_table_10_tableau_vi_mouvement_des_malades_dans_le.csv
insp,009,2026-05-23,2026-05-23,deaths_in_facility,health_zone,Democratic Republic of the Congo,Nyankunde,ZS Nyankunde,1,patients,cumulative,FALSE,TRUE,high,"Indicateurs,ZS Bunia,ZS Rwampara,ZS Mongbwalu,ZS Nyankunde,ZS Aru,Total Général
Sorties Cumul des décès,57,34,48,1,1,141",Institut National de Santé Publique,CC BY 4.0,data/csv/009_table_10_tableau_vi_mouvement_des_malades_dans_le.csv
insp,009,2026-05-23,2026-05-23,deaths_in_facility,health_zone,Democratic Republic of the Congo,Rwampara,ZS Rwampara,4,patients,24h,FALSE,TRUE,high,"Indicateurs,ZS Bunia,ZS Rwampara,ZS Mongbwalu,ZS Nyankunde,ZS Aru,Total Général
Sorties Décédés,7,4,1,0,0,12",Institut National de Santé Publique,CC BY 4.0,data/csv/009_table_10_tableau_vi_mouvement_des_malades_dans_le.csv
insp,009,2026-05-23,2026-05-23,deaths_in_facility,health_zone,Democratic Republic of the Congo,Rwampara,ZS Rwampara,34,patients,cumulative,FALSE,TRUE,high,"Indicateurs,ZS Bunia,ZS Rwampara,ZS Mongbwalu,ZS Nyankunde,ZS Aru,Total Général
Sorties Cumul des décès,57,34,48,1,1,141",Institut National de Santé Publique,CC BY 4.0,data/csv/009_table_10_tableau_vi_mouvement_des_malades_dans_le.csv
insp,009,2026-05-23,2026-05-23,deaths_in_facility,national,Democratic Republic of the Congo,"",Total Général,12,patients,24h,FALSE,TRUE,high,"Indicateurs,ZS Bunia,ZS Rwampara,ZS Mongbwalu,ZS Nyankunde,ZS Aru,Total Général
Sorties Décédés,7,4,1,0,0,12",Institut National de Santé Publique,CC BY 4.0,data/csv/009_table_10_tableau_vi_mouvement_des_malades_dans_le.csv
insp,009,2026-05-23,2026-05-23,deaths_in_facility,national,Democratic Republic of the Congo,"",Total Général,141,patients,cumulative,FALSE,TRUE,high,"Indicateurs,ZS Bunia,ZS Rwampara,ZS Mongbwalu,ZS Nyankunde,ZS Aru,Total Général
Sorties Cumul des décès,57,34,48,1,1,141",Institut National de Santé Publique,CC BY 4.0,data/csv/009_table_10_tableau_vi_mouvement_des_malades_dans_le.csv
insp,009,2026-05-23,2026-05-23,discharges_recovered,health_zone,Democratic Republic of the Congo,Aru,ZS Aru,0,patients,24h,FALSE,TRUE,high,"Indicateurs,ZS Bunia,ZS Rwampara,ZS Mongbwalu,ZS Nyankunde,ZS Aru,Total Général
Sorties Guéris,0,0,0,0,0,0",Institut National de Santé Publique,CC BY 4.0,data/csv/009_table_10_tableau_vi_mouvement_des_malades_dans_le.csv
insp,009,2026-05-23,2026-05-23,discharges_recovered,health_zone,Democratic Republic of the Congo,Bunia,ZS Bunia,0,patients,24h,FALSE,TRUE,high,"Indicateurs,ZS Bunia,ZS Rwampara,ZS Mongbwalu,ZS Nyankunde,ZS Aru,Total Général
Sorties Guéris,0,0,0,0,0,0",Institut National de Santé Publique,CC BY 4.0,data/csv/009_table_10_tableau_vi_mouvement_des_malades_dans_le.csv
insp,009,2026-05-23,2026-05-23,discharges_recovered,health_zone,Democratic Republic of the Congo,Mongbwalu,ZS Mongbwalu,0,patients,24h,FALSE,TRUE,high,"Indicateurs,ZS Bunia,ZS Rwampara,ZS Mongbwalu,ZS Nyankunde,ZS Aru,Total Général
Sorties Guéris,0,0,0,0,0,0",Institut National de Santé Publique,CC BY 4.0,data/csv/009_table_10_tableau_vi_mouvement_des_malades_dans_le.csv
insp,009,2026-05-23,2026-05-23,discharges_recovered,health_zone,Democratic Republic of the Congo,Nyankunde,ZS Nyankunde,0,patients,24h,FALSE,TRUE,high,"Indicateurs,ZS Bunia,ZS Rwampara,ZS Mongbwalu,ZS Nyankunde,ZS Aru,Total Général
Sorties Guéris,0,0,0,0,0,0",Institut National de Santé Publique,CC BY 4.0,data/csv/009_table_10_tableau_vi_mouvement_des_malades_dans_le.csv
insp,009,2026-05-23,2026-05-23,discharges_recovered,health_zone,Democratic Republic of the Congo,Rwampara,ZS Rwampara,0,patients,24h,FALSE,TRUE,high,"Indicateurs,ZS Bunia,ZS Rwampara,ZS Mongbwalu,ZS Nyankunde,ZS Aru,Total Général
Sorties Guéris,0,0,0,0,0,0",Institut National de Santé Publique,CC BY 4.0,data/csv/009_table_10_tableau_vi_mouvement_des_malades_dans_le.csv
insp,009,2026-05-23,2026-05-23,discharges_recovered,national,Democratic Republic of the Congo,"",Total Général,0,patients,24h,FALSE,TRUE,high,"Indicateurs,ZS Bunia,ZS Rwampara,ZS Mongbwalu,ZS Nyankunde,ZS Aru,Total Général
Sorties Guéris,0,0,0,0,0,0",Institut National de Santé Publique,CC BY 4.0,data/csv/009_table_10_tableau_vi_mouvement_des_malades_dans_le.csv
insp,009,2026-05-23,2026-05-23,escapes,health_zone,Democratic Republic of the Congo,Aru,ZS Aru,0,patients,24h,FALSE,TRUE,high,"Indicateurs,ZS Bunia,ZS Rwampara,ZS Mongbwalu,ZS Nyankunde,ZS Aru,Total Général
Sorties Evadés,5,0,18,0,0,23",Institut National de Santé Publique,CC BY 4.0,data/csv/009_table_10_tableau_vi_mouvement_des_malades_dans_le.csv
insp,009,2026-05-23,2026-05-23,escapes,health_zone,Democratic Republic of the Congo,Bunia,ZS Bunia,5,patients,24h,FALSE,TRUE,high,"Indicateurs,ZS Bunia,ZS Rwampara,ZS Mongbwalu,ZS Nyankunde,ZS Aru,Total Général
Sorties Evadés,5,0,18,0,0,23",Institut National de Santé Publique,CC BY 4.0,data/csv/009_table_10_tableau_vi_mouvement_des_malades_dans_le.csv
insp,009,2026-05-23,2026-05-23,escapes,health_zone,Democratic Republic of the Congo,Mongbwalu,ZS Mongbwalu,18,patients,24h,FALSE,TRUE,high,"Indicateurs,ZS Bunia,ZS Rwampara,ZS Mongbwalu,ZS Nyankunde,ZS Aru,Total Général
Sorties Evadés,5,0,18,0,0,23",Institut National de Santé Publique,CC BY 4.0,data/csv/009_table_10_tableau_vi_mouvement_des_malades_dans_le.csv
insp,009,2026-05-23,2026-05-23,escapes,health_zone,Democratic Republic of the Congo,Nyankunde,ZS Nyankunde,0,patients,24h,FALSE,TRUE,high,"Indicateurs,ZS Bunia,ZS Rwampara,ZS Mongbwalu,ZS Nyankunde,ZS Aru,Total Général
Sorties Evadés,5,0,18,0,0,23",Institut National de Santé Publique,CC BY 4.0,data/csv/009_table_10_tableau_vi_mouvement_des_malades_dans_le.csv
insp,009,2026-05-23,2026-05-23,escapes,health_zone,Democratic Republic of the Congo,Rwampara,ZS Rwampara,0,patients,24h,FALSE,TRUE,high,"Indicateurs,ZS Bunia,ZS Rwampara,ZS Mongbwalu,ZS Nyankunde,ZS Aru,Total Général
Sorties Evadés,5,0,18,0,0,23",Institut National de Santé Publique,CC BY 4.0,data/csv/009_table_10_tableau_vi_mouvement_des_malades_dans_le.csv
insp,009,2026-05-23,2026-05-23,escapes,national,Democratic Republic of the Congo,"",Total Général,23,patients,24h,FALSE,TRUE,high,"Indicateurs,ZS Bunia,ZS Rwampara,ZS Mongbwalu,ZS Nyankunde,ZS Aru,Total Général
Sorties Evadés,5,0,18,0,0,23",Institut National de Santé Publique,CC BY 4.0,data/csv/009_table_10_tableau_vi_mouvement_des_malades_dans_le.csv
insp,009,2026-05-23,2026-05-23,patients_in_isolation,health_zone,Democratic Republic of the Congo,Aru,ZS Aru,2,patients,point,FALSE,TRUE,high,"Indicateurs,ZS Bunia,ZS Rwampara,ZS Mongbwalu,ZS Nyankunde,ZS Aru,Total Général
Effectif total en isolement,50,25,31,33,2,141",Institut National de Santé Publique,CC BY 4.0,data/csv/009_table_10_tableau_vi_mouvement_des_malades_dans_le.csv
insp,009,2026-05-23,2026-05-23,patients_in_isolation,health_zone,Democratic Republic of the Congo,Bunia,ZS Bunia,50,patients,point,FALSE,TRUE,high,"Indicateurs,ZS Bunia,ZS Rwampara,ZS Mongbwalu,ZS Nyankunde,ZS Aru,Total Général
Effectif total en isolement,50,25,31,33,2,141",Institut National de Santé Publique,CC BY 4.0,data/csv/009_table_10_tableau_vi_mouvement_des_malades_dans_le.csv
insp,009,2026-05-23,2026-05-23,patients_in_isolation,health_zone,Democratic Republic of the Congo,Mongbwalu,ZS Mongbwalu,31,patients,point,FALSE,TRUE,high,"Indicateurs,ZS Bunia,ZS Rwampara,ZS Mongbwalu,ZS Nyankunde,ZS Aru,Total Général
Effectif total en isolement,50,25,31,33,2,141",Institut National de Santé Publique,CC BY 4.0,data/csv/009_table_10_tableau_vi_mouvement_des_malades_dans_le.csv
insp,009,2026-05-23,2026-05-23,patients_in_isolation,health_zone,Democratic Republic of the Congo,Nyankunde,ZS Nyankunde,33,patients,point,FALSE,TRUE,high,"Indicateurs,ZS Bunia,ZS Rwampara,ZS Mongbwalu,ZS Nyankunde,ZS Aru,Total Général
Effectif total en isolement,50,25,31,33,2,141",Institut National de Santé Publique,CC BY 4.0,data/csv/009_table_10_tableau_vi_mouvement_des_malades_dans_le.csv
insp,009,2026-05-23,2026-05-23,patients_in_isolation,health_zone,Democratic Republic of the Congo,Rwampara,ZS Rwampara,25,patients,point,FALSE,TRUE,high,"Indicateurs,ZS Bunia,ZS Rwampara,ZS Mongbwalu,ZS Nyankunde,ZS Aru,Total Général
Effectif total en isolement,50,25,31,33,2,141",Institut National de Santé Publique,CC BY 4.0,data/csv/009_table_10_tableau_vi_mouvement_des_malades_dans_le.csv
insp,009,2026-05-23,2026-05-23,patients_in_isolation,national,Democratic Republic of the Congo,"",Total Général,141,patients,point,FALSE,TRUE,high,"Indicateurs,ZS Bunia,ZS Rwampara,ZS Mongbwalu,ZS Nyankunde,ZS Aru,Total Général
Effectif total en isolement,50,25,31,33,2,141",Institut National de Santé Publique,CC BY 4.0,data/csv/009_table_10_tableau_vi_mouvement_des_malades_dans_le.csv
insp,010,2026-05-24,2026-05-24,admissions,facility,Democratic Republic of the Congo,CH ELIKYA,CH ELIKYA,2,patients,24h,FALSE,TRUE,high,"Indicateurs,HGR Bunia,SOFEPADI,Clinique Bénedicte,CH ELIKYA,CM LES MERITES,CITADELE,UNIBU,CH LA PROVIDENCE,RWAKOLE,CM MATHYSEN,SOUS TOTAL BUNIA,HGR RWAMPARA,CH SALAMA,CME,SOUS TOTAL RWAMPARA,HGR MONGBWALU,HGR NYANKUNDE,HGR BAMBU,HGR ARU,Total
Nouvelles Admissions du jour Total admissions du jour,1,3,0,2,2,0,0,0,0,1,9,3,1,2,6,5,0,0,0,20",Institut National de Santé Publique,CC BY 4.0,data/csv/010_table_05_tableau_vi_mouvement_des_malades_dans_le.csv
insp,010,2026-05-24,2026-05-24,admissions,facility,Democratic Republic of the Congo,CH ELIKYA,CH ELIKYA,8,patients,cumulative,FALSE,TRUE,high,"Indicateurs,HGR Bunia,SOFEPADI,Clinique Bénedicte,CH ELIKYA,CM LES MERITES,CITADELE,UNIBU,CH LA PROVIDENCE,RWAKOLE,CM MATHYSEN,SOUS TOTAL BUNIA,HGR RWAMPARA,CH SALAMA,CME,SOUS TOTAL RWAMPARA,HGR MONGBWALU,HGR NYANKUNDE,HGR BAMBU,HGR ARU,Total
Cumul de malades admis en isolement,61,13,4,8,4,7,5,2,11,3,118,38,16,ND,54,70,36,0,3,281",Institut National de Santé Publique,CC BY 4.0,data/csv/010_table_05_tableau_vi_mouvement_des_malades_dans_le.csv
insp,010,2026-05-24,2026-05-24,admissions,facility,Democratic Republic of the Congo,CH LA PROVIDENCE,CH LA PROVIDENCE,0,patients,24h,FALSE,TRUE,high,"Indicateurs,HGR Bunia,SOFEPADI,Clinique Bénedicte,CH ELIKYA,CM LES MERITES,CITADELE,UNIBU,CH LA PROVIDENCE,RWAKOLE,CM MATHYSEN,SOUS TOTAL BUNIA,HGR RWAMPARA,CH SALAMA,CME,SOUS TOTAL RWAMPARA,HGR MONGBWALU,HGR NYANKUNDE,HGR BAMBU,HGR ARU,Total
Nouvelles Admissions du jour Total admissions du jour,1,3,0,2,2,0,0,0,0,1,9,3,1,2,6,5,0,0,0,20",Institut National de Santé Publique,CC BY 4.0,data/csv/010_table_05_tableau_vi_mouvement_des_malades_dans_le.csv
insp,010,2026-05-24,2026-05-24,admissions,facility,Democratic Republic of the Congo,CH LA PROVIDENCE,CH LA PROVIDENCE,2,patients,cumulative,FALSE,TRUE,high,"Indicateurs,HGR Bunia,SOFEPADI,Clinique Bénedicte,CH ELIKYA,CM LES MERITES,CITADELE,UNIBU,CH LA PROVIDENCE,RWAKOLE,CM MATHYSEN,SOUS TOTAL BUNIA,HGR RWAMPARA,CH SALAMA,CME,SOUS TOTAL RWAMPARA,HGR MONGBWALU,HGR NYANKUNDE,HGR BAMBU,HGR ARU,Total
Cumul de malades admis en isolement,61,13,4,8,4,7,5,2,11,3,118,38,16,ND,54,70,36,0,3,281",Institut National de Santé Publique,CC BY 4.0,data/csv/010_table_05_tableau_vi_mouvement_des_malades_dans_le.csv
insp,010,2026-05-24,2026-05-24,admissions,facility,Democratic Republic of the Congo,CH SALAMA,CH SALAMA,1,patients,24h,FALSE,TRUE,high,"Indicateurs,HGR Bunia,SOFEPADI,Clinique Bénedicte,CH ELIKYA,CM LES MERITES,CITADELE,UNIBU,CH LA PROVIDENCE,RWAKOLE,CM MATHYSEN,SOUS TOTAL BUNIA,HGR RWAMPARA,CH SALAMA,CME,SOUS TOTAL RWAMPARA,HGR MONGBWALU,HGR NYANKUNDE,HGR BAMBU,HGR ARU,Total
Nouvelles Admissions du jour Total admissions du jour,1,3,0,2,2,0,0,0,0,1,9,3,1,2,6,5,0,0,0,20",Institut National de Santé Publique,CC BY 4.0,data/csv/010_table_05_tableau_vi_mouvement_des_malades_dans_le.csv
insp,010,2026-05-24,2026-05-24,admissions,facility,Democratic Republic of the Congo,CH SALAMA,CH SALAMA,16,patients,cumulative,FALSE,TRUE,high,"Indicateurs,HGR Bunia,SOFEPADI,Clinique Bénedicte,CH ELIKYA,CM LES MERITES,CITADELE,UNIBU,CH LA PROVIDENCE,RWAKOLE,CM MATHYSEN,SOUS TOTAL BUNIA,HGR RWAMPARA,CH SALAMA,CME,SOUS TOTAL RWAMPARA,HGR MONGBWALU,HGR NYANKUNDE,HGR BAMBU,HGR ARU,Total
Cumul de malades admis en isolement,61,13,4,8,4,7,5,2,11,3,118,38,16,ND,54,70,36,0,3,281",Institut National de Santé Publique,CC BY 4.0,data/csv/010_table_05_tableau_vi_mouvement_des_malades_dans_le.csv
insp,010,2026-05-24,2026-05-24,admissions,facility,Democratic Republic of the Congo,CITADELE,CITADELE,0,patients,24h,FALSE,TRUE,high,"Indicateurs,HGR Bunia,SOFEPADI,Clinique Bénedicte,CH ELIKYA,CM LES MERITES,CITADELE,UNIBU,CH LA PROVIDENCE,RWAKOLE,CM MATHYSEN,SOUS TOTAL BUNIA,HGR RWAMPARA,CH SALAMA,CME,SOUS TOTAL RWAMPARA,HGR MONGBWALU,HGR NYANKUNDE,HGR BAMBU,HGR ARU,Total
Nouvelles Admissions du jour Total admissions du jour,1,3,0,2,2,0,0,0,0,1,9,3,1,2,6,5,0,0,0,20",Institut National de Santé Publique,CC BY 4.0,data/csv/010_table_05_tableau_vi_mouvement_des_malades_dans_le.csv
insp,010,2026-05-24,2026-05-24,admissions,facility,Democratic Republic of the Congo,CITADELE,CITADELE,7,patients,cumulative,FALSE,TRUE,high,"Indicateurs,HGR Bunia,SOFEPADI,Clinique Bénedicte,CH ELIKYA,CM LES MERITES,CITADELE,UNIBU,CH LA PROVIDENCE,RWAKOLE,CM MATHYSEN,SOUS TOTAL BUNIA,HGR RWAMPARA,CH SALAMA,CME,SOUS TOTAL RWAMPARA,HGR MONGBWALU,HGR NYANKUNDE,HGR BAMBU,HGR ARU,Total
Cumul de malades admis en isolement,61,13,4,8,4,7,5,2,11,3,118,38,16,ND,54,70,36,0,3,281",Institut National de Santé Publique,CC BY 4.0,data/csv/010_table_05_tableau_vi_mouvement_des_malades_dans_le.csv
insp,010,2026-05-24,2026-05-24,admissions,facility,Democratic Republic of the Congo,CM LES MERITES,CM LES MERITES,2,patients,24h,FALSE,TRUE,high,"Indicateurs,HGR Bunia,SOFEPADI,Clinique Bénedicte,CH ELIKYA,CM LES MERITES,CITADELE,UNIBU,CH LA PROVIDENCE,RWAKOLE,CM MATHYSEN,SOUS TOTAL BUNIA,HGR RWAMPARA,CH SALAMA,CME,SOUS TOTAL RWAMPARA,HGR MONGBWALU,HGR NYANKUNDE,HGR BAMBU,HGR ARU,Total
Nouvelles Admissions du jour Total admissions du jour,1,3,0,2,2,0,0,0,0,1,9,3,1,2,6,5,0,0,0,20",Institut National de Santé Publique,CC BY 4.0,data/csv/010_table_05_tableau_vi_mouvement_des_malades_dans_le.csv
insp,010,2026-05-24,2026-05-24,admissions,facility,Democratic Republic of the Congo,CM LES MERITES,CM LES MERITES,4,patients,cumulative,FALSE,TRUE,high,"Indicateurs,HGR Bunia,SOFEPADI,Clinique Bénedicte,CH ELIKYA,CM LES MERITES,CITADELE,UNIBU,CH LA PROVIDENCE,RWAKOLE,CM MATHYSEN,SOUS TOTAL BUNIA,HGR RWAMPARA,CH SALAMA,CME,SOUS TOTAL RWAMPARA,HGR MONGBWALU,HGR NYANKUNDE,HGR BAMBU,HGR ARU,Total
Cumul de malades admis en isolement,61,13,4,8,4,7,5,2,11,3,118,38,16,ND,54,70,36,0,3,281",Institut National de Santé Publique,CC BY 4.0,data/csv/010_table_05_tableau_vi_mouvement_des_malades_dans_le.csv
insp,010,2026-05-24,2026-05-24,admissions,facility,Democratic Republic of the Congo,CM MATHYSEN,CM MATHYSEN,1,patients,24h,FALSE,TRUE,high,"Indicateurs,HGR Bunia,SOFEPADI,Clinique Bénedicte,CH ELIKYA,CM LES MERITES,CITADELE,UNIBU,CH LA PROVIDENCE,RWAKOLE,CM MATHYSEN,SOUS TOTAL BUNIA,HGR RWAMPARA,CH SALAMA,CME,SOUS TOTAL RWAMPARA,HGR MONGBWALU,HGR NYANKUNDE,HGR BAMBU,HGR ARU,Total
Nouvelles Admissions du jour Total admissions du jour,1,3,0,2,2,0,0,0,0,1,9,3,1,2,6,5,0,0,0,20",Institut National de Santé Publique,CC BY 4.0,data/csv/010_table_05_tableau_vi_mouvement_des_malades_dans_le.csv
insp,010,2026-05-24,2026-05-24,admissions,facility,Democratic Republic of the Congo,CM MATHYSEN,CM MATHYSEN,3,patients,cumulative,FALSE,TRUE,high,"Indicateurs,HGR Bunia,SOFEPADI,Clinique Bénedicte,CH ELIKYA,CM LES MERITES,CITADELE,UNIBU,CH LA PROVIDENCE,RWAKOLE,CM MATHYSEN,SOUS TOTAL BUNIA,HGR RWAMPARA,CH SALAMA,CME,SOUS TOTAL RWAMPARA,HGR MONGBWALU,HGR NYANKUNDE,HGR BAMBU,HGR ARU,Total
Cumul de malades admis en isolement,61,13,4,8,4,7,5,2,11,3,118,38,16,ND,54,70,36,0,3,281",Institut National de Santé Publique,CC BY 4.0,data/csv/010_table_05_tableau_vi_mouvement_des_malades_dans_le.csv
insp,010,2026-05-24,2026-05-24,admissions,facility,Democratic Republic of the Congo,CME,CME,2,patients,24h,FALSE,TRUE,high,"Indicateurs,HGR Bunia,SOFEPADI,Clinique Bénedicte,CH ELIKYA,CM LES MERITES,CITADELE,UNIBU,CH LA PROVIDENCE,RWAKOLE,CM MATHYSEN,SOUS TOTAL BUNIA,HGR RWAMPARA,CH SALAMA,CME,SOUS TOTAL RWAMPARA,HGR MONGBWALU,HGR NYANKUNDE,HGR BAMBU,HGR ARU,Total
Nouvelles Admissions du jour Total admissions du jour,1,3,0,2,2,0,0,0,0,1,9,3,1,2,6,5,0,0,0,20",Institut National de Santé Publique,CC BY 4.0,data/csv/010_table_05_tableau_vi_mouvement_des_malades_dans_le.csv
insp,010,2026-05-24,2026-05-24,admissions,facility,Democratic Republic of the Congo,Clinique Bénedicte,Clinique Bénedicte,0,patients,24h,FALSE,TRUE,high,"Indicateurs,HGR Bunia,SOFEPADI,Clinique Bénedicte,CH ELIKYA,CM LES MERITES,CITADELE,UNIBU,CH LA PROVIDENCE,RWAKOLE,CM MATHYSEN,SOUS TOTAL BUNIA,HGR RWAMPARA,CH SALAMA,CME,SOUS TOTAL RWAMPARA,HGR MONGBWALU,HGR NYANKUNDE,HGR BAMBU,HGR ARU,Total
Nouvelles Admissions du jour Total admissions du jour,1,3,0,2,2,0,0,0,0,1,9,3,1,2,6,5,0,0,0,20",Institut National de Santé Publique,CC BY 4.0,data/csv/010_table_05_tableau_vi_mouvement_des_malades_dans_le.csv
insp,010,2026-05-24,2026-05-24,admissions,facility,Democratic Republic of the Congo,Clinique Bénedicte,Clinique Bénedicte,4,patients,cumulative,FALSE,TRUE,high,"Indicateurs,HGR Bunia,SOFEPADI,Clinique Bénedicte,CH ELIKYA,CM LES MERITES,CITADELE,UNIBU,CH LA PROVIDENCE,RWAKOLE,CM MATHYSEN,SOUS TOTAL BUNIA,HGR RWAMPARA,CH SALAMA,CME,SOUS TOTAL RWAMPARA,HGR MONGBWALU,HGR NYANKUNDE,HGR BAMBU,HGR ARU,Total
Cumul de malades admis en isolement,61,13,4,8,4,7,5,2,11,3,118,38,16,ND,54,70,36,0,3,281",Institut National de Santé Publique,CC BY 4.0,data/csv/010_table_05_tableau_vi_mouvement_des_malades_dans_le.csv
insp,010,2026-05-24,2026-05-24,admissions,facility,Democratic Republic of the Congo,HGR ARU,HGR ARU,0,patients,24h,FALSE,TRUE,high,"Indicateurs,HGR Bunia,SOFEPADI,Clinique Bénedicte,CH ELIKYA,CM LES MERITES,CITADELE,UNIBU,CH LA PROVIDENCE,RWAKOLE,CM MATHYSEN,SOUS TOTAL BUNIA,HGR RWAMPARA,CH SALAMA,CME,SOUS TOTAL RWAMPARA,HGR MONGBWALU,HGR NYANKUNDE,HGR BAMBU,HGR ARU,Total
Nouvelles Admissions du jour Total admissions du jour,1,3,0,2,2,0,0,0,0,1,9,3,1,2,6,5,0,0,0,20",Institut National de Santé Publique,CC BY 4.0,data/csv/010_table_05_tableau_vi_mouvement_des_malades_dans_le.csv
insp,010,2026-05-24,2026-05-24,admissions,facility,Democratic Republic of the Congo,HGR ARU,HGR ARU,3,patients,cumulative,FALSE,TRUE,high,"Indicateurs,HGR Bunia,SOFEPADI,Clinique Bénedicte,CH ELIKYA,CM LES MERITES,CITADELE,UNIBU,CH LA PROVIDENCE,RWAKOLE,CM MATHYSEN,SOUS TOTAL BUNIA,HGR RWAMPARA,CH SALAMA,CME,SOUS TOTAL RWAMPARA,HGR MONGBWALU,HGR NYANKUNDE,HGR BAMBU,HGR ARU,Total
Cumul de malades admis en isolement,61,13,4,8,4,7,5,2,11,3,118,38,16,ND,54,70,36,0,3,281",Institut National de Santé Publique,CC BY 4.0,data/csv/010_table_05_tableau_vi_mouvement_des_malades_dans_le.csv
insp,010,2026-05-24,2026-05-24,admissions,facility,Democratic Republic of the Congo,HGR BAMBU,HGR BAMBU,0,patients,24h,FALSE,TRUE,high,"Indicateurs,HGR Bunia,SOFEPADI,Clinique Bénedicte,CH ELIKYA,CM LES MERITES,CITADELE,UNIBU,CH LA PROVIDENCE,RWAKOLE,CM MATHYSEN,SOUS TOTAL BUNIA,HGR RWAMPARA,CH SALAMA,CME,SOUS TOTAL RWAMPARA,HGR MONGBWALU,HGR NYANKUNDE,HGR BAMBU,HGR ARU,Total
Nouvelles Admissions du jour Total admissions du jour,1,3,0,2,2,0,0,0,0,1,9,3,1,2,6,5,0,0,0,20",Institut National de Santé Publique,CC BY 4.0,data/csv/010_table_05_tableau_vi_mouvement_des_malades_dans_le.csv
insp,010,2026-05-24,2026-05-24,admissions,facility,Democratic Republic of the Congo,HGR BAMBU,HGR BAMBU,0,patients,cumulative,FALSE,TRUE,high,"Indicateurs,HGR Bunia,SOFEPADI,Clinique Bénedicte,CH ELIKYA,CM LES MERITES,CITADELE,UNIBU,CH LA PROVIDENCE,RWAKOLE,CM MATHYSEN,SOUS TOTAL BUNIA,HGR RWAMPARA,CH SALAMA,CME,SOUS TOTAL RWAMPARA,HGR MONGBWALU,HGR NYANKUNDE,HGR BAMBU,HGR ARU,Total
Cumul de malades admis en isolement,61,13,4,8,4,7,5,2,11,3,118,38,16,ND,54,70,36,0,3,281",Institut National de Santé Publique,CC BY 4.0,data/csv/010_table_05_tableau_vi_mouvement_des_malades_dans_le.csv
insp,010,2026-05-24,2026-05-24,admissions,facility,Democratic Republic of the Congo,HGR Bunia,HGR Bunia,1,patients,24h,FALSE,TRUE,high,"Indicateurs,HGR Bunia,SOFEPADI,Clinique Bénedicte,CH ELIKYA,CM LES MERITES,CITADELE,UNIBU,CH LA PROVIDENCE,RWAKOLE,CM MATHYSEN,SOUS TOTAL BUNIA,HGR RWAMPARA,CH SALAMA,CME,SOUS TOTAL RWAMPARA,HGR MONGBWALU,HGR NYANKUNDE,HGR BAMBU,HGR ARU,Total
Nouvelles Admissions du jour Total admissions du jour,1,3,0,2,2,0,0,0,0,1,9,3,1,2,6,5,0,0,0,20",Institut National de Santé Publique,CC BY 4.0,data/csv/010_table_05_tableau_vi_mouvement_des_malades_dans_le.csv
insp,010,2026-05-24,2026-05-24,admissions,facility,Democratic Republic of the Congo,HGR Bunia,HGR Bunia,61,patients,cumulative,FALSE,TRUE,high,"Indicateurs,HGR Bunia,SOFEPADI,Clinique Bénedicte,CH ELIKYA,CM LES MERITES,CITADELE,UNIBU,CH LA PROVIDENCE,RWAKOLE,CM MATHYSEN,SOUS TOTAL BUNIA,HGR RWAMPARA,CH SALAMA,CME,SOUS TOTAL RWAMPARA,HGR MONGBWALU,HGR NYANKUNDE,HGR BAMBU,HGR ARU,Total
Cumul de malades admis en isolement,61,13,4,8,4,7,5,2,11,3,118,38,16,ND,54,70,36,0,3,281",Institut National de Santé Publique,CC BY 4.0,data/csv/010_table_05_tableau_vi_mouvement_des_malades_dans_le.csv
insp,010,2026-05-24,2026-05-24,admissions,facility,Democratic Republic of the Congo,HGR MONGBWALU,HGR MONGBWALU,5,patients,24h,FALSE,TRUE,high,"Indicateurs,HGR Bunia,SOFEPADI,Clinique Bénedicte,CH ELIKYA,CM LES MERITES,CITADELE,UNIBU,CH LA PROVIDENCE,RWAKOLE,CM MATHYSEN,SOUS TOTAL BUNIA,HGR RWAMPARA,CH SALAMA,CME,SOUS TOTAL RWAMPARA,HGR MONGBWALU,HGR NYANKUNDE,HGR BAMBU,HGR ARU,Total
Nouvelles Admissions du jour Total admissions du jour,1,3,0,2,2,0,0,0,0,1,9,3,1,2,6,5,0,0,0,20",Institut National de Santé Publique,CC BY 4.0,data/csv/010_table_05_tableau_vi_mouvement_des_malades_dans_le.csv
insp,010,2026-05-24,2026-05-24,admissions,facility,Democratic Republic of the Congo,HGR MONGBWALU,HGR MONGBWALU,70,patients,cumulative,FALSE,TRUE,high,"Indicateurs,HGR Bunia,SOFEPADI,Clinique Bénedicte,CH ELIKYA,CM LES MERITES,CITADELE,UNIBU,CH LA PROVIDENCE,RWAKOLE,CM MATHYSEN,SOUS TOTAL BUNIA,HGR RWAMPARA,CH SALAMA,CME,SOUS TOTAL RWAMPARA,HGR MONGBWALU,HGR NYANKUNDE,HGR BAMBU,HGR ARU,Total
Cumul de malades admis en isolement,61,13,4,8,4,7,5,2,11,3,118,38,16,ND,54,70,36,0,3,281",Institut National de Santé Publique,CC BY 4.0,data/csv/010_table_05_tableau_vi_mouvement_des_malades_dans_le.csv
insp,010,2026-05-24,2026-05-24,admissions,facility,Democratic Republic of the Congo,HGR NYANKUNDE,HGR NYANKUNDE,0,patients,24h,FALSE,TRUE,high,"Indicateurs,HGR Bunia,SOFEPADI,Clinique Bénedicte,CH ELIKYA,CM LES MERITES,CITADELE,UNIBU,CH LA PROVIDENCE,RWAKOLE,CM MATHYSEN,SOUS TOTAL BUNIA,HGR RWAMPARA,CH SALAMA,CME,SOUS TOTAL RWAMPARA,HGR MONGBWALU,HGR NYANKUNDE,HGR BAMBU,HGR ARU,Total
Nouvelles Admissions du jour Total admissions du jour,1,3,0,2,2,0,0,0,0,1,9,3,1,2,6,5,0,0,0,20",Institut National de Santé Publique,CC BY 4.0,data/csv/010_table_05_tableau_vi_mouvement_des_malades_dans_le.csv
insp,010,2026-05-24,2026-05-24,admissions,facility,Democratic Republic of the Congo,HGR NYANKUNDE,HGR NYANKUNDE,36,patients,cumulative,FALSE,TRUE,high,"Indicateurs,HGR Bunia,SOFEPADI,Clinique Bénedicte,CH ELIKYA,CM LES MERITES,CITADELE,UNIBU,CH LA PROVIDENCE,RWAKOLE,CM MATHYSEN,SOUS TOTAL BUNIA,HGR RWAMPARA,CH SALAMA,CME,SOUS TOTAL RWAMPARA,HGR MONGBWALU,HGR NYANKUNDE,HGR BAMBU,HGR ARU,Total
Cumul de malades admis en isolement,61,13,4,8,4,7,5,2,11,3,118,38,16,ND,54,70,36,0,3,281",Institut National de Santé Publique,CC BY 4.0,data/csv/010_table_05_tableau_vi_mouvement_des_malades_dans_le.csv
insp,010,2026-05-24,2026-05-24,admissions,facility,Democratic Republic of the Congo,HGR RWAMPARA,HGR RWAMPARA,3,patients,24h,FALSE,TRUE,high,"Indicateurs,HGR Bunia,SOFEPADI,Clinique Bénedicte,CH ELIKYA,CM LES MERITES,CITADELE,UNIBU,CH LA PROVIDENCE,RWAKOLE,CM MATHYSEN,SOUS TOTAL BUNIA,HGR RWAMPARA,CH SALAMA,CME,SOUS TOTAL RWAMPARA,HGR MONGBWALU,HGR NYANKUNDE,HGR BAMBU,HGR ARU,Total
Nouvelles Admissions du jour Total admissions du jour,1,3,0,2,2,0,0,0,0,1,9,3,1,2,6,5,0,0,0,20",Institut National de Santé Publique,CC BY 4.0,data/csv/010_table_05_tableau_vi_mouvement_des_malades_dans_le.csv
insp,010,2026-05-24,2026-05-24,admissions,facility,Democratic Republic of the Congo,HGR RWAMPARA,HGR RWAMPARA,38,patients,cumulative,FALSE,TRUE,high,"Indicateurs,HGR Bunia,SOFEPADI,Clinique Bénedicte,CH ELIKYA,CM LES MERITES,CITADELE,UNIBU,CH LA PROVIDENCE,RWAKOLE,CM MATHYSEN,SOUS TOTAL BUNIA,HGR RWAMPARA,CH SALAMA,CME,SOUS TOTAL RWAMPARA,HGR MONGBWALU,HGR NYANKUNDE,HGR BAMBU,HGR ARU,Total
Cumul de malades admis en isolement,61,13,4,8,4,7,5,2,11,3,118,38,16,ND,54,70,36,0,3,281",Institut National de Santé Publique,CC BY 4.0,data/csv/010_table_05_tableau_vi_mouvement_des_malades_dans_le.csv
insp,010,2026-05-24,2026-05-24,admissions,facility,Democratic Republic of the Congo,RWAKOLE,RWAKOLE,0,patients,24h,FALSE,TRUE,high,"Indicateurs,HGR Bunia,SOFEPADI,Clinique Bénedicte,CH ELIKYA,CM LES MERITES,CITADELE,UNIBU,CH LA PROVIDENCE,RWAKOLE,CM MATHYSEN,SOUS TOTAL BUNIA,HGR RWAMPARA,CH SALAMA,CME,SOUS TOTAL RWAMPARA,HGR MONGBWALU,HGR NYANKUNDE,HGR BAMBU,HGR ARU,Total
Nouvelles Admissions du jour Total admissions du jour,1,3,0,2,2,0,0,0,0,1,9,3,1,2,6,5,0,0,0,20",Institut National de Santé Publique,CC BY 4.0,data/csv/010_table_05_tableau_vi_mouvement_des_malades_dans_le.csv
insp,010,2026-05-24,2026-05-24,admissions,facility,Democratic Republic of the Congo,RWAKOLE,RWAKOLE,11,patients,cumulative,FALSE,TRUE,high,"Indicateurs,HGR Bunia,SOFEPADI,Clinique Bénedicte,CH ELIKYA,CM LES MERITES,CITADELE,UNIBU,CH LA PROVIDENCE,RWAKOLE,CM MATHYSEN,SOUS TOTAL BUNIA,HGR RWAMPARA,CH SALAMA,CME,SOUS TOTAL RWAMPARA,HGR MONGBWALU,HGR NYANKUNDE,HGR BAMBU,HGR ARU,Total
Cumul de malades admis en isolement,61,13,4,8,4,7,5,2,11,3,118,38,16,ND,54,70,36,0,3,281",Institut National de Santé Publique,CC BY 4.0,data/csv/010_table_05_tableau_vi_mouvement_des_malades_dans_le.csv
insp,010,2026-05-24,2026-05-24,admissions,facility,Democratic Republic of the Congo,SOFEPADI,SOFEPADI,3,patients,24h,FALSE,TRUE,high,"Indicateurs,HGR Bunia,SOFEPADI,Clinique Bénedicte,CH ELIKYA,CM LES MERITES,CITADELE,UNIBU,CH LA PROVIDENCE,RWAKOLE,CM MATHYSEN,SOUS TOTAL BUNIA,HGR RWAMPARA,CH SALAMA,CME,SOUS TOTAL RWAMPARA,HGR MONGBWALU,HGR NYANKUNDE,HGR BAMBU,HGR ARU,Total
Nouvelles Admissions du jour Total admissions du jour,1,3,0,2,2,0,0,0,0,1,9,3,1,2,6,5,0,0,0,20",Institut National de Santé Publique,CC BY 4.0,data/csv/010_table_05_tableau_vi_mouvement_des_malades_dans_le.csv
insp,010,2026-05-24,2026-05-24,admissions,facility,Democratic Republic of the Congo,SOFEPADI,SOFEPADI,13,patients,cumulative,FALSE,TRUE,high,"Indicateurs,HGR Bunia,SOFEPADI,Clinique Bénedicte,CH ELIKYA,CM LES MERITES,CITADELE,UNIBU,CH LA PROVIDENCE,RWAKOLE,CM MATHYSEN,SOUS TOTAL BUNIA,HGR RWAMPARA,CH SALAMA,CME,SOUS TOTAL RWAMPARA,HGR MONGBWALU,HGR NYANKUNDE,HGR BAMBU,HGR ARU,Total
Cumul de malades admis en isolement,61,13,4,8,4,7,5,2,11,3,118,38,16,ND,54,70,36,0,3,281",Institut National de Santé Publique,CC BY 4.0,data/csv/010_table_05_tableau_vi_mouvement_des_malades_dans_le.csv
insp,010,2026-05-24,2026-05-24,admissions,facility,Democratic Republic of the Congo,UNIBU,UNIBU,0,patients,24h,FALSE,TRUE,high,"Indicateurs,HGR Bunia,SOFEPADI,Clinique Bénedicte,CH ELIKYA,CM LES MERITES,CITADELE,UNIBU,CH LA PROVIDENCE,RWAKOLE,CM MATHYSEN,SOUS TOTAL BUNIA,HGR RWAMPARA,CH SALAMA,CME,SOUS TOTAL RWAMPARA,HGR MONGBWALU,HGR NYANKUNDE,HGR BAMBU,HGR ARU,Total
Nouvelles Admissions du jour Total admissions du jour,1,3,0,2,2,0,0,0,0,1,9,3,1,2,6,5,0,0,0,20",Institut National de Santé Publique,CC BY 4.0,data/csv/010_table_05_tableau_vi_mouvement_des_malades_dans_le.csv
insp,010,2026-05-24,2026-05-24,admissions,facility,Democratic Republic of the Congo,UNIBU,UNIBU,5,patients,cumulative,FALSE,TRUE,high,"Indicateurs,HGR Bunia,SOFEPADI,Clinique Bénedicte,CH ELIKYA,CM LES MERITES,CITADELE,UNIBU,CH LA PROVIDENCE,RWAKOLE,CM MATHYSEN,SOUS TOTAL BUNIA,HGR RWAMPARA,CH SALAMA,CME,SOUS TOTAL RWAMPARA,HGR MONGBWALU,HGR NYANKUNDE,HGR BAMBU,HGR ARU,Total
Cumul de malades admis en isolement,61,13,4,8,4,7,5,2,11,3,118,38,16,ND,54,70,36,0,3,281",Institut National de Santé Publique,CC BY 4.0,data/csv/010_table_05_tableau_vi_mouvement_des_malades_dans_le.csv
who_afro,afro-02,2026-05-24,2026-05-24,admissions,health_zone,Democratic Republic of the Congo,Bunia,Bunia,53,patients,cumulative,FALSE,TRUE,high,"The largest numbers of admissions are in Bunia (53), Nyankunde (33), Rwampara (25), and Mongbwalu
(18) health zones.",World Health Organization Regional Office for Africa,CC BY-NC-SA 3.0 IGO,https://iris.who.int/handle/10665/386242
who_afro,afro-02,2026-05-24,2026-05-24,admissions,health_zone,Democratic Republic of the Congo,Mongbwalu,Mongbwalu,18,patients,cumulative,FALSE,TRUE,high,"The largest numbers of admissions are in Bunia (53), Nyankunde (33), Rwampara (25), and Mongbwalu
(18) health zones.",World Health Organization Regional Office for Africa,CC BY-NC-SA 3.0 IGO,https://iris.who.int/handle/10665/386242
who_afro,afro-02,2026-05-24,2026-05-24,admissions,health_zone,Democratic Republic of the Congo,Nyankunde,Nyankunde,33,patients,cumulative,FALSE,TRUE,high,"The largest numbers of admissions are in Bunia (53), Nyankunde (33), Rwampara (25), and Mongbwalu
(18) health zones.",World Health Organization Regional Office for Africa,CC BY-NC-SA 3.0 IGO,https://iris.who.int/handle/10665/386242
who_afro,afro-02,2026-05-24,2026-05-24,admissions,health_zone,Democratic Republic of the Congo,Rwampara,Rwampara,25,patients,cumulative,FALSE,TRUE,high,"The largest numbers of admissions are in Bunia (53), Nyankunde (33), Rwampara (25), and Mongbwalu
(18) health zones.",World Health Organization Regional Office for Africa,CC BY-NC-SA 3.0 IGO,https://iris.who.int/handle/10665/386242
who_afro,afro-02,2026-05-24,2026-05-24,admissions,national,Democratic Republic of the Congo,"","",281,patients,cumulative,FALSE,TRUE,high,"As of 24 May 2026, the Democratic Republic of the Congo had admitted a cumulative total of 281 patients",World Health Organization Regional Office for Africa,CC BY-NC-SA 3.0 IGO,https://iris.who.int/handle/10665/386242
insp,010,2026-05-24,2026-05-24,admissions,national,Democratic Republic of the Congo,"",Total,20,patients,24h,FALSE,TRUE,high,"Indicateurs,HGR Bunia,SOFEPADI,Clinique Bénedicte,CH ELIKYA,CM LES MERITES,CITADELE,UNIBU,CH LA PROVIDENCE,RWAKOLE,CM MATHYSEN,SOUS TOTAL BUNIA,HGR RWAMPARA,CH SALAMA,CME,SOUS TOTAL RWAMPARA,HGR MONGBWALU,HGR NYANKUNDE,HGR BAMBU,HGR ARU,Total
Nouvelles Admissions du jour Total admissions du jour,1,3,0,2,2,0,0,0,0,1,9,3,1,2,6,5,0,0,0,20",Institut National de Santé Publique,CC BY 4.0,data/csv/010_table_05_tableau_vi_mouvement_des_malades_dans_le.csv
insp,010,2026-05-24,2026-05-24,admissions,national,Democratic Republic of the Congo,"",Total,281,patients,cumulative,FALSE,TRUE,high,"Indicateurs,HGR Bunia,SOFEPADI,Clinique Bénedicte,CH ELIKYA,CM LES MERITES,CITADELE,UNIBU,CH LA PROVIDENCE,RWAKOLE,CM MATHYSEN,SOUS TOTAL BUNIA,HGR RWAMPARA,CH SALAMA,CME,SOUS TOTAL RWAMPARA,HGR MONGBWALU,HGR NYANKUNDE,HGR BAMBU,HGR ARU,Total
Cumul de malades admis en isolement,61,13,4,8,4,7,5,2,11,3,118,38,16,ND,54,70,36,0,3,281",Institut National de Santé Publique,CC BY 4.0,data/csv/010_table_05_tableau_vi_mouvement_des_malades_dans_le.csv
who_afro,afro-02,2026-05-24,2026-05-24,beds_capacity,facility,Uganda,Mulago Ebola Treatment Unit (ETU),Mulago Ebola Treatment Unit (ETU),80,beds,point,FALSE,TRUE,high,"Mulago Ebola Treatment Unit (ETU) in Kampala, Uganda, an
80-bed facility",World Health Organization Regional Office for Africa,CC BY-NC-SA 3.0 IGO,https://iris.who.int/handle/10665/386242
insp,010,2026-05-24,2026-05-24,deaths_in_facility,facility,Democratic Republic of the Congo,CH ELIKYA,CH ELIKYA,2,patients,24h,FALSE,TRUE,high,"Indicateurs,HGR Bunia,SOFEPADI,Clinique Bénedicte,CH ELIKYA,CM LES MERITES,CITADELE,UNIBU,CH LA PROVIDENCE,RWAKOLE,CM MATHYSEN,SOUS TOTAL BUNIA,HGR RWAMPARA,CH SALAMA,CME,SOUS TOTAL RWAMPARA,HGR MONGBWALU,HGR NYANKUNDE,HGR BAMBU,HGR ARU,Total
Sorties Décédés,0,2,0,2,0,1,0,1,0,1,7,1,0,1,2,1,0,0,0,10",Institut National de Santé Publique,CC BY 4.0,data/csv/010_table_05_tableau_vi_mouvement_des_malades_dans_le.csv
insp,010,2026-05-24,2026-05-24,deaths_in_facility,facility,Democratic Republic of the Congo,CH ELIKYA,CH ELIKYA,4,patients,cumulative,FALSE,TRUE,high,"Indicateurs,HGR Bunia,SOFEPADI,Clinique Bénedicte,CH ELIKYA,CM LES MERITES,CITADELE,UNIBU,CH LA PROVIDENCE,RWAKOLE,CM MATHYSEN,SOUS TOTAL BUNIA,HGR RWAMPARA,CH SALAMA,CME,SOUS TOTAL RWAMPARA,HGR MONGBWALU,HGR NYANKUNDE,HGR BAMBU,HGR ARU,Total
Sorties Cumul des décès,42,6,0,4,1,2,2,2,3,2,64,12,0,24,36,49,1,0,1,151",Institut National de Santé Publique,CC BY 4.0,data/csv/010_table_05_tableau_vi_mouvement_des_malades_dans_le.csv
insp,010,2026-05-24,2026-05-24,deaths_in_facility,facility,Democratic Republic of the Congo,CH LA PROVIDENCE,CH LA PROVIDENCE,1,patients,24h,FALSE,TRUE,high,"Indicateurs,HGR Bunia,SOFEPADI,Clinique Bénedicte,CH ELIKYA,CM LES MERITES,CITADELE,UNIBU,CH LA PROVIDENCE,RWAKOLE,CM MATHYSEN,SOUS TOTAL BUNIA,HGR RWAMPARA,CH SALAMA,CME,SOUS TOTAL RWAMPARA,HGR MONGBWALU,HGR NYANKUNDE,HGR BAMBU,HGR ARU,Total
Sorties Décédés,0,2,0,2,0,1,0,1,0,1,7,1,0,1,2,1,0,0,0,10",Institut National de Santé Publique,CC BY 4.0,data/csv/010_table_05_tableau_vi_mouvement_des_malades_dans_le.csv
insp,010,2026-05-24,2026-05-24,deaths_in_facility,facility,Democratic Republic of the Congo,CH LA PROVIDENCE,CH LA PROVIDENCE,2,patients,cumulative,FALSE,TRUE,high,"Indicateurs,HGR Bunia,SOFEPADI,Clinique Bénedicte,CH ELIKYA,CM LES MERITES,CITADELE,UNIBU,CH LA PROVIDENCE,RWAKOLE,CM MATHYSEN,SOUS TOTAL BUNIA,HGR RWAMPARA,CH SALAMA,CME,SOUS TOTAL RWAMPARA,HGR MONGBWALU,HGR NYANKUNDE,HGR BAMBU,HGR ARU,Total
Sorties Cumul des décès,42,6,0,4,1,2,2,2,3,2,64,12,0,24,36,49,1,0,1,151",Institut National de Santé Publique,CC BY 4.0,data/csv/010_table_05_tableau_vi_mouvement_des_malades_dans_le.csv
insp,010,2026-05-24,2026-05-24,deaths_in_facility,facility,Democratic Republic of the Congo,CH SALAMA,CH SALAMA,0,patients,24h,FALSE,TRUE,high,"Indicateurs,HGR Bunia,SOFEPADI,Clinique Bénedicte,CH ELIKYA,CM LES MERITES,CITADELE,UNIBU,CH LA PROVIDENCE,RWAKOLE,CM MATHYSEN,SOUS TOTAL BUNIA,HGR RWAMPARA,CH SALAMA,CME,SOUS TOTAL RWAMPARA,HGR MONGBWALU,HGR NYANKUNDE,HGR BAMBU,HGR ARU,Total
Sorties Décédés,0,2,0,2,0,1,0,1,0,1,7,1,0,1,2,1,0,0,0,10",Institut National de Santé Publique,CC BY 4.0,data/csv/010_table_05_tableau_vi_mouvement_des_malades_dans_le.csv
insp,010,2026-05-24,2026-05-24,deaths_in_facility,facility,Democratic Republic of the Congo,CH SALAMA,CH SALAMA,0,patients,cumulative,FALSE,TRUE,high,"Indicateurs,HGR Bunia,SOFEPADI,Clinique Bénedicte,CH ELIKYA,CM LES MERITES,CITADELE,UNIBU,CH LA PROVIDENCE,RWAKOLE,CM MATHYSEN,SOUS TOTAL BUNIA,HGR RWAMPARA,CH SALAMA,CME,SOUS TOTAL RWAMPARA,HGR MONGBWALU,HGR NYANKUNDE,HGR BAMBU,HGR ARU,Total
Sorties Cumul des décès,42,6,0,4,1,2,2,2,3,2,64,12,0,24,36,49,1,0,1,151",Institut National de Santé Publique,CC BY 4.0,data/csv/010_table_05_tableau_vi_mouvement_des_malades_dans_le.csv
insp,010,2026-05-24,2026-05-24,deaths_in_facility,facility,Democratic Republic of the Congo,CITADELE,CITADELE,1,patients,24h,FALSE,TRUE,high,"Indicateurs,HGR Bunia,SOFEPADI,Clinique Bénedicte,CH ELIKYA,CM LES MERITES,CITADELE,UNIBU,CH LA PROVIDENCE,RWAKOLE,CM MATHYSEN,SOUS TOTAL BUNIA,HGR RWAMPARA,CH SALAMA,CME,SOUS TOTAL RWAMPARA,HGR MONGBWALU,HGR NYANKUNDE,HGR BAMBU,HGR ARU,Total
Sorties Décédés,0,2,0,2,0,1,0,1,0,1,7,1,0,1,2,1,0,0,0,10",Institut National de Santé Publique,CC BY 4.0,data/csv/010_table_05_tableau_vi_mouvement_des_malades_dans_le.csv
insp,010,2026-05-24,2026-05-24,deaths_in_facility,facility,Democratic Republic of the Congo,CITADELE,CITADELE,2,patients,cumulative,FALSE,TRUE,high,"Indicateurs,HGR Bunia,SOFEPADI,Clinique Bénedicte,CH ELIKYA,CM LES MERITES,CITADELE,UNIBU,CH LA PROVIDENCE,RWAKOLE,CM MATHYSEN,SOUS TOTAL BUNIA,HGR RWAMPARA,CH SALAMA,CME,SOUS TOTAL RWAMPARA,HGR MONGBWALU,HGR NYANKUNDE,HGR BAMBU,HGR ARU,Total
Sorties Cumul des décès,42,6,0,4,1,2,2,2,3,2,64,12,0,24,36,49,1,0,1,151",Institut National de Santé Publique,CC BY 4.0,data/csv/010_table_05_tableau_vi_mouvement_des_malades_dans_le.csv
insp,010,2026-05-24,2026-05-24,deaths_in_facility,facility,Democratic Republic of the Congo,CM LES MERITES,CM LES MERITES,0,patients,24h,FALSE,TRUE,high,"Indicateurs,HGR Bunia,SOFEPADI,Clinique Bénedicte,CH ELIKYA,CM LES MERITES,CITADELE,UNIBU,CH LA PROVIDENCE,RWAKOLE,CM MATHYSEN,SOUS TOTAL BUNIA,HGR RWAMPARA,CH SALAMA,CME,SOUS TOTAL RWAMPARA,HGR MONGBWALU,HGR NYANKUNDE,HGR BAMBU,HGR ARU,Total
Sorties Décédés,0,2,0,2,0,1,0,1,0,1,7,1,0,1,2,1,0,0,0,10",Institut National de Santé Publique,CC BY 4.0,data/csv/010_table_05_tableau_vi_mouvement_des_malades_dans_le.csv
insp,010,2026-05-24,2026-05-24,deaths_in_facility,facility,Democratic Republic of the Congo,CM LES MERITES,CM LES MERITES,1,patients,cumulative,FALSE,TRUE,high,"Indicateurs,HGR Bunia,SOFEPADI,Clinique Bénedicte,CH ELIKYA,CM LES MERITES,CITADELE,UNIBU,CH LA PROVIDENCE,RWAKOLE,CM MATHYSEN,SOUS TOTAL BUNIA,HGR RWAMPARA,CH SALAMA,CME,SOUS TOTAL RWAMPARA,HGR MONGBWALU,HGR NYANKUNDE,HGR BAMBU,HGR ARU,Total
Sorties Cumul des décès,42,6,0,4,1,2,2,2,3,2,64,12,0,24,36,49,1,0,1,151",Institut National de Santé Publique,CC BY 4.0,data/csv/010_table_05_tableau_vi_mouvement_des_malades_dans_le.csv
insp,010,2026-05-24,2026-05-24,deaths_in_facility,facility,Democratic Republic of the Congo,CM MATHYSEN,CM MATHYSEN,1,patients,24h,FALSE,TRUE,high,"Indicateurs,HGR Bunia,SOFEPADI,Clinique Bénedicte,CH ELIKYA,CM LES MERITES,CITADELE,UNIBU,CH LA PROVIDENCE,RWAKOLE,CM MATHYSEN,SOUS TOTAL BUNIA,HGR RWAMPARA,CH SALAMA,CME,SOUS TOTAL RWAMPARA,HGR MONGBWALU,HGR NYANKUNDE,HGR BAMBU,HGR ARU,Total
Sorties Décédés,0,2,0,2,0,1,0,1,0,1,7,1,0,1,2,1,0,0,0,10",Institut National de Santé Publique,CC BY 4.0,data/csv/010_table_05_tableau_vi_mouvement_des_malades_dans_le.csv
insp,010,2026-05-24,2026-05-24,deaths_in_facility,facility,Democratic Republic of the Congo,CM MATHYSEN,CM MATHYSEN,2,patients,cumulative,FALSE,TRUE,high,"Indicateurs,HGR Bunia,SOFEPADI,Clinique Bénedicte,CH ELIKYA,CM LES MERITES,CITADELE,UNIBU,CH LA PROVIDENCE,RWAKOLE,CM MATHYSEN,SOUS TOTAL BUNIA,HGR RWAMPARA,CH SALAMA,CME,SOUS TOTAL RWAMPARA,HGR MONGBWALU,HGR NYANKUNDE,HGR BAMBU,HGR ARU,Total
Sorties Cumul des décès,42,6,0,4,1,2,2,2,3,2,64,12,0,24,36,49,1,0,1,151",Institut National de Santé Publique,CC BY 4.0,data/csv/010_table_05_tableau_vi_mouvement_des_malades_dans_le.csv
insp,010,2026-05-24,2026-05-24,deaths_in_facility,facility,Democratic Republic of the Congo,CME,CME,1,patients,24h,FALSE,TRUE,high,"Indicateurs,HGR Bunia,SOFEPADI,Clinique Bénedicte,CH ELIKYA,CM LES MERITES,CITADELE,UNIBU,CH LA PROVIDENCE,RWAKOLE,CM MATHYSEN,SOUS TOTAL BUNIA,HGR RWAMPARA,CH SALAMA,CME,SOUS TOTAL RWAMPARA,HGR MONGBWALU,HGR NYANKUNDE,HGR BAMBU,HGR ARU,Total
Sorties Décédés,0,2,0,2,0,1,0,1,0,1,7,1,0,1,2,1,0,0,0,10",Institut National de Santé Publique,CC BY 4.0,data/csv/010_table_05_tableau_vi_mouvement_des_malades_dans_le.csv
insp,010,2026-05-24,2026-05-24,deaths_in_facility,facility,Democratic Republic of the Congo,CME,CME,24,patients,cumulative,FALSE,TRUE,high,"Indicateurs,HGR Bunia,SOFEPADI,Clinique Bénedicte,CH ELIKYA,CM LES MERITES,CITADELE,UNIBU,CH LA PROVIDENCE,RWAKOLE,CM MATHYSEN,SOUS TOTAL BUNIA,HGR RWAMPARA,CH SALAMA,CME,SOUS TOTAL RWAMPARA,HGR MONGBWALU,HGR NYANKUNDE,HGR BAMBU,HGR ARU,Total
Sorties Cumul des décès,42,6,0,4,1,2,2,2,3,2,64,12,0,24,36,49,1,0,1,151",Institut National de Santé Publique,CC BY 4.0,data/csv/010_table_05_tableau_vi_mouvement_des_malades_dans_le.csv
insp,010,2026-05-24,2026-05-24,deaths_in_facility,facility,Democratic Republic of the Congo,Clinique Bénedicte,Clinique Bénedicte,0,patients,24h,FALSE,TRUE,high,"Indicateurs,HGR Bunia,SOFEPADI,Clinique Bénedicte,CH ELIKYA,CM LES MERITES,CITADELE,UNIBU,CH LA PROVIDENCE,RWAKOLE,CM MATHYSEN,SOUS TOTAL BUNIA,HGR RWAMPARA,CH SALAMA,CME,SOUS TOTAL RWAMPARA,HGR MONGBWALU,HGR NYANKUNDE,HGR BAMBU,HGR ARU,Total
Sorties Décédés,0,2,0,2,0,1,0,1,0,1,7,1,0,1,2,1,0,0,0,10",Institut National de Santé Publique,CC BY 4.0,data/csv/010_table_05_tableau_vi_mouvement_des_malades_dans_le.csv
insp,010,2026-05-24,2026-05-24,deaths_in_facility,facility,Democratic Republic of the Congo,Clinique Bénedicte,Clinique Bénedicte,0,patients,cumulative,FALSE,TRUE,high,"Indicateurs,HGR Bunia,SOFEPADI,Clinique Bénedicte,CH ELIKYA,CM LES MERITES,CITADELE,UNIBU,CH LA PROVIDENCE,RWAKOLE,CM MATHYSEN,SOUS TOTAL BUNIA,HGR RWAMPARA,CH SALAMA,CME,SOUS TOTAL RWAMPARA,HGR MONGBWALU,HGR NYANKUNDE,HGR BAMBU,HGR ARU,Total
Sorties Cumul des décès,42,6,0,4,1,2,2,2,3,2,64,12,0,24,36,49,1,0,1,151",Institut National de Santé Publique,CC BY 4.0,data/csv/010_table_05_tableau_vi_mouvement_des_malades_dans_le.csv
insp,010,2026-05-24,2026-05-24,deaths_in_facility,facility,Democratic Republic of the Congo,HGR ARU,HGR ARU,0,patients,24h,FALSE,TRUE,high,"Indicateurs,HGR Bunia,SOFEPADI,Clinique Bénedicte,CH ELIKYA,CM LES MERITES,CITADELE,UNIBU,CH LA PROVIDENCE,RWAKOLE,CM MATHYSEN,SOUS TOTAL BUNIA,HGR RWAMPARA,CH SALAMA,CME,SOUS TOTAL RWAMPARA,HGR MONGBWALU,HGR NYANKUNDE,HGR BAMBU,HGR ARU,Total
Sorties Décédés,0,2,0,2,0,1,0,1,0,1,7,1,0,1,2,1,0,0,0,10",Institut National de Santé Publique,CC BY 4.0,data/csv/010_table_05_tableau_vi_mouvement_des_malades_dans_le.csv
insp,010,2026-05-24,2026-05-24,deaths_in_facility,facility,Democratic Republic of the Congo,HGR ARU,HGR ARU,1,patients,cumulative,FALSE,TRUE,high,"Indicateurs,HGR Bunia,SOFEPADI,Clinique Bénedicte,CH ELIKYA,CM LES MERITES,CITADELE,UNIBU,CH LA PROVIDENCE,RWAKOLE,CM MATHYSEN,SOUS TOTAL BUNIA,HGR RWAMPARA,CH SALAMA,CME,SOUS TOTAL RWAMPARA,HGR MONGBWALU,HGR NYANKUNDE,HGR BAMBU,HGR ARU,Total
Sorties Cumul des décès,42,6,0,4,1,2,2,2,3,2,64,12,0,24,36,49,1,0,1,151",Institut National de Santé Publique,CC BY 4.0,data/csv/010_table_05_tableau_vi_mouvement_des_malades_dans_le.csv
insp,010,2026-05-24,2026-05-24,deaths_in_facility,facility,Democratic Republic of the Congo,HGR BAMBU,HGR BAMBU,0,patients,24h,FALSE,TRUE,high,"Indicateurs,HGR Bunia,SOFEPADI,Clinique Bénedicte,CH ELIKYA,CM LES MERITES,CITADELE,UNIBU,CH LA PROVIDENCE,RWAKOLE,CM MATHYSEN,SOUS TOTAL BUNIA,HGR RWAMPARA,CH SALAMA,CME,SOUS TOTAL RWAMPARA,HGR MONGBWALU,HGR NYANKUNDE,HGR BAMBU,HGR ARU,Total
Sorties Décédés,0,2,0,2,0,1,0,1,0,1,7,1,0,1,2,1,0,0,0,10",Institut National de Santé Publique,CC BY 4.0,data/csv/010_table_05_tableau_vi_mouvement_des_malades_dans_le.csv
insp,010,2026-05-24,2026-05-24,deaths_in_facility,facility,Democratic Republic of the Congo,HGR BAMBU,HGR BAMBU,0,patients,cumulative,FALSE,TRUE,high,"Indicateurs,HGR Bunia,SOFEPADI,Clinique Bénedicte,CH ELIKYA,CM LES MERITES,CITADELE,UNIBU,CH LA PROVIDENCE,RWAKOLE,CM MATHYSEN,SOUS TOTAL BUNIA,HGR RWAMPARA,CH SALAMA,CME,SOUS TOTAL RWAMPARA,HGR MONGBWALU,HGR NYANKUNDE,HGR BAMBU,HGR ARU,Total
Sorties Cumul des décès,42,6,0,4,1,2,2,2,3,2,64,12,0,24,36,49,1,0,1,151",Institut National de Santé Publique,CC BY 4.0,data/csv/010_table_05_tableau_vi_mouvement_des_malades_dans_le.csv
insp,010,2026-05-24,2026-05-24,deaths_in_facility,facility,Democratic Republic of the Congo,HGR Bunia,HGR Bunia,0,patients,24h,FALSE,TRUE,high,"Indicateurs,HGR Bunia,SOFEPADI,Clinique Bénedicte,CH ELIKYA,CM LES MERITES,CITADELE,UNIBU,CH LA PROVIDENCE,RWAKOLE,CM MATHYSEN,SOUS TOTAL BUNIA,HGR RWAMPARA,CH SALAMA,CME,SOUS TOTAL RWAMPARA,HGR MONGBWALU,HGR NYANKUNDE,HGR BAMBU,HGR ARU,Total
Sorties Décédés,0,2,0,2,0,1,0,1,0,1,7,1,0,1,2,1,0,0,0,10",Institut National de Santé Publique,CC BY 4.0,data/csv/010_table_05_tableau_vi_mouvement_des_malades_dans_le.csv
insp,010,2026-05-24,2026-05-24,deaths_in_facility,facility,Democratic Republic of the Congo,HGR Bunia,HGR Bunia,42,patients,cumulative,FALSE,TRUE,high,"Indicateurs,HGR Bunia,SOFEPADI,Clinique Bénedicte,CH ELIKYA,CM LES MERITES,CITADELE,UNIBU,CH LA PROVIDENCE,RWAKOLE,CM MATHYSEN,SOUS TOTAL BUNIA,HGR RWAMPARA,CH SALAMA,CME,SOUS TOTAL RWAMPARA,HGR MONGBWALU,HGR NYANKUNDE,HGR BAMBU,HGR ARU,Total
Sorties Cumul des décès,42,6,0,4,1,2,2,2,3,2,64,12,0,24,36,49,1,0,1,151",Institut National de Santé Publique,CC BY 4.0,data/csv/010_table_05_tableau_vi_mouvement_des_malades_dans_le.csv
insp,010,2026-05-24,2026-05-24,deaths_in_facility,facility,Democratic Republic of the Congo,HGR MONGBWALU,HGR MONGBWALU,1,patients,24h,FALSE,TRUE,high,"Indicateurs,HGR Bunia,SOFEPADI,Clinique Bénedicte,CH ELIKYA,CM LES MERITES,CITADELE,UNIBU,CH LA PROVIDENCE,RWAKOLE,CM MATHYSEN,SOUS TOTAL BUNIA,HGR RWAMPARA,CH SALAMA,CME,SOUS TOTAL RWAMPARA,HGR MONGBWALU,HGR NYANKUNDE,HGR BAMBU,HGR ARU,Total
Sorties Décédés,0,2,0,2,0,1,0,1,0,1,7,1,0,1,2,1,0,0,0,10",Institut National de Santé Publique,CC BY 4.0,data/csv/010_table_05_tableau_vi_mouvement_des_malades_dans_le.csv
insp,010,2026-05-24,2026-05-24,deaths_in_facility,facility,Democratic Republic of the Congo,HGR MONGBWALU,HGR MONGBWALU,49,patients,cumulative,FALSE,TRUE,high,"Indicateurs,HGR Bunia,SOFEPADI,Clinique Bénedicte,CH ELIKYA,CM LES MERITES,CITADELE,UNIBU,CH LA PROVIDENCE,RWAKOLE,CM MATHYSEN,SOUS TOTAL BUNIA,HGR RWAMPARA,CH SALAMA,CME,SOUS TOTAL RWAMPARA,HGR MONGBWALU,HGR NYANKUNDE,HGR BAMBU,HGR ARU,Total
Sorties Cumul des décès,42,6,0,4,1,2,2,2,3,2,64,12,0,24,36,49,1,0,1,151",Institut National de Santé Publique,CC BY 4.0,data/csv/010_table_05_tableau_vi_mouvement_des_malades_dans_le.csv
insp,010,2026-05-24,2026-05-24,deaths_in_facility,facility,Democratic Republic of the Congo,HGR NYANKUNDE,HGR NYANKUNDE,0,patients,24h,FALSE,TRUE,high,"Indicateurs,HGR Bunia,SOFEPADI,Clinique Bénedicte,CH ELIKYA,CM LES MERITES,CITADELE,UNIBU,CH LA PROVIDENCE,RWAKOLE,CM MATHYSEN,SOUS TOTAL BUNIA,HGR RWAMPARA,CH SALAMA,CME,SOUS TOTAL RWAMPARA,HGR MONGBWALU,HGR NYANKUNDE,HGR BAMBU,HGR ARU,Total
Sorties Décédés,0,2,0,2,0,1,0,1,0,1,7,1,0,1,2,1,0,0,0,10",Institut National de Santé Publique,CC BY 4.0,data/csv/010_table_05_tableau_vi_mouvement_des_malades_dans_le.csv
insp,010,2026-05-24,2026-05-24,deaths_in_facility,facility,Democratic Republic of the Congo,HGR NYANKUNDE,HGR NYANKUNDE,1,patients,cumulative,FALSE,TRUE,high,"Indicateurs,HGR Bunia,SOFEPADI,Clinique Bénedicte,CH ELIKYA,CM LES MERITES,CITADELE,UNIBU,CH LA PROVIDENCE,RWAKOLE,CM MATHYSEN,SOUS TOTAL BUNIA,HGR RWAMPARA,CH SALAMA,CME,SOUS TOTAL RWAMPARA,HGR MONGBWALU,HGR NYANKUNDE,HGR BAMBU,HGR ARU,Total
Sorties Cumul des décès,42,6,0,4,1,2,2,2,3,2,64,12,0,24,36,49,1,0,1,151",Institut National de Santé Publique,CC BY 4.0,data/csv/010_table_05_tableau_vi_mouvement_des_malades_dans_le.csv
insp,010,2026-05-24,2026-05-24,deaths_in_facility,facility,Democratic Republic of the Congo,HGR RWAMPARA,HGR RWAMPARA,1,patients,24h,FALSE,TRUE,high,"Indicateurs,HGR Bunia,SOFEPADI,Clinique Bénedicte,CH ELIKYA,CM LES MERITES,CITADELE,UNIBU,CH LA PROVIDENCE,RWAKOLE,CM MATHYSEN,SOUS TOTAL BUNIA,HGR RWAMPARA,CH SALAMA,CME,SOUS TOTAL RWAMPARA,HGR MONGBWALU,HGR NYANKUNDE,HGR BAMBU,HGR ARU,Total
Sorties Décédés,0,2,0,2,0,1,0,1,0,1,7,1,0,1,2,1,0,0,0,10",Institut National de Santé Publique,CC BY 4.0,data/csv/010_table_05_tableau_vi_mouvement_des_malades_dans_le.csv
insp,010,2026-05-24,2026-05-24,deaths_in_facility,facility,Democratic Republic of the Congo,HGR RWAMPARA,HGR RWAMPARA,12,patients,cumulative,FALSE,TRUE,high,"Indicateurs,HGR Bunia,SOFEPADI,Clinique Bénedicte,CH ELIKYA,CM LES MERITES,CITADELE,UNIBU,CH LA PROVIDENCE,RWAKOLE,CM MATHYSEN,SOUS TOTAL BUNIA,HGR RWAMPARA,CH SALAMA,CME,SOUS TOTAL RWAMPARA,HGR MONGBWALU,HGR NYANKUNDE,HGR BAMBU,HGR ARU,Total
Sorties Cumul des décès,42,6,0,4,1,2,2,2,3,2,64,12,0,24,36,49,1,0,1,151",Institut National de Santé Publique,CC BY 4.0,data/csv/010_table_05_tableau_vi_mouvement_des_malades_dans_le.csv
insp,010,2026-05-24,2026-05-24,deaths_in_facility,facility,Democratic Republic of the Congo,RWAKOLE,RWAKOLE,0,patients,24h,FALSE,TRUE,high,"Indicateurs,HGR Bunia,SOFEPADI,Clinique Bénedicte,CH ELIKYA,CM LES MERITES,CITADELE,UNIBU,CH LA PROVIDENCE,RWAKOLE,CM MATHYSEN,SOUS TOTAL BUNIA,HGR RWAMPARA,CH SALAMA,CME,SOUS TOTAL RWAMPARA,HGR MONGBWALU,HGR NYANKUNDE,HGR BAMBU,HGR ARU,Total
Sorties Décédés,0,2,0,2,0,1,0,1,0,1,7,1,0,1,2,1,0,0,0,10",Institut National de Santé Publique,CC BY 4.0,data/csv/010_table_05_tableau_vi_mouvement_des_malades_dans_le.csv
insp,010,2026-05-24,2026-05-24,deaths_in_facility,facility,Democratic Republic of the Congo,RWAKOLE,RWAKOLE,3,patients,cumulative,FALSE,TRUE,high,"Indicateurs,HGR Bunia,SOFEPADI,Clinique Bénedicte,CH ELIKYA,CM LES MERITES,CITADELE,UNIBU,CH LA PROVIDENCE,RWAKOLE,CM MATHYSEN,SOUS TOTAL BUNIA,HGR RWAMPARA,CH SALAMA,CME,SOUS TOTAL RWAMPARA,HGR MONGBWALU,HGR NYANKUNDE,HGR BAMBU,HGR ARU,Total
Sorties Cumul des décès,42,6,0,4,1,2,2,2,3,2,64,12,0,24,36,49,1,0,1,151",Institut National de Santé Publique,CC BY 4.0,data/csv/010_table_05_tableau_vi_mouvement_des_malades_dans_le.csv
insp,010,2026-05-24,2026-05-24,deaths_in_facility,facility,Democratic Republic of the Congo,SOFEPADI,SOFEPADI,2,patients,24h,FALSE,TRUE,high,"Indicateurs,HGR Bunia,SOFEPADI,Clinique Bénedicte,CH ELIKYA,CM LES MERITES,CITADELE,UNIBU,CH LA PROVIDENCE,RWAKOLE,CM MATHYSEN,SOUS TOTAL BUNIA,HGR RWAMPARA,CH SALAMA,CME,SOUS TOTAL RWAMPARA,HGR MONGBWALU,HGR NYANKUNDE,HGR BAMBU,HGR ARU,Total
Sorties Décédés,0,2,0,2,0,1,0,1,0,1,7,1,0,1,2,1,0,0,0,10",Institut National de Santé Publique,CC BY 4.0,data/csv/010_table_05_tableau_vi_mouvement_des_malades_dans_le.csv
insp,010,2026-05-24,2026-05-24,deaths_in_facility,facility,Democratic Republic of the Congo,SOFEPADI,SOFEPADI,6,patients,cumulative,FALSE,TRUE,high,"Indicateurs,HGR Bunia,SOFEPADI,Clinique Bénedicte,CH ELIKYA,CM LES MERITES,CITADELE,UNIBU,CH LA PROVIDENCE,RWAKOLE,CM MATHYSEN,SOUS TOTAL BUNIA,HGR RWAMPARA,CH SALAMA,CME,SOUS TOTAL RWAMPARA,HGR MONGBWALU,HGR NYANKUNDE,HGR BAMBU,HGR ARU,Total
Sorties Cumul des décès,42,6,0,4,1,2,2,2,3,2,64,12,0,24,36,49,1,0,1,151",Institut National de Santé Publique,CC BY 4.0,data/csv/010_table_05_tableau_vi_mouvement_des_malades_dans_le.csv
insp,010,2026-05-24,2026-05-24,deaths_in_facility,facility,Democratic Republic of the Congo,UNIBU,UNIBU,0,patients,24h,FALSE,TRUE,high,"Indicateurs,HGR Bunia,SOFEPADI,Clinique Bénedicte,CH ELIKYA,CM LES MERITES,CITADELE,UNIBU,CH LA PROVIDENCE,RWAKOLE,CM MATHYSEN,SOUS TOTAL BUNIA,HGR RWAMPARA,CH SALAMA,CME,SOUS TOTAL RWAMPARA,HGR MONGBWALU,HGR NYANKUNDE,HGR BAMBU,HGR ARU,Total
Sorties Décédés,0,2,0,2,0,1,0,1,0,1,7,1,0,1,2,1,0,0,0,10",Institut National de Santé Publique,CC BY 4.0,data/csv/010_table_05_tableau_vi_mouvement_des_malades_dans_le.csv
insp,010,2026-05-24,2026-05-24,deaths_in_facility,facility,Democratic Republic of the Congo,UNIBU,UNIBU,2,patients,cumulative,FALSE,TRUE,high,"Indicateurs,HGR Bunia,SOFEPADI,Clinique Bénedicte,CH ELIKYA,CM LES MERITES,CITADELE,UNIBU,CH LA PROVIDENCE,RWAKOLE,CM MATHYSEN,SOUS TOTAL BUNIA,HGR RWAMPARA,CH SALAMA,CME,SOUS TOTAL RWAMPARA,HGR MONGBWALU,HGR NYANKUNDE,HGR BAMBU,HGR ARU,Total
Sorties Cumul des décès,42,6,0,4,1,2,2,2,3,2,64,12,0,24,36,49,1,0,1,151",Institut National de Santé Publique,CC BY 4.0,data/csv/010_table_05_tableau_vi_mouvement_des_malades_dans_le.csv
insp,010,2026-05-24,2026-05-24,deaths_in_facility,national,Democratic Republic of the Congo,"",Total,10,patients,24h,FALSE,TRUE,high,"Indicateurs,HGR Bunia,SOFEPADI,Clinique Bénedicte,CH ELIKYA,CM LES MERITES,CITADELE,UNIBU,CH LA PROVIDENCE,RWAKOLE,CM MATHYSEN,SOUS TOTAL BUNIA,HGR RWAMPARA,CH SALAMA,CME,SOUS TOTAL RWAMPARA,HGR MONGBWALU,HGR NYANKUNDE,HGR BAMBU,HGR ARU,Total
Sorties Décédés,0,2,0,2,0,1,0,1,0,1,7,1,0,1,2,1,0,0,0,10",Institut National de Santé Publique,CC BY 4.0,data/csv/010_table_05_tableau_vi_mouvement_des_malades_dans_le.csv
insp,010,2026-05-24,2026-05-24,deaths_in_facility,national,Democratic Republic of the Congo,"",Total,151,patients,cumulative,FALSE,TRUE,high,"Indicateurs,HGR Bunia,SOFEPADI,Clinique Bénedicte,CH ELIKYA,CM LES MERITES,CITADELE,UNIBU,CH LA PROVIDENCE,RWAKOLE,CM MATHYSEN,SOUS TOTAL BUNIA,HGR RWAMPARA,CH SALAMA,CME,SOUS TOTAL RWAMPARA,HGR MONGBWALU,HGR NYANKUNDE,HGR BAMBU,HGR ARU,Total
Sorties Cumul des décès,42,6,0,4,1,2,2,2,3,2,64,12,0,24,36,49,1,0,1,151",Institut National de Santé Publique,CC BY 4.0,data/csv/010_table_05_tableau_vi_mouvement_des_malades_dans_le.csv
insp,010,2026-05-24,2026-05-24,discharges_recovered,facility,Democratic Republic of the Congo,CH ELIKYA,CH ELIKYA,0,patients,24h,FALSE,TRUE,high,"Indicateurs,HGR Bunia,SOFEPADI,Clinique Bénedicte,CH ELIKYA,CM LES MERITES,CITADELE,UNIBU,CH LA PROVIDENCE,RWAKOLE,CM MATHYSEN,SOUS TOTAL BUNIA,HGR RWAMPARA,CH SALAMA,CME,SOUS TOTAL RWAMPARA,HGR MONGBWALU,HGR NYANKUNDE,HGR BAMBU,HGR ARU,Total
Sorties Guéris,0,0,0,0,0,0,0,0,0,0,0,0,0,0,0,0,0,0,0,0",Institut National de Santé Publique,CC BY 4.0,data/csv/010_table_05_tableau_vi_mouvement_des_malades_dans_le.csv
insp,010,2026-05-24,2026-05-24,discharges_recovered,facility,Democratic Republic of the Congo,CH LA PROVIDENCE,CH LA PROVIDENCE,0,patients,24h,FALSE,TRUE,high,"Indicateurs,HGR Bunia,SOFEPADI,Clinique Bénedicte,CH ELIKYA,CM LES MERITES,CITADELE,UNIBU,CH LA PROVIDENCE,RWAKOLE,CM MATHYSEN,SOUS TOTAL BUNIA,HGR RWAMPARA,CH SALAMA,CME,SOUS TOTAL RWAMPARA,HGR MONGBWALU,HGR NYANKUNDE,HGR BAMBU,HGR ARU,Total
Sorties Guéris,0,0,0,0,0,0,0,0,0,0,0,0,0,0,0,0,0,0,0,0",Institut National de Santé Publique,CC BY 4.0,data/csv/010_table_05_tableau_vi_mouvement_des_malades_dans_le.csv
insp,010,2026-05-24,2026-05-24,discharges_recovered,facility,Democratic Republic of the Congo,CH SALAMA,CH SALAMA,0,patients,24h,FALSE,TRUE,high,"Indicateurs,HGR Bunia,SOFEPADI,Clinique Bénedicte,CH ELIKYA,CM LES MERITES,CITADELE,UNIBU,CH LA PROVIDENCE,RWAKOLE,CM MATHYSEN,SOUS TOTAL BUNIA,HGR RWAMPARA,CH SALAMA,CME,SOUS TOTAL RWAMPARA,HGR MONGBWALU,HGR NYANKUNDE,HGR BAMBU,HGR ARU,Total
Sorties Guéris,0,0,0,0,0,0,0,0,0,0,0,0,0,0,0,0,0,0,0,0",Institut National de Santé Publique,CC BY 4.0,data/csv/010_table_05_tableau_vi_mouvement_des_malades_dans_le.csv
insp,010,2026-05-24,2026-05-24,discharges_recovered,facility,Democratic Republic of the Congo,CITADELE,CITADELE,0,patients,24h,FALSE,TRUE,high,"Indicateurs,HGR Bunia,SOFEPADI,Clinique Bénedicte,CH ELIKYA,CM LES MERITES,CITADELE,UNIBU,CH LA PROVIDENCE,RWAKOLE,CM MATHYSEN,SOUS TOTAL BUNIA,HGR RWAMPARA,CH SALAMA,CME,SOUS TOTAL RWAMPARA,HGR MONGBWALU,HGR NYANKUNDE,HGR BAMBU,HGR ARU,Total
Sorties Guéris,0,0,0,0,0,0,0,0,0,0,0,0,0,0,0,0,0,0,0,0",Institut National de Santé Publique,CC BY 4.0,data/csv/010_table_05_tableau_vi_mouvement_des_malades_dans_le.csv
insp,010,2026-05-24,2026-05-24,discharges_recovered,facility,Democratic Republic of the Congo,CM LES MERITES,CM LES MERITES,0,patients,24h,FALSE,TRUE,high,"Indicateurs,HGR Bunia,SOFEPADI,Clinique Bénedicte,CH ELIKYA,CM LES MERITES,CITADELE,UNIBU,CH LA PROVIDENCE,RWAKOLE,CM MATHYSEN,SOUS TOTAL BUNIA,HGR RWAMPARA,CH SALAMA,CME,SOUS TOTAL RWAMPARA,HGR MONGBWALU,HGR NYANKUNDE,HGR BAMBU,HGR ARU,Total
Sorties Guéris,0,0,0,0,0,0,0,0,0,0,0,0,0,0,0,0,0,0,0,0",Institut National de Santé Publique,CC BY 4.0,data/csv/010_table_05_tableau_vi_mouvement_des_malades_dans_le.csv
insp,010,2026-05-24,2026-05-24,discharges_recovered,facility,Democratic Republic of the Congo,CM MATHYSEN,CM MATHYSEN,0,patients,24h,FALSE,TRUE,high,"Indicateurs,HGR Bunia,SOFEPADI,Clinique Bénedicte,CH ELIKYA,CM LES MERITES,CITADELE,UNIBU,CH LA PROVIDENCE,RWAKOLE,CM MATHYSEN,SOUS TOTAL BUNIA,HGR RWAMPARA,CH SALAMA,CME,SOUS TOTAL RWAMPARA,HGR MONGBWALU,HGR NYANKUNDE,HGR BAMBU,HGR ARU,Total
Sorties Guéris,0,0,0,0,0,0,0,0,0,0,0,0,0,0,0,0,0,0,0,0",Institut National de Santé Publique,CC BY 4.0,data/csv/010_table_05_tableau_vi_mouvement_des_malades_dans_le.csv
insp,010,2026-05-24,2026-05-24,discharges_recovered,facility,Democratic Republic of the Congo,CME,CME,0,patients,24h,FALSE,TRUE,high,"Indicateurs,HGR Bunia,SOFEPADI,Clinique Bénedicte,CH ELIKYA,CM LES MERITES,CITADELE,UNIBU,CH LA PROVIDENCE,RWAKOLE,CM MATHYSEN,SOUS TOTAL BUNIA,HGR RWAMPARA,CH SALAMA,CME,SOUS TOTAL RWAMPARA,HGR MONGBWALU,HGR NYANKUNDE,HGR BAMBU,HGR ARU,Total
Sorties Guéris,0,0,0,0,0,0,0,0,0,0,0,0,0,0,0,0,0,0,0,0",Institut National de Santé Publique,CC BY 4.0,data/csv/010_table_05_tableau_vi_mouvement_des_malades_dans_le.csv
insp,010,2026-05-24,2026-05-24,discharges_recovered,facility,Democratic Republic of the Congo,Clinique Bénedicte,Clinique Bénedicte,0,patients,24h,FALSE,TRUE,high,"Indicateurs,HGR Bunia,SOFEPADI,Clinique Bénedicte,CH ELIKYA,CM LES MERITES,CITADELE,UNIBU,CH LA PROVIDENCE,RWAKOLE,CM MATHYSEN,SOUS TOTAL BUNIA,HGR RWAMPARA,CH SALAMA,CME,SOUS TOTAL RWAMPARA,HGR MONGBWALU,HGR NYANKUNDE,HGR BAMBU,HGR ARU,Total
Sorties Guéris,0,0,0,0,0,0,0,0,0,0,0,0,0,0,0,0,0,0,0,0",Institut National de Santé Publique,CC BY 4.0,data/csv/010_table_05_tableau_vi_mouvement_des_malades_dans_le.csv
insp,010,2026-05-24,2026-05-24,discharges_recovered,facility,Democratic Republic of the Congo,HGR ARU,HGR ARU,0,patients,24h,FALSE,TRUE,high,"Indicateurs,HGR Bunia,SOFEPADI,Clinique Bénedicte,CH ELIKYA,CM LES MERITES,CITADELE,UNIBU,CH LA PROVIDENCE,RWAKOLE,CM MATHYSEN,SOUS TOTAL BUNIA,HGR RWAMPARA,CH SALAMA,CME,SOUS TOTAL RWAMPARA,HGR MONGBWALU,HGR NYANKUNDE,HGR BAMBU,HGR ARU,Total
Sorties Guéris,0,0,0,0,0,0,0,0,0,0,0,0,0,0,0,0,0,0,0,0",Institut National de Santé Publique,CC BY 4.0,data/csv/010_table_05_tableau_vi_mouvement_des_malades_dans_le.csv
insp,010,2026-05-24,2026-05-24,discharges_recovered,facility,Democratic Republic of the Congo,HGR BAMBU,HGR BAMBU,0,patients,24h,FALSE,TRUE,high,"Indicateurs,HGR Bunia,SOFEPADI,Clinique Bénedicte,CH ELIKYA,CM LES MERITES,CITADELE,UNIBU,CH LA PROVIDENCE,RWAKOLE,CM MATHYSEN,SOUS TOTAL BUNIA,HGR RWAMPARA,CH SALAMA,CME,SOUS TOTAL RWAMPARA,HGR MONGBWALU,HGR NYANKUNDE,HGR BAMBU,HGR ARU,Total
Sorties Guéris,0,0,0,0,0,0,0,0,0,0,0,0,0,0,0,0,0,0,0,0",Institut National de Santé Publique,CC BY 4.0,data/csv/010_table_05_tableau_vi_mouvement_des_malades_dans_le.csv
insp,010,2026-05-24,2026-05-24,discharges_recovered,facility,Democratic Republic of the Congo,HGR Bunia,HGR Bunia,0,patients,24h,FALSE,TRUE,high,"Indicateurs,HGR Bunia,SOFEPADI,Clinique Bénedicte,CH ELIKYA,CM LES MERITES,CITADELE,UNIBU,CH LA PROVIDENCE,RWAKOLE,CM MATHYSEN,SOUS TOTAL BUNIA,HGR RWAMPARA,CH SALAMA,CME,SOUS TOTAL RWAMPARA,HGR MONGBWALU,HGR NYANKUNDE,HGR BAMBU,HGR ARU,Total
Sorties Guéris,0,0,0,0,0,0,0,0,0,0,0,0,0,0,0,0,0,0,0,0",Institut National de Santé Publique,CC BY 4.0,data/csv/010_table_05_tableau_vi_mouvement_des_malades_dans_le.csv
insp,010,2026-05-24,2026-05-24,discharges_recovered,facility,Democratic Republic of the Congo,HGR MONGBWALU,HGR MONGBWALU,0,patients,24h,FALSE,TRUE,high,"Indicateurs,HGR Bunia,SOFEPADI,Clinique Bénedicte,CH ELIKYA,CM LES MERITES,CITADELE,UNIBU,CH LA PROVIDENCE,RWAKOLE,CM MATHYSEN,SOUS TOTAL BUNIA,HGR RWAMPARA,CH SALAMA,CME,SOUS TOTAL RWAMPARA,HGR MONGBWALU,HGR NYANKUNDE,HGR BAMBU,HGR ARU,Total
Sorties Guéris,0,0,0,0,0,0,0,0,0,0,0,0,0,0,0,0,0,0,0,0",Institut National de Santé Publique,CC BY 4.0,data/csv/010_table_05_tableau_vi_mouvement_des_malades_dans_le.csv
insp,010,2026-05-24,2026-05-24,discharges_recovered,facility,Democratic Republic of the Congo,HGR NYANKUNDE,HGR NYANKUNDE,0,patients,24h,FALSE,TRUE,high,"Indicateurs,HGR Bunia,SOFEPADI,Clinique Bénedicte,CH ELIKYA,CM LES MERITES,CITADELE,UNIBU,CH LA PROVIDENCE,RWAKOLE,CM MATHYSEN,SOUS TOTAL BUNIA,HGR RWAMPARA,CH SALAMA,CME,SOUS TOTAL RWAMPARA,HGR MONGBWALU,HGR NYANKUNDE,HGR BAMBU,HGR ARU,Total
Sorties Guéris,0,0,0,0,0,0,0,0,0,0,0,0,0,0,0,0,0,0,0,0",Institut National de Santé Publique,CC BY 4.0,data/csv/010_table_05_tableau_vi_mouvement_des_malades_dans_le.csv
insp,010,2026-05-24,2026-05-24,discharges_recovered,facility,Democratic Republic of the Congo,HGR RWAMPARA,HGR RWAMPARA,0,patients,24h,FALSE,TRUE,high,"Indicateurs,HGR Bunia,SOFEPADI,Clinique Bénedicte,CH ELIKYA,CM LES MERITES,CITADELE,UNIBU,CH LA PROVIDENCE,RWAKOLE,CM MATHYSEN,SOUS TOTAL BUNIA,HGR RWAMPARA,CH SALAMA,CME,SOUS TOTAL RWAMPARA,HGR MONGBWALU,HGR NYANKUNDE,HGR BAMBU,HGR ARU,Total
Sorties Guéris,0,0,0,0,0,0,0,0,0,0,0,0,0,0,0,0,0,0,0,0",Institut National de Santé Publique,CC BY 4.0,data/csv/010_table_05_tableau_vi_mouvement_des_malades_dans_le.csv
insp,010,2026-05-24,2026-05-24,discharges_recovered,facility,Democratic Republic of the Congo,RWAKOLE,RWAKOLE,0,patients,24h,FALSE,TRUE,high,"Indicateurs,HGR Bunia,SOFEPADI,Clinique Bénedicte,CH ELIKYA,CM LES MERITES,CITADELE,UNIBU,CH LA PROVIDENCE,RWAKOLE,CM MATHYSEN,SOUS TOTAL BUNIA,HGR RWAMPARA,CH SALAMA,CME,SOUS TOTAL RWAMPARA,HGR MONGBWALU,HGR NYANKUNDE,HGR BAMBU,HGR ARU,Total
Sorties Guéris,0,0,0,0,0,0,0,0,0,0,0,0,0,0,0,0,0,0,0,0",Institut National de Santé Publique,CC BY 4.0,data/csv/010_table_05_tableau_vi_mouvement_des_malades_dans_le.csv
insp,010,2026-05-24,2026-05-24,discharges_recovered,facility,Democratic Republic of the Congo,SOFEPADI,SOFEPADI,0,patients,24h,FALSE,TRUE,high,"Indicateurs,HGR Bunia,SOFEPADI,Clinique Bénedicte,CH ELIKYA,CM LES MERITES,CITADELE,UNIBU,CH LA PROVIDENCE,RWAKOLE,CM MATHYSEN,SOUS TOTAL BUNIA,HGR RWAMPARA,CH SALAMA,CME,SOUS TOTAL RWAMPARA,HGR MONGBWALU,HGR NYANKUNDE,HGR BAMBU,HGR ARU,Total
Sorties Guéris,0,0,0,0,0,0,0,0,0,0,0,0,0,0,0,0,0,0,0,0",Institut National de Santé Publique,CC BY 4.0,data/csv/010_table_05_tableau_vi_mouvement_des_malades_dans_le.csv
insp,010,2026-05-24,2026-05-24,discharges_recovered,facility,Democratic Republic of the Congo,UNIBU,UNIBU,0,patients,24h,FALSE,TRUE,high,"Indicateurs,HGR Bunia,SOFEPADI,Clinique Bénedicte,CH ELIKYA,CM LES MERITES,CITADELE,UNIBU,CH LA PROVIDENCE,RWAKOLE,CM MATHYSEN,SOUS TOTAL BUNIA,HGR RWAMPARA,CH SALAMA,CME,SOUS TOTAL RWAMPARA,HGR MONGBWALU,HGR NYANKUNDE,HGR BAMBU,HGR ARU,Total
Sorties Guéris,0,0,0,0,0,0,0,0,0,0,0,0,0,0,0,0,0,0,0,0",Institut National de Santé Publique,CC BY 4.0,data/csv/010_table_05_tableau_vi_mouvement_des_malades_dans_le.csv
insp,010,2026-05-24,2026-05-24,discharges_recovered,national,Democratic Republic of the Congo,"",Total,0,patients,24h,FALSE,TRUE,high,"Indicateurs,HGR Bunia,SOFEPADI,Clinique Bénedicte,CH ELIKYA,CM LES MERITES,CITADELE,UNIBU,CH LA PROVIDENCE,RWAKOLE,CM MATHYSEN,SOUS TOTAL BUNIA,HGR RWAMPARA,CH SALAMA,CME,SOUS TOTAL RWAMPARA,HGR MONGBWALU,HGR NYANKUNDE,HGR BAMBU,HGR ARU,Total
Sorties Guéris,0,0,0,0,0,0,0,0,0,0,0,0,0,0,0,0,0,0,0,0",Institut National de Santé Publique,CC BY 4.0,data/csv/010_table_05_tableau_vi_mouvement_des_malades_dans_le.csv
insp,010,2026-05-24,2026-05-24,escapes,facility,Democratic Republic of the Congo,CH ELIKYA,CH ELIKYA,1,patients,24h,FALSE,TRUE,high,"Indicateurs,HGR Bunia,SOFEPADI,Clinique Bénedicte,CH ELIKYA,CM LES MERITES,CITADELE,UNIBU,CH LA PROVIDENCE,RWAKOLE,CM MATHYSEN,SOUS TOTAL BUNIA,HGR RWAMPARA,CH SALAMA,CME,SOUS TOTAL RWAMPARA,HGR MONGBWALU,HGR NYANKUNDE,HGR BAMBU,HGR ARU,Total
Sorties Evadés,0,3,0,1,0,0,0,0,0,0,4,2,0,0,2,0,0,0,0,6",Institut National de Santé Publique,CC BY 4.0,data/csv/010_table_05_tableau_vi_mouvement_des_malades_dans_le.csv
insp,010,2026-05-24,2026-05-24,escapes,facility,Democratic Republic of the Congo,CH LA PROVIDENCE,CH LA PROVIDENCE,0,patients,24h,FALSE,TRUE,high,"Indicateurs,HGR Bunia,SOFEPADI,Clinique Bénedicte,CH ELIKYA,CM LES MERITES,CITADELE,UNIBU,CH LA PROVIDENCE,RWAKOLE,CM MATHYSEN,SOUS TOTAL BUNIA,HGR RWAMPARA,CH SALAMA,CME,SOUS TOTAL RWAMPARA,HGR MONGBWALU,HGR NYANKUNDE,HGR BAMBU,HGR ARU,Total
Sorties Evadés,0,3,0,1,0,0,0,0,0,0,4,2,0,0,2,0,0,0,0,6",Institut National de Santé Publique,CC BY 4.0,data/csv/010_table_05_tableau_vi_mouvement_des_malades_dans_le.csv
insp,010,2026-05-24,2026-05-24,escapes,facility,Democratic Republic of the Congo,CH SALAMA,CH SALAMA,0,patients,24h,FALSE,TRUE,high,"Indicateurs,HGR Bunia,SOFEPADI,Clinique Bénedicte,CH ELIKYA,CM LES MERITES,CITADELE,UNIBU,CH LA PROVIDENCE,RWAKOLE,CM MATHYSEN,SOUS TOTAL BUNIA,HGR RWAMPARA,CH SALAMA,CME,SOUS TOTAL RWAMPARA,HGR MONGBWALU,HGR NYANKUNDE,HGR BAMBU,HGR ARU,Total
Sorties Evadés,0,3,0,1,0,0,0,0,0,0,4,2,0,0,2,0,0,0,0,6",Institut National de Santé Publique,CC BY 4.0,data/csv/010_table_05_tableau_vi_mouvement_des_malades_dans_le.csv
insp,010,2026-05-24,2026-05-24,escapes,facility,Democratic Republic of the Congo,CITADELE,CITADELE,0,patients,24h,FALSE,TRUE,high,"Indicateurs,HGR Bunia,SOFEPADI,Clinique Bénedicte,CH ELIKYA,CM LES MERITES,CITADELE,UNIBU,CH LA PROVIDENCE,RWAKOLE,CM MATHYSEN,SOUS TOTAL BUNIA,HGR RWAMPARA,CH SALAMA,CME,SOUS TOTAL RWAMPARA,HGR MONGBWALU,HGR NYANKUNDE,HGR BAMBU,HGR ARU,Total
Sorties Evadés,0,3,0,1,0,0,0,0,0,0,4,2,0,0,2,0,0,0,0,6",Institut National de Santé Publique,CC BY 4.0,data/csv/010_table_05_tableau_vi_mouvement_des_malades_dans_le.csv
insp,010,2026-05-24,2026-05-24,escapes,facility,Democratic Republic of the Congo,CM LES MERITES,CM LES MERITES,0,patients,24h,FALSE,TRUE,high,"Indicateurs,HGR Bunia,SOFEPADI,Clinique Bénedicte,CH ELIKYA,CM LES MERITES,CITADELE,UNIBU,CH LA PROVIDENCE,RWAKOLE,CM MATHYSEN,SOUS TOTAL BUNIA,HGR RWAMPARA,CH SALAMA,CME,SOUS TOTAL RWAMPARA,HGR MONGBWALU,HGR NYANKUNDE,HGR BAMBU,HGR ARU,Total
Sorties Evadés,0,3,0,1,0,0,0,0,0,0,4,2,0,0,2,0,0,0,0,6",Institut National de Santé Publique,CC BY 4.0,data/csv/010_table_05_tableau_vi_mouvement_des_malades_dans_le.csv
insp,010,2026-05-24,2026-05-24,escapes,facility,Democratic Republic of the Congo,CM MATHYSEN,CM MATHYSEN,0,patients,24h,FALSE,TRUE,high,"Indicateurs,HGR Bunia,SOFEPADI,Clinique Bénedicte,CH ELIKYA,CM LES MERITES,CITADELE,UNIBU,CH LA PROVIDENCE,RWAKOLE,CM MATHYSEN,SOUS TOTAL BUNIA,HGR RWAMPARA,CH SALAMA,CME,SOUS TOTAL RWAMPARA,HGR MONGBWALU,HGR NYANKUNDE,HGR BAMBU,HGR ARU,Total
Sorties Evadés,0,3,0,1,0,0,0,0,0,0,4,2,0,0,2,0,0,0,0,6",Institut National de Santé Publique,CC BY 4.0,data/csv/010_table_05_tableau_vi_mouvement_des_malades_dans_le.csv
insp,010,2026-05-24,2026-05-24,escapes,facility,Democratic Republic of the Congo,CME,CME,0,patients,24h,FALSE,TRUE,high,"Indicateurs,HGR Bunia,SOFEPADI,Clinique Bénedicte,CH ELIKYA,CM LES MERITES,CITADELE,UNIBU,CH LA PROVIDENCE,RWAKOLE,CM MATHYSEN,SOUS TOTAL BUNIA,HGR RWAMPARA,CH SALAMA,CME,SOUS TOTAL RWAMPARA,HGR MONGBWALU,HGR NYANKUNDE,HGR BAMBU,HGR ARU,Total
Sorties Evadés,0,3,0,1,0,0,0,0,0,0,4,2,0,0,2,0,0,0,0,6",Institut National de Santé Publique,CC BY 4.0,data/csv/010_table_05_tableau_vi_mouvement_des_malades_dans_le.csv
insp,010,2026-05-24,2026-05-24,escapes,facility,Democratic Republic of the Congo,Clinique Bénedicte,Clinique Bénedicte,0,patients,24h,FALSE,TRUE,high,"Indicateurs,HGR Bunia,SOFEPADI,Clinique Bénedicte,CH ELIKYA,CM LES MERITES,CITADELE,UNIBU,CH LA PROVIDENCE,RWAKOLE,CM MATHYSEN,SOUS TOTAL BUNIA,HGR RWAMPARA,CH SALAMA,CME,SOUS TOTAL RWAMPARA,HGR MONGBWALU,HGR NYANKUNDE,HGR BAMBU,HGR ARU,Total
Sorties Evadés,0,3,0,1,0,0,0,0,0,0,4,2,0,0,2,0,0,0,0,6",Institut National de Santé Publique,CC BY 4.0,data/csv/010_table_05_tableau_vi_mouvement_des_malades_dans_le.csv
insp,010,2026-05-24,2026-05-24,escapes,facility,Democratic Republic of the Congo,HGR ARU,HGR ARU,0,patients,24h,FALSE,TRUE,high,"Indicateurs,HGR Bunia,SOFEPADI,Clinique Bénedicte,CH ELIKYA,CM LES MERITES,CITADELE,UNIBU,CH LA PROVIDENCE,RWAKOLE,CM MATHYSEN,SOUS TOTAL BUNIA,HGR RWAMPARA,CH SALAMA,CME,SOUS TOTAL RWAMPARA,HGR MONGBWALU,HGR NYANKUNDE,HGR BAMBU,HGR ARU,Total
Sorties Evadés,0,3,0,1,0,0,0,0,0,0,4,2,0,0,2,0,0,0,0,6",Institut National de Santé Publique,CC BY 4.0,data/csv/010_table_05_tableau_vi_mouvement_des_malades_dans_le.csv
insp,010,2026-05-24,2026-05-24,escapes,facility,Democratic Republic of the Congo,HGR BAMBU,HGR BAMBU,0,patients,24h,FALSE,TRUE,high,"Indicateurs,HGR Bunia,SOFEPADI,Clinique Bénedicte,CH ELIKYA,CM LES MERITES,CITADELE,UNIBU,CH LA PROVIDENCE,RWAKOLE,CM MATHYSEN,SOUS TOTAL BUNIA,HGR RWAMPARA,CH SALAMA,CME,SOUS TOTAL RWAMPARA,HGR MONGBWALU,HGR NYANKUNDE,HGR BAMBU,HGR ARU,Total
Sorties Evadés,0,3,0,1,0,0,0,0,0,0,4,2,0,0,2,0,0,0,0,6",Institut National de Santé Publique,CC BY 4.0,data/csv/010_table_05_tableau_vi_mouvement_des_malades_dans_le.csv
insp,010,2026-05-24,2026-05-24,escapes,facility,Democratic Republic of the Congo,HGR Bunia,HGR Bunia,0,patients,24h,FALSE,TRUE,high,"Indicateurs,HGR Bunia,SOFEPADI,Clinique Bénedicte,CH ELIKYA,CM LES MERITES,CITADELE,UNIBU,CH LA PROVIDENCE,RWAKOLE,CM MATHYSEN,SOUS TOTAL BUNIA,HGR RWAMPARA,CH SALAMA,CME,SOUS TOTAL RWAMPARA,HGR MONGBWALU,HGR NYANKUNDE,HGR BAMBU,HGR ARU,Total
Sorties Evadés,0,3,0,1,0,0,0,0,0,0,4,2,0,0,2,0,0,0,0,6",Institut National de Santé Publique,CC BY 4.0,data/csv/010_table_05_tableau_vi_mouvement_des_malades_dans_le.csv
insp,010,2026-05-24,2026-05-24,escapes,facility,Democratic Republic of the Congo,HGR MONGBWALU,HGR MONGBWALU,0,patients,24h,FALSE,TRUE,high,"Indicateurs,HGR Bunia,SOFEPADI,Clinique Bénedicte,CH ELIKYA,CM LES MERITES,CITADELE,UNIBU,CH LA PROVIDENCE,RWAKOLE,CM MATHYSEN,SOUS TOTAL BUNIA,HGR RWAMPARA,CH SALAMA,CME,SOUS TOTAL RWAMPARA,HGR MONGBWALU,HGR NYANKUNDE,HGR BAMBU,HGR ARU,Total
Sorties Evadés,0,3,0,1,0,0,0,0,0,0,4,2,0,0,2,0,0,0,0,6",Institut National de Santé Publique,CC BY 4.0,data/csv/010_table_05_tableau_vi_mouvement_des_malades_dans_le.csv
insp,010,2026-05-24,2026-05-24,escapes,facility,Democratic Republic of the Congo,HGR NYANKUNDE,HGR NYANKUNDE,0,patients,24h,FALSE,TRUE,high,"Indicateurs,HGR Bunia,SOFEPADI,Clinique Bénedicte,CH ELIKYA,CM LES MERITES,CITADELE,UNIBU,CH LA PROVIDENCE,RWAKOLE,CM MATHYSEN,SOUS TOTAL BUNIA,HGR RWAMPARA,CH SALAMA,CME,SOUS TOTAL RWAMPARA,HGR MONGBWALU,HGR NYANKUNDE,HGR BAMBU,HGR ARU,Total
Sorties Evadés,0,3,0,1,0,0,0,0,0,0,4,2,0,0,2,0,0,0,0,6",Institut National de Santé Publique,CC BY 4.0,data/csv/010_table_05_tableau_vi_mouvement_des_malades_dans_le.csv
insp,010,2026-05-24,2026-05-24,escapes,facility,Democratic Republic of the Congo,HGR RWAMPARA,HGR RWAMPARA,2,patients,24h,FALSE,TRUE,high,"Indicateurs,HGR Bunia,SOFEPADI,Clinique Bénedicte,CH ELIKYA,CM LES MERITES,CITADELE,UNIBU,CH LA PROVIDENCE,RWAKOLE,CM MATHYSEN,SOUS TOTAL BUNIA,HGR RWAMPARA,CH SALAMA,CME,SOUS TOTAL RWAMPARA,HGR MONGBWALU,HGR NYANKUNDE,HGR BAMBU,HGR ARU,Total
Sorties Evadés,0,3,0,1,0,0,0,0,0,0,4,2,0,0,2,0,0,0,0,6",Institut National de Santé Publique,CC BY 4.0,data/csv/010_table_05_tableau_vi_mouvement_des_malades_dans_le.csv
insp,010,2026-05-24,2026-05-24,escapes,facility,Democratic Republic of the Congo,RWAKOLE,RWAKOLE,0,patients,24h,FALSE,TRUE,high,"Indicateurs,HGR Bunia,SOFEPADI,Clinique Bénedicte,CH ELIKYA,CM LES MERITES,CITADELE,UNIBU,CH LA PROVIDENCE,RWAKOLE,CM MATHYSEN,SOUS TOTAL BUNIA,HGR RWAMPARA,CH SALAMA,CME,SOUS TOTAL RWAMPARA,HGR MONGBWALU,HGR NYANKUNDE,HGR BAMBU,HGR ARU,Total
Sorties Evadés,0,3,0,1,0,0,0,0,0,0,4,2,0,0,2,0,0,0,0,6",Institut National de Santé Publique,CC BY 4.0,data/csv/010_table_05_tableau_vi_mouvement_des_malades_dans_le.csv
insp,010,2026-05-24,2026-05-24,escapes,facility,Democratic Republic of the Congo,SOFEPADI,SOFEPADI,3,patients,24h,FALSE,TRUE,high,"Indicateurs,HGR Bunia,SOFEPADI,Clinique Bénedicte,CH ELIKYA,CM LES MERITES,CITADELE,UNIBU,CH LA PROVIDENCE,RWAKOLE,CM MATHYSEN,SOUS TOTAL BUNIA,HGR RWAMPARA,CH SALAMA,CME,SOUS TOTAL RWAMPARA,HGR MONGBWALU,HGR NYANKUNDE,HGR BAMBU,HGR ARU,Total
Sorties Evadés,0,3,0,1,0,0,0,0,0,0,4,2,0,0,2,0,0,0,0,6",Institut National de Santé Publique,CC BY 4.0,data/csv/010_table_05_tableau_vi_mouvement_des_malades_dans_le.csv
insp,010,2026-05-24,2026-05-24,escapes,facility,Democratic Republic of the Congo,UNIBU,UNIBU,0,patients,24h,FALSE,TRUE,high,"Indicateurs,HGR Bunia,SOFEPADI,Clinique Bénedicte,CH ELIKYA,CM LES MERITES,CITADELE,UNIBU,CH LA PROVIDENCE,RWAKOLE,CM MATHYSEN,SOUS TOTAL BUNIA,HGR RWAMPARA,CH SALAMA,CME,SOUS TOTAL RWAMPARA,HGR MONGBWALU,HGR NYANKUNDE,HGR BAMBU,HGR ARU,Total
Sorties Evadés,0,3,0,1,0,0,0,0,0,0,4,2,0,0,2,0,0,0,0,6",Institut National de Santé Publique,CC BY 4.0,data/csv/010_table_05_tableau_vi_mouvement_des_malades_dans_le.csv
who_afro,afro-02,2026-05-24,2026-05-24,escapes,health_zone,Democratic Republic of the Congo,Mongbwalu,Mongbwalu,18,patients,cumulative,FALSE,TRUE,high,"In Mongbwalu, 18 suspected patients left the treatment centre following a security incident",World Health Organization Regional Office for Africa,CC BY-NC-SA 3.0 IGO,https://iris.who.int/handle/10665/386242
insp,010,2026-05-24,2026-05-24,escapes,national,Democratic Republic of the Congo,"",Total,6,patients,24h,FALSE,TRUE,high,"Indicateurs,HGR Bunia,SOFEPADI,Clinique Bénedicte,CH ELIKYA,CM LES MERITES,CITADELE,UNIBU,CH LA PROVIDENCE,RWAKOLE,CM MATHYSEN,SOUS TOTAL BUNIA,HGR RWAMPARA,CH SALAMA,CME,SOUS TOTAL RWAMPARA,HGR MONGBWALU,HGR NYANKUNDE,HGR BAMBU,HGR ARU,Total
Sorties Evadés,0,3,0,1,0,0,0,0,0,0,4,2,0,0,2,0,0,0,0,6",Institut National de Santé Publique,CC BY 4.0,data/csv/010_table_05_tableau_vi_mouvement_des_malades_dans_le.csv
who_afro,afro-02,2026-05-24,2026-05-24,facilities_operational,national,Democratic Republic of the Congo,"","",17,facilities,point,FALSE,TRUE,high,"across
17 treatment and isolation facilities",World Health Organization Regional Office for Africa,CC BY-NC-SA 3.0 IGO,https://iris.who.int/handle/10665/386242
insp,010,2026-05-24,2026-05-24,patients_in_isolation,facility,Democratic Republic of the Congo,CH ELIKYA,CH ELIKYA,4,patients,point,FALSE,TRUE,high,"Indicateurs,HGR Bunia,SOFEPADI,Clinique Bénedicte,CH ELIKYA,CM LES MERITES,CITADELE,UNIBU,CH LA PROVIDENCE,RWAKOLE,CM MATHYSEN,SOUS TOTAL BUNIA,HGR RWAMPARA,CH SALAMA,CME,SOUS TOTAL RWAMPARA,HGR MONGBWALU,HGR NYANKUNDE,HGR BAMBU,HGR ARU,Total
Effectif total en isolement,11,10,2,4,4,7,2,2,8,3,53,10,3,12,25,18,33,2,2,133",Institut National de Santé Publique,CC BY 4.0,data/csv/010_table_05_tableau_vi_mouvement_des_malades_dans_le.csv
insp,010,2026-05-24,2026-05-24,patients_in_isolation,facility,Democratic Republic of the Congo,CH LA PROVIDENCE,CH LA PROVIDENCE,2,patients,point,FALSE,TRUE,high,"Indicateurs,HGR Bunia,SOFEPADI,Clinique Bénedicte,CH ELIKYA,CM LES MERITES,CITADELE,UNIBU,CH LA PROVIDENCE,RWAKOLE,CM MATHYSEN,SOUS TOTAL BUNIA,HGR RWAMPARA,CH SALAMA,CME,SOUS TOTAL RWAMPARA,HGR MONGBWALU,HGR NYANKUNDE,HGR BAMBU,HGR ARU,Total
Effectif total en isolement,11,10,2,4,4,7,2,2,8,3,53,10,3,12,25,18,33,2,2,133",Institut National de Santé Publique,CC BY 4.0,data/csv/010_table_05_tableau_vi_mouvement_des_malades_dans_le.csv
insp,010,2026-05-24,2026-05-24,patients_in_isolation,facility,Democratic Republic of the Congo,CH SALAMA,CH SALAMA,3,patients,point,FALSE,TRUE,high,"Indicateurs,HGR Bunia,SOFEPADI,Clinique Bénedicte,CH ELIKYA,CM LES MERITES,CITADELE,UNIBU,CH LA PROVIDENCE,RWAKOLE,CM MATHYSEN,SOUS TOTAL BUNIA,HGR RWAMPARA,CH SALAMA,CME,SOUS TOTAL RWAMPARA,HGR MONGBWALU,HGR NYANKUNDE,HGR BAMBU,HGR ARU,Total
Effectif total en isolement,11,10,2,4,4,7,2,2,8,3,53,10,3,12,25,18,33,2,2,133",Institut National de Santé Publique,CC BY 4.0,data/csv/010_table_05_tableau_vi_mouvement_des_malades_dans_le.csv
insp,010,2026-05-24,2026-05-24,patients_in_isolation,facility,Democratic Republic of the Congo,CITADELE,CITADELE,7,patients,point,FALSE,TRUE,high,"Indicateurs,HGR Bunia,SOFEPADI,Clinique Bénedicte,CH ELIKYA,CM LES MERITES,CITADELE,UNIBU,CH LA PROVIDENCE,RWAKOLE,CM MATHYSEN,SOUS TOTAL BUNIA,HGR RWAMPARA,CH SALAMA,CME,SOUS TOTAL RWAMPARA,HGR MONGBWALU,HGR NYANKUNDE,HGR BAMBU,HGR ARU,Total
Effectif total en isolement,11,10,2,4,4,7,2,2,8,3,53,10,3,12,25,18,33,2,2,133",Institut National de Santé Publique,CC BY 4.0,data/csv/010_table_05_tableau_vi_mouvement_des_malades_dans_le.csv
insp,010,2026-05-24,2026-05-24,patients_in_isolation,facility,Democratic Republic of the Congo,CM LES MERITES,CM LES MERITES,4,patients,point,FALSE,TRUE,high,"Indicateurs,HGR Bunia,SOFEPADI,Clinique Bénedicte,CH ELIKYA,CM LES MERITES,CITADELE,UNIBU,CH LA PROVIDENCE,RWAKOLE,CM MATHYSEN,SOUS TOTAL BUNIA,HGR RWAMPARA,CH SALAMA,CME,SOUS TOTAL RWAMPARA,HGR MONGBWALU,HGR NYANKUNDE,HGR BAMBU,HGR ARU,Total
Effectif total en isolement,11,10,2,4,4,7,2,2,8,3,53,10,3,12,25,18,33,2,2,133",Institut National de Santé Publique,CC BY 4.0,data/csv/010_table_05_tableau_vi_mouvement_des_malades_dans_le.csv
insp,010,2026-05-24,2026-05-24,patients_in_isolation,facility,Democratic Republic of the Congo,CM MATHYSEN,CM MATHYSEN,3,patients,point,FALSE,TRUE,high,"Indicateurs,HGR Bunia,SOFEPADI,Clinique Bénedicte,CH ELIKYA,CM LES MERITES,CITADELE,UNIBU,CH LA PROVIDENCE,RWAKOLE,CM MATHYSEN,SOUS TOTAL BUNIA,HGR RWAMPARA,CH SALAMA,CME,SOUS TOTAL RWAMPARA,HGR MONGBWALU,HGR NYANKUNDE,HGR BAMBU,HGR ARU,Total
Effectif total en isolement,11,10,2,4,4,7,2,2,8,3,53,10,3,12,25,18,33,2,2,133",Institut National de Santé Publique,CC BY 4.0,data/csv/010_table_05_tableau_vi_mouvement_des_malades_dans_le.csv
insp,010,2026-05-24,2026-05-24,patients_in_isolation,facility,Democratic Republic of the Congo,CME,CME,12,patients,point,FALSE,TRUE,high,"Indicateurs,HGR Bunia,SOFEPADI,Clinique Bénedicte,CH ELIKYA,CM LES MERITES,CITADELE,UNIBU,CH LA PROVIDENCE,RWAKOLE,CM MATHYSEN,SOUS TOTAL BUNIA,HGR RWAMPARA,CH SALAMA,CME,SOUS TOTAL RWAMPARA,HGR MONGBWALU,HGR NYANKUNDE,HGR BAMBU,HGR ARU,Total
Effectif total en isolement,11,10,2,4,4,7,2,2,8,3,53,10,3,12,25,18,33,2,2,133",Institut National de Santé Publique,CC BY 4.0,data/csv/010_table_05_tableau_vi_mouvement_des_malades_dans_le.csv
insp,010,2026-05-24,2026-05-24,patients_in_isolation,facility,Democratic Republic of the Congo,Clinique Bénedicte,Clinique Bénedicte,2,patients,point,FALSE,TRUE,high,"Indicateurs,HGR Bunia,SOFEPADI,Clinique Bénedicte,CH ELIKYA,CM LES MERITES,CITADELE,UNIBU,CH LA PROVIDENCE,RWAKOLE,CM MATHYSEN,SOUS TOTAL BUNIA,HGR RWAMPARA,CH SALAMA,CME,SOUS TOTAL RWAMPARA,HGR MONGBWALU,HGR NYANKUNDE,HGR BAMBU,HGR ARU,Total
Effectif total en isolement,11,10,2,4,4,7,2,2,8,3,53,10,3,12,25,18,33,2,2,133",Institut National de Santé Publique,CC BY 4.0,data/csv/010_table_05_tableau_vi_mouvement_des_malades_dans_le.csv
insp,010,2026-05-24,2026-05-24,patients_in_isolation,facility,Democratic Republic of the Congo,HGR ARU,HGR ARU,2,patients,point,FALSE,TRUE,high,"Indicateurs,HGR Bunia,SOFEPADI,Clinique Bénedicte,CH ELIKYA,CM LES MERITES,CITADELE,UNIBU,CH LA PROVIDENCE,RWAKOLE,CM MATHYSEN,SOUS TOTAL BUNIA,HGR RWAMPARA,CH SALAMA,CME,SOUS TOTAL RWAMPARA,HGR MONGBWALU,HGR NYANKUNDE,HGR BAMBU,HGR ARU,Total
Effectif total en isolement,11,10,2,4,4,7,2,2,8,3,53,10,3,12,25,18,33,2,2,133",Institut National de Santé Publique,CC BY 4.0,data/csv/010_table_05_tableau_vi_mouvement_des_malades_dans_le.csv
insp,010,2026-05-24,2026-05-24,patients_in_isolation,facility,Democratic Republic of the Congo,HGR BAMBU,HGR BAMBU,2,patients,point,FALSE,TRUE,high,"Indicateurs,HGR Bunia,SOFEPADI,Clinique Bénedicte,CH ELIKYA,CM LES MERITES,CITADELE,UNIBU,CH LA PROVIDENCE,RWAKOLE,CM MATHYSEN,SOUS TOTAL BUNIA,HGR RWAMPARA,CH SALAMA,CME,SOUS TOTAL RWAMPARA,HGR MONGBWALU,HGR NYANKUNDE,HGR BAMBU,HGR ARU,Total
Effectif total en isolement,11,10,2,4,4,7,2,2,8,3,53,10,3,12,25,18,33,2,2,133",Institut National de Santé Publique,CC BY 4.0,data/csv/010_table_05_tableau_vi_mouvement_des_malades_dans_le.csv
insp,010,2026-05-24,2026-05-24,patients_in_isolation,facility,Democratic Republic of the Congo,HGR Bunia,HGR Bunia,11,patients,point,FALSE,TRUE,high,"Indicateurs,HGR Bunia,SOFEPADI,Clinique Bénedicte,CH ELIKYA,CM LES MERITES,CITADELE,UNIBU,CH LA PROVIDENCE,RWAKOLE,CM MATHYSEN,SOUS TOTAL BUNIA,HGR RWAMPARA,CH SALAMA,CME,SOUS TOTAL RWAMPARA,HGR MONGBWALU,HGR NYANKUNDE,HGR BAMBU,HGR ARU,Total
Effectif total en isolement,11,10,2,4,4,7,2,2,8,3,53,10,3,12,25,18,33,2,2,133",Institut National de Santé Publique,CC BY 4.0,data/csv/010_table_05_tableau_vi_mouvement_des_malades_dans_le.csv
insp,010,2026-05-24,2026-05-24,patients_in_isolation,facility,Democratic Republic of the Congo,HGR MONGBWALU,HGR MONGBWALU,18,patients,point,FALSE,TRUE,high,"Indicateurs,HGR Bunia,SOFEPADI,Clinique Bénedicte,CH ELIKYA,CM LES MERITES,CITADELE,UNIBU,CH LA PROVIDENCE,RWAKOLE,CM MATHYSEN,SOUS TOTAL BUNIA,HGR RWAMPARA,CH SALAMA,CME,SOUS TOTAL RWAMPARA,HGR MONGBWALU,HGR NYANKUNDE,HGR BAMBU,HGR ARU,Total
Effectif total en isolement,11,10,2,4,4,7,2,2,8,3,53,10,3,12,25,18,33,2,2,133",Institut National de Santé Publique,CC BY 4.0,data/csv/010_table_05_tableau_vi_mouvement_des_malades_dans_le.csv
insp,010,2026-05-24,2026-05-24,patients_in_isolation,facility,Democratic Republic of the Congo,HGR NYANKUNDE,HGR NYANKUNDE,33,patients,point,FALSE,TRUE,high,"Indicateurs,HGR Bunia,SOFEPADI,Clinique Bénedicte,CH ELIKYA,CM LES MERITES,CITADELE,UNIBU,CH LA PROVIDENCE,RWAKOLE,CM MATHYSEN,SOUS TOTAL BUNIA,HGR RWAMPARA,CH SALAMA,CME,SOUS TOTAL RWAMPARA,HGR MONGBWALU,HGR NYANKUNDE,HGR BAMBU,HGR ARU,Total
Effectif total en isolement,11,10,2,4,4,7,2,2,8,3,53,10,3,12,25,18,33,2,2,133",Institut National de Santé Publique,CC BY 4.0,data/csv/010_table_05_tableau_vi_mouvement_des_malades_dans_le.csv
insp,010,2026-05-24,2026-05-24,patients_in_isolation,facility,Democratic Republic of the Congo,HGR RWAMPARA,HGR RWAMPARA,10,patients,point,FALSE,TRUE,high,"Indicateurs,HGR Bunia,SOFEPADI,Clinique Bénedicte,CH ELIKYA,CM LES MERITES,CITADELE,UNIBU,CH LA PROVIDENCE,RWAKOLE,CM MATHYSEN,SOUS TOTAL BUNIA,HGR RWAMPARA,CH SALAMA,CME,SOUS TOTAL RWAMPARA,HGR MONGBWALU,HGR NYANKUNDE,HGR BAMBU,HGR ARU,Total
Effectif total en isolement,11,10,2,4,4,7,2,2,8,3,53,10,3,12,25,18,33,2,2,133",Institut National de Santé Publique,CC BY 4.0,data/csv/010_table_05_tableau_vi_mouvement_des_malades_dans_le.csv
insp,010,2026-05-24,2026-05-24,patients_in_isolation,facility,Democratic Republic of the Congo,RWAKOLE,RWAKOLE,8,patients,point,FALSE,TRUE,high,"Indicateurs,HGR Bunia,SOFEPADI,Clinique Bénedicte,CH ELIKYA,CM LES MERITES,CITADELE,UNIBU,CH LA PROVIDENCE,RWAKOLE,CM MATHYSEN,SOUS TOTAL BUNIA,HGR RWAMPARA,CH SALAMA,CME,SOUS TOTAL RWAMPARA,HGR MONGBWALU,HGR NYANKUNDE,HGR BAMBU,HGR ARU,Total
Effectif total en isolement,11,10,2,4,4,7,2,2,8,3,53,10,3,12,25,18,33,2,2,133",Institut National de Santé Publique,CC BY 4.0,data/csv/010_table_05_tableau_vi_mouvement_des_malades_dans_le.csv
insp,010,2026-05-24,2026-05-24,patients_in_isolation,facility,Democratic Republic of the Congo,SOFEPADI,SOFEPADI,10,patients,point,FALSE,TRUE,high,"Indicateurs,HGR Bunia,SOFEPADI,Clinique Bénedicte,CH ELIKYA,CM LES MERITES,CITADELE,UNIBU,CH LA PROVIDENCE,RWAKOLE,CM MATHYSEN,SOUS TOTAL BUNIA,HGR RWAMPARA,CH SALAMA,CME,SOUS TOTAL RWAMPARA,HGR MONGBWALU,HGR NYANKUNDE,HGR BAMBU,HGR ARU,Total
Effectif total en isolement,11,10,2,4,4,7,2,2,8,3,53,10,3,12,25,18,33,2,2,133",Institut National de Santé Publique,CC BY 4.0,data/csv/010_table_05_tableau_vi_mouvement_des_malades_dans_le.csv
insp,010,2026-05-24,2026-05-24,patients_in_isolation,facility,Democratic Republic of the Congo,UNIBU,UNIBU,2,patients,point,FALSE,TRUE,high,"Indicateurs,HGR Bunia,SOFEPADI,Clinique Bénedicte,CH ELIKYA,CM LES MERITES,CITADELE,UNIBU,CH LA PROVIDENCE,RWAKOLE,CM MATHYSEN,SOUS TOTAL BUNIA,HGR RWAMPARA,CH SALAMA,CME,SOUS TOTAL RWAMPARA,HGR MONGBWALU,HGR NYANKUNDE,HGR BAMBU,HGR ARU,Total
Effectif total en isolement,11,10,2,4,4,7,2,2,8,3,53,10,3,12,25,18,33,2,2,133",Institut National de Santé Publique,CC BY 4.0,data/csv/010_table_05_tableau_vi_mouvement_des_malades_dans_le.csv
who_afro,afro-02,2026-05-24,2026-05-24,patients_in_isolation,national,Democratic Republic of the Congo,"","",133,patients,point,FALSE,TRUE,high,with 133 patients currently in isolation centres,World Health Organization Regional Office for Africa,CC BY-NC-SA 3.0 IGO,https://iris.who.int/handle/10665/386242
insp,010,2026-05-24,2026-05-24,patients_in_isolation,national,Democratic Republic of the Congo,"",Total,133,patients,point,FALSE,TRUE,high,"Indicateurs,HGR Bunia,SOFEPADI,Clinique Bénedicte,CH ELIKYA,CM LES MERITES,CITADELE,UNIBU,CH LA PROVIDENCE,RWAKOLE,CM MATHYSEN,SOUS TOTAL BUNIA,HGR RWAMPARA,CH SALAMA,CME,SOUS TOTAL RWAMPARA,HGR MONGBWALU,HGR NYANKUNDE,HGR BAMBU,HGR ARU,Total
Effectif total en isolement,11,10,2,4,4,7,2,2,8,3,53,10,3,12,25,18,33,2,2,133",Institut National de Santé Publique,CC BY 4.0,data/csv/010_table_05_tableau_vi_mouvement_des_malades_dans_le.csv
insp,013,2026-05-27,2026-05-26,beds_occupied,facility,Democratic Republic of the Congo,CME,CME (27 Lits : 08 Conf et 19 S ),22,beds,point,FALSE,TRUE,high,"Indicateurs et Variables,HGR BUNIA (12 Lits: 08 S et 03 C ),HGR RWAMPARA (18 Lits: 08 C et 10 S),CME (27 Lits : 08 Conf et 19 S ),HGR MUNGBWALU (40 Lits: 12 C et 28 S ),HGR NYAKUNDE,CT BAMBU,CT HEAL AFRICA (Nord-kivu) 19 lits,TOTAL et Tx d'occup
Report,14,8,22,10,39,6,2,101",Institut National de Santé Publique,CC BY 4.0,data/csv/013_table_04_tableau_v_mouvement_des_malades_dans_les.csv
insp,013,2026-05-27,2026-05-26,beds_occupied,facility,Democratic Republic of the Congo,CT BAMBU,CT BAMBU,6,beds,point,FALSE,TRUE,high,"Indicateurs et Variables,HGR BUNIA (12 Lits: 08 S et 03 C ),HGR RWAMPARA (18 Lits: 08 C et 10 S),CME (27 Lits : 08 Conf et 19 S ),HGR MUNGBWALU (40 Lits: 12 C et 28 S ),HGR NYAKUNDE,CT BAMBU,CT HEAL AFRICA (Nord-kivu) 19 lits,TOTAL et Tx d'occup
Report,14,8,22,10,39,6,2,101",Institut National de Santé Publique,CC BY 4.0,data/csv/013_table_04_tableau_v_mouvement_des_malades_dans_les.csv
insp,013,2026-05-27,2026-05-26,beds_occupied,facility,Democratic Republic of the Congo,CT HEAL AFRICA (Nord-kivu),CT HEAL AFRICA (Nord-kivu) 19 lits,2,beds,point,FALSE,TRUE,high,"Indicateurs et Variables,HGR BUNIA (12 Lits: 08 S et 03 C ),HGR RWAMPARA (18 Lits: 08 C et 10 S),CME (27 Lits : 08 Conf et 19 S ),HGR MUNGBWALU (40 Lits: 12 C et 28 S ),HGR NYAKUNDE,CT BAMBU,CT HEAL AFRICA (Nord-kivu) 19 lits,TOTAL et Tx d'occup
Report,14,8,22,10,39,6,2,101",Institut National de Santé Publique,CC BY 4.0,data/csv/013_table_04_tableau_v_mouvement_des_malades_dans_les.csv
insp,013,2026-05-27,2026-05-26,beds_occupied,facility,Democratic Republic of the Congo,HGR BUNIA,HGR BUNIA (12 Lits: 08 S et 03 C ),14,beds,point,FALSE,TRUE,high,"Indicateurs et Variables,HGR BUNIA (12 Lits: 08 S et 03 C ),HGR RWAMPARA (18 Lits: 08 C et 10 S),CME (27 Lits : 08 Conf et 19 S ),HGR MUNGBWALU (40 Lits: 12 C et 28 S ),HGR NYAKUNDE,CT BAMBU,CT HEAL AFRICA (Nord-kivu) 19 lits,TOTAL et Tx d'occup
Report,14,8,22,10,39,6,2,101",Institut National de Santé Publique,CC BY 4.0,data/csv/013_table_04_tableau_v_mouvement_des_malades_dans_les.csv
insp,013,2026-05-27,2026-05-26,beds_occupied,facility,Democratic Republic of the Congo,HGR MUNGBWALU,HGR MUNGBWALU (40 Lits: 12 C et 28 S ),10,beds,point,FALSE,TRUE,high,"Indicateurs et Variables,HGR BUNIA (12 Lits: 08 S et 03 C ),HGR RWAMPARA (18 Lits: 08 C et 10 S),CME (27 Lits : 08 Conf et 19 S ),HGR MUNGBWALU (40 Lits: 12 C et 28 S ),HGR NYAKUNDE,CT BAMBU,CT HEAL AFRICA (Nord-kivu) 19 lits,TOTAL et Tx d'occup
Report,14,8,22,10,39,6,2,101",Institut National de Santé Publique,CC BY 4.0,data/csv/013_table_04_tableau_v_mouvement_des_malades_dans_les.csv
insp,013,2026-05-27,2026-05-26,beds_occupied,facility,Democratic Republic of the Congo,HGR NYAKUNDE,HGR NYAKUNDE,39,beds,point,FALSE,TRUE,high,"Indicateurs et Variables,HGR BUNIA (12 Lits: 08 S et 03 C ),HGR RWAMPARA (18 Lits: 08 C et 10 S),CME (27 Lits : 08 Conf et 19 S ),HGR MUNGBWALU (40 Lits: 12 C et 28 S ),HGR NYAKUNDE,CT BAMBU,CT HEAL AFRICA (Nord-kivu) 19 lits,TOTAL et Tx d'occup
Report,14,8,22,10,39,6,2,101",Institut National de Santé Publique,CC BY 4.0,data/csv/013_table_04_tableau_v_mouvement_des_malades_dans_les.csv
insp,013,2026-05-27,2026-05-26,beds_occupied,facility,Democratic Republic of the Congo,HGR RWAMPARA,HGR RWAMPARA (18 Lits: 08 C et 10 S),8,beds,point,FALSE,TRUE,high,"Indicateurs et Variables,HGR BUNIA (12 Lits: 08 S et 03 C ),HGR RWAMPARA (18 Lits: 08 C et 10 S),CME (27 Lits : 08 Conf et 19 S ),HGR MUNGBWALU (40 Lits: 12 C et 28 S ),HGR NYAKUNDE,CT BAMBU,CT HEAL AFRICA (Nord-kivu) 19 lits,TOTAL et Tx d'occup
Report,14,8,22,10,39,6,2,101",Institut National de Santé Publique,CC BY 4.0,data/csv/013_table_04_tableau_v_mouvement_des_malades_dans_les.csv
insp,013,2026-05-27,2026-05-27,beds_capacity,facility,Democratic Republic of the Congo,CME,CME (27 Lits : 08 Conf et 19 S ),27,beds,point,FALSE,TRUE,low,"Indicateurs et Variables,HGR BUNIA (12 Lits: 08 S et 03 C ),HGR RWAMPARA (18 Lits: 08 C et 10 S),CME (27 Lits : 08 Conf et 19 S ),HGR MUNGBWALU (40 Lits: 12 C et 28 S ),HGR NYAKUNDE,CT BAMBU,CT HEAL AFRICA (Nord-kivu) 19 lits,TOTAL et Tx d'occup",Institut National de Santé Publique,CC BY 4.0,data/csv/013_table_04_tableau_v_mouvement_des_malades_dans_les.csv
insp,013,2026-05-27,2026-05-27,beds_capacity,facility,Democratic Republic of the Congo,CT HEAL AFRICA (Nord-kivu),CT HEAL AFRICA (Nord-kivu) 19 lits,19,beds,point,FALSE,TRUE,low,"Indicateurs et Variables,HGR BUNIA (12 Lits: 08 S et 03 C ),HGR RWAMPARA (18 Lits: 08 C et 10 S),CME (27 Lits : 08 Conf et 19 S ),HGR MUNGBWALU (40 Lits: 12 C et 28 S ),HGR NYAKUNDE,CT BAMBU,CT HEAL AFRICA (Nord-kivu) 19 lits,TOTAL et Tx d'occup",Institut National de Santé Publique,CC BY 4.0,data/csv/013_table_04_tableau_v_mouvement_des_malades_dans_les.csv
insp,013,2026-05-27,2026-05-27,beds_capacity,facility,Democratic Republic of the Congo,HGR BUNIA,HGR BUNIA (12 Lits: 08 S et 03 C ),12,beds,point,FALSE,TRUE,low,"Indicateurs et Variables,HGR BUNIA (12 Lits: 08 S et 03 C ),HGR RWAMPARA (18 Lits: 08 C et 10 S),CME (27 Lits : 08 Conf et 19 S ),HGR MUNGBWALU (40 Lits: 12 C et 28 S ),HGR NYAKUNDE,CT BAMBU,CT HEAL AFRICA (Nord-kivu) 19 lits,TOTAL et Tx d'occup",Institut National de Santé Publique,CC BY 4.0,data/csv/013_table_04_tableau_v_mouvement_des_malades_dans_les.csv
insp,013,2026-05-27,2026-05-27,beds_capacity,facility,Democratic Republic of the Congo,HGR MUNGBWALU,HGR MUNGBWALU (40 Lits: 12 C et 28 S ),40,beds,point,FALSE,TRUE,low,"Indicateurs et Variables,HGR BUNIA (12 Lits: 08 S et 03 C ),HGR RWAMPARA (18 Lits: 08 C et 10 S),CME (27 Lits : 08 Conf et 19 S ),HGR MUNGBWALU (40 Lits: 12 C et 28 S ),HGR NYAKUNDE,CT BAMBU,CT HEAL AFRICA (Nord-kivu) 19 lits,TOTAL et Tx d'occup",Institut National de Santé Publique,CC BY 4.0,data/csv/013_table_04_tableau_v_mouvement_des_malades_dans_les.csv
insp,013,2026-05-27,2026-05-27,beds_capacity,facility,Democratic Republic of the Congo,HGR RWAMPARA,HGR RWAMPARA (18 Lits: 08 C et 10 S),18,beds,point,FALSE,TRUE,low,"Indicateurs et Variables,HGR BUNIA (12 Lits: 08 S et 03 C ),HGR RWAMPARA (18 Lits: 08 C et 10 S),CME (27 Lits : 08 Conf et 19 S ),HGR MUNGBWALU (40 Lits: 12 C et 28 S ),HGR NYAKUNDE,CT BAMBU,CT HEAL AFRICA (Nord-kivu) 19 lits,TOTAL et Tx d'occup",Institut National de Santé Publique,CC BY 4.0,data/csv/013_table_04_tableau_v_mouvement_des_malades_dans_les.csv
insp,014,2026-05-28,2026-05-27,beds_occupied,facility,Democratic Republic of the Congo,CME,CME (27 Lits : 08 Conf et 19 S ),22,beds,point,FALSE,TRUE,high,"Indicateurs et Variables,HGR BUNIA (12 Lits: 08 S et 03 C ),HGR RWAMPARA (18 Lits: 08 C et 10 S),CME (27 Lits : 08 Conf et 19 S ),HGR MUNGBWALU (40 Lits: 12 C et 28 S ),HGR NYAKUNDE,CT BAMBU,CT HEAL AFRICA (Nord-kivu) 19 lits,TOTAL et Tx d'occup
Report,14,8,22,10,39,6,2,101",Institut National de Santé Publique,CC BY 4.0,data/csv/014_table_03_tableau_v_mouvement_des_malades_dans_les.csv
insp,014,2026-05-28,2026-05-27,beds_occupied,facility,Democratic Republic of the Congo,CT BAMBU,CT BAMBU,6,beds,point,FALSE,TRUE,high,"Indicateurs et Variables,HGR BUNIA (12 Lits: 08 S et 03 C ),HGR RWAMPARA (18 Lits: 08 C et 10 S),CME (27 Lits : 08 Conf et 19 S ),HGR MUNGBWALU (40 Lits: 12 C et 28 S ),HGR NYAKUNDE,CT BAMBU,CT HEAL AFRICA (Nord-kivu) 19 lits,TOTAL et Tx d'occup
Report,14,8,22,10,39,6,2,101",Institut National de Santé Publique,CC BY 4.0,data/csv/014_table_03_tableau_v_mouvement_des_malades_dans_les.csv
insp,014,2026-05-28,2026-05-27,beds_occupied,facility,Democratic Republic of the Congo,CT HEAL AFRICA (Nord-kivu),CT HEAL AFRICA (Nord-kivu) 19 lits,2,beds,point,FALSE,TRUE,high,"Indicateurs et Variables,HGR BUNIA (12 Lits: 08 S et 03 C ),HGR RWAMPARA (18 Lits: 08 C et 10 S),CME (27 Lits : 08 Conf et 19 S ),HGR MUNGBWALU (40 Lits: 12 C et 28 S ),HGR NYAKUNDE,CT BAMBU,CT HEAL AFRICA (Nord-kivu) 19 lits,TOTAL et Tx d'occup
Report,14,8,22,10,39,6,2,101",Institut National de Santé Publique,CC BY 4.0,data/csv/014_table_03_tableau_v_mouvement_des_malades_dans_les.csv
insp,014,2026-05-28,2026-05-27,beds_occupied,facility,Democratic Republic of the Congo,HGR BUNIA,HGR BUNIA (12 Lits: 08 S et 03 C ),14,beds,point,FALSE,TRUE,high,"Indicateurs et Variables,HGR BUNIA (12 Lits: 08 S et 03 C ),HGR RWAMPARA (18 Lits: 08 C et 10 S),CME (27 Lits : 08 Conf et 19 S ),HGR MUNGBWALU (40 Lits: 12 C et 28 S ),HGR NYAKUNDE,CT BAMBU,CT HEAL AFRICA (Nord-kivu) 19 lits,TOTAL et Tx d'occup
Report,14,8,22,10,39,6,2,101",Institut National de Santé Publique,CC BY 4.0,data/csv/014_table_03_tableau_v_mouvement_des_malades_dans_les.csv
insp,014,2026-05-28,2026-05-27,beds_occupied,facility,Democratic Republic of the Congo,HGR MUNGBWALU,HGR MUNGBWALU (40 Lits: 12 C et 28 S ),10,beds,point,FALSE,TRUE,high,"Indicateurs et Variables,HGR BUNIA (12 Lits: 08 S et 03 C ),HGR RWAMPARA (18 Lits: 08 C et 10 S),CME (27 Lits : 08 Conf et 19 S ),HGR MUNGBWALU (40 Lits: 12 C et 28 S ),HGR NYAKUNDE,CT BAMBU,CT HEAL AFRICA (Nord-kivu) 19 lits,TOTAL et Tx d'occup
Report,14,8,22,10,39,6,2,101",Institut National de Santé Publique,CC BY 4.0,data/csv/014_table_03_tableau_v_mouvement_des_malades_dans_les.csv
insp,014,2026-05-28,2026-05-27,beds_occupied,facility,Democratic Republic of the Congo,HGR NYAKUNDE,HGR NYAKUNDE,39,beds,point,FALSE,TRUE,high,"Indicateurs et Variables,HGR BUNIA (12 Lits: 08 S et 03 C ),HGR RWAMPARA (18 Lits: 08 C et 10 S),CME (27 Lits : 08 Conf et 19 S ),HGR MUNGBWALU (40 Lits: 12 C et 28 S ),HGR NYAKUNDE,CT BAMBU,CT HEAL AFRICA (Nord-kivu) 19 lits,TOTAL et Tx d'occup
Report,14,8,22,10,39,6,2,101",Institut National de Santé Publique,CC BY 4.0,data/csv/014_table_03_tableau_v_mouvement_des_malades_dans_les.csv
insp,014,2026-05-28,2026-05-27,beds_occupied,facility,Democratic Republic of the Congo,HGR RWAMPARA,HGR RWAMPARA (18 Lits: 08 C et 10 S),8,beds,point,FALSE,TRUE,high,"Indicateurs et Variables,HGR BUNIA (12 Lits: 08 S et 03 C ),HGR RWAMPARA (18 Lits: 08 C et 10 S),CME (27 Lits : 08 Conf et 19 S ),HGR MUNGBWALU (40 Lits: 12 C et 28 S ),HGR NYAKUNDE,CT BAMBU,CT HEAL AFRICA (Nord-kivu) 19 lits,TOTAL et Tx d'occup
Report,14,8,22,10,39,6,2,101",Institut National de Santé Publique,CC BY 4.0,data/csv/014_table_03_tableau_v_mouvement_des_malades_dans_les.csv
insp,013,2026-05-27,2026-05-27,deaths_in_facility,facility,Democratic Republic of the Congo,CME,CME (27 Lits : 08 Conf et 19 S ),1,patients,24h,FALSE,TRUE,high,"Indicateurs et Variables,HGR BUNIA (12 Lits: 08 S et 03 C ),HGR RWAMPARA (18 Lits: 08 C et 10 S),CME (27 Lits : 08 Conf et 19 S ),HGR MUNGBWALU (40 Lits: 12 C et 28 S ),HGR NYAKUNDE,CT BAMBU,CT HEAL AFRICA (Nord-kivu) 19 lits,TOTAL et Tx d'occup
Sorties Décédés,1,1,1,2,1,0,0,6",Institut National de Santé Publique,CC BY 4.0,data/csv/013_table_04_tableau_v_mouvement_des_malades_dans_les.csv
insp,013,2026-05-27,2026-05-27,deaths_in_facility,facility,Democratic Republic of the Congo,CT BAMBU,CT BAMBU,0,patients,24h,FALSE,TRUE,high,"Indicateurs et Variables,HGR BUNIA (12 Lits: 08 S et 03 C ),HGR RWAMPARA (18 Lits: 08 C et 10 S),CME (27 Lits : 08 Conf et 19 S ),HGR MUNGBWALU (40 Lits: 12 C et 28 S ),HGR NYAKUNDE,CT BAMBU,CT HEAL AFRICA (Nord-kivu) 19 lits,TOTAL et Tx d'occup
Sorties Décédés,1,1,1,2,1,0,0,6",Institut National de Santé Publique,CC BY 4.0,data/csv/013_table_04_tableau_v_mouvement_des_malades_dans_les.csv
insp,013,2026-05-27,2026-05-27,deaths_in_facility,facility,Democratic Republic of the Congo,CT HEAL AFRICA (Nord-kivu),CT HEAL AFRICA (Nord-kivu) 19 lits,0,patients,24h,FALSE,TRUE,high,"Indicateurs et Variables,HGR BUNIA (12 Lits: 08 S et 03 C ),HGR RWAMPARA (18 Lits: 08 C et 10 S),CME (27 Lits : 08 Conf et 19 S ),HGR MUNGBWALU (40 Lits: 12 C et 28 S ),HGR NYAKUNDE,CT BAMBU,CT HEAL AFRICA (Nord-kivu) 19 lits,TOTAL et Tx d'occup
Sorties Décédés,1,1,1,2,1,0,0,6",Institut National de Santé Publique,CC BY 4.0,data/csv/013_table_04_tableau_v_mouvement_des_malades_dans_les.csv
insp,013,2026-05-27,2026-05-27,deaths_in_facility,facility,Democratic Republic of the Congo,HGR BUNIA,HGR BUNIA (12 Lits: 08 S et 03 C ),1,patients,24h,FALSE,TRUE,high,"Indicateurs et Variables,HGR BUNIA (12 Lits: 08 S et 03 C ),HGR RWAMPARA (18 Lits: 08 C et 10 S),CME (27 Lits : 08 Conf et 19 S ),HGR MUNGBWALU (40 Lits: 12 C et 28 S ),HGR NYAKUNDE,CT BAMBU,CT HEAL AFRICA (Nord-kivu) 19 lits,TOTAL et Tx d'occup
Sorties Décédés,1,1,1,2,1,0,0,6",Institut National de Santé Publique,CC BY 4.0,data/csv/013_table_04_tableau_v_mouvement_des_malades_dans_les.csv
insp,013,2026-05-27,2026-05-27,deaths_in_facility,facility,Democratic Republic of the Congo,HGR MUNGBWALU,HGR MUNGBWALU (40 Lits: 12 C et 28 S ),2,patients,24h,FALSE,TRUE,high,"Indicateurs et Variables,HGR BUNIA (12 Lits: 08 S et 03 C ),HGR RWAMPARA (18 Lits: 08 C et 10 S),CME (27 Lits : 08 Conf et 19 S ),HGR MUNGBWALU (40 Lits: 12 C et 28 S ),HGR NYAKUNDE,CT BAMBU,CT HEAL AFRICA (Nord-kivu) 19 lits,TOTAL et Tx d'occup
Sorties Décédés,1,1,1,2,1,0,0,6",Institut National de Santé Publique,CC BY 4.0,data/csv/013_table_04_tableau_v_mouvement_des_malades_dans_les.csv
insp,013,2026-05-27,2026-05-27,deaths_in_facility,facility,Democratic Republic of the Congo,HGR NYAKUNDE,HGR NYAKUNDE,1,patients,24h,FALSE,TRUE,high,"Indicateurs et Variables,HGR BUNIA (12 Lits: 08 S et 03 C ),HGR RWAMPARA (18 Lits: 08 C et 10 S),CME (27 Lits : 08 Conf et 19 S ),HGR MUNGBWALU (40 Lits: 12 C et 28 S ),HGR NYAKUNDE,CT BAMBU,CT HEAL AFRICA (Nord-kivu) 19 lits,TOTAL et Tx d'occup
Sorties Décédés,1,1,1,2,1,0,0,6",Institut National de Santé Publique,CC BY 4.0,data/csv/013_table_04_tableau_v_mouvement_des_malades_dans_les.csv
insp,013,2026-05-27,2026-05-27,deaths_in_facility,facility,Democratic Republic of the Congo,HGR RWAMPARA,HGR RWAMPARA (18 Lits: 08 C et 10 S),1,patients,24h,FALSE,TRUE,high,"Indicateurs et Variables,HGR BUNIA (12 Lits: 08 S et 03 C ),HGR RWAMPARA (18 Lits: 08 C et 10 S),CME (27 Lits : 08 Conf et 19 S ),HGR MUNGBWALU (40 Lits: 12 C et 28 S ),HGR NYAKUNDE,CT BAMBU,CT HEAL AFRICA (Nord-kivu) 19 lits,TOTAL et Tx d'occup
Sorties Décédés,1,1,1,2,1,0,0,6",Institut National de Santé Publique,CC BY 4.0,data/csv/013_table_04_tableau_v_mouvement_des_malades_dans_les.csv
insp,013,2026-05-27,2026-05-27,discharges_recovered,facility,Democratic Republic of the Congo,CME,CME (27 Lits : 08 Conf et 19 S ),0,patients,24h,FALSE,TRUE,high,"Indicateurs et Variables,HGR BUNIA (12 Lits: 08 S et 03 C ),HGR RWAMPARA (18 Lits: 08 C et 10 S),CME (27 Lits : 08 Conf et 19 S ),HGR MUNGBWALU (40 Lits: 12 C et 28 S ),HGR NYAKUNDE,CT BAMBU,CT HEAL AFRICA (Nord-kivu) 19 lits,TOTAL et Tx d'occup
Sorties Guéris,0,0,0,0,0,0,0,0",Institut National de Santé Publique,CC BY 4.0,data/csv/013_table_04_tableau_v_mouvement_des_malades_dans_les.csv
insp,013,2026-05-27,2026-05-27,discharges_recovered,facility,Democratic Republic of the Congo,CT BAMBU,CT BAMBU,0,patients,24h,FALSE,TRUE,high,"Indicateurs et Variables,HGR BUNIA (12 Lits: 08 S et 03 C ),HGR RWAMPARA (18 Lits: 08 C et 10 S),CME (27 Lits : 08 Conf et 19 S ),HGR MUNGBWALU (40 Lits: 12 C et 28 S ),HGR NYAKUNDE,CT BAMBU,CT HEAL AFRICA (Nord-kivu) 19 lits,TOTAL et Tx d'occup
Sorties Guéris,0,0,0,0,0,0,0,0",Institut National de Santé Publique,CC BY 4.0,data/csv/013_table_04_tableau_v_mouvement_des_malades_dans_les.csv
insp,013,2026-05-27,2026-05-27,discharges_recovered,facility,Democratic Republic of the Congo,CT HEAL AFRICA (Nord-kivu),CT HEAL AFRICA (Nord-kivu) 19 lits,0,patients,24h,FALSE,TRUE,high,"Indicateurs et Variables,HGR BUNIA (12 Lits: 08 S et 03 C ),HGR RWAMPARA (18 Lits: 08 C et 10 S),CME (27 Lits : 08 Conf et 19 S ),HGR MUNGBWALU (40 Lits: 12 C et 28 S ),HGR NYAKUNDE,CT BAMBU,CT HEAL AFRICA (Nord-kivu) 19 lits,TOTAL et Tx d'occup
Sorties Guéris,0,0,0,0,0,0,0,0",Institut National de Santé Publique,CC BY 4.0,data/csv/013_table_04_tableau_v_mouvement_des_malades_dans_les.csv
insp,013,2026-05-27,2026-05-27,discharges_recovered,facility,Democratic Republic of the Congo,HGR BUNIA,HGR BUNIA (12 Lits: 08 S et 03 C ),0,patients,24h,FALSE,TRUE,high,"Indicateurs et Variables,HGR BUNIA (12 Lits: 08 S et 03 C ),HGR RWAMPARA (18 Lits: 08 C et 10 S),CME (27 Lits : 08 Conf et 19 S ),HGR MUNGBWALU (40 Lits: 12 C et 28 S ),HGR NYAKUNDE,CT BAMBU,CT HEAL AFRICA (Nord-kivu) 19 lits,TOTAL et Tx d'occup
Sorties Guéris,0,0,0,0,0,0,0,0",Institut National de Santé Publique,CC BY 4.0,data/csv/013_table_04_tableau_v_mouvement_des_malades_dans_les.csv
insp,013,2026-05-27,2026-05-27,discharges_recovered,facility,Democratic Republic of the Congo,HGR MUNGBWALU,HGR MUNGBWALU (40 Lits: 12 C et 28 S ),0,patients,24h,FALSE,TRUE,high,"Indicateurs et Variables,HGR BUNIA (12 Lits: 08 S et 03 C ),HGR RWAMPARA (18 Lits: 08 C et 10 S),CME (27 Lits : 08 Conf et 19 S ),HGR MUNGBWALU (40 Lits: 12 C et 28 S ),HGR NYAKUNDE,CT BAMBU,CT HEAL AFRICA (Nord-kivu) 19 lits,TOTAL et Tx d'occup
Sorties Guéris,0,0,0,0,0,0,0,0",Institut National de Santé Publique,CC BY 4.0,data/csv/013_table_04_tableau_v_mouvement_des_malades_dans_les.csv
insp,013,2026-05-27,2026-05-27,discharges_recovered,facility,Democratic Republic of the Congo,HGR NYAKUNDE,HGR NYAKUNDE,0,patients,24h,FALSE,TRUE,high,"Indicateurs et Variables,HGR BUNIA (12 Lits: 08 S et 03 C ),HGR RWAMPARA (18 Lits: 08 C et 10 S),CME (27 Lits : 08 Conf et 19 S ),HGR MUNGBWALU (40 Lits: 12 C et 28 S ),HGR NYAKUNDE,CT BAMBU,CT HEAL AFRICA (Nord-kivu) 19 lits,TOTAL et Tx d'occup
Sorties Guéris,0,0,0,0,0,0,0,0",Institut National de Santé Publique,CC BY 4.0,data/csv/013_table_04_tableau_v_mouvement_des_malades_dans_les.csv
insp,013,2026-05-27,2026-05-27,discharges_recovered,facility,Democratic Republic of the Congo,HGR RWAMPARA,HGR RWAMPARA (18 Lits: 08 C et 10 S),0,patients,24h,FALSE,TRUE,high,"Indicateurs et Variables,HGR BUNIA (12 Lits: 08 S et 03 C ),HGR RWAMPARA (18 Lits: 08 C et 10 S),CME (27 Lits : 08 Conf et 19 S ),HGR MUNGBWALU (40 Lits: 12 C et 28 S ),HGR NYAKUNDE,CT BAMBU,CT HEAL AFRICA (Nord-kivu) 19 lits,TOTAL et Tx d'occup
Sorties Guéris,0,0,0,0,0,0,0,0",Institut National de Santé Publique,CC BY 4.0,data/csv/013_table_04_tableau_v_mouvement_des_malades_dans_les.csv
insp,013,2026-05-27,2026-05-27,escapes,facility,Democratic Republic of the Congo,CME,CME (27 Lits : 08 Conf et 19 S ),0,patients,24h,FALSE,TRUE,high,"Indicateurs et Variables,HGR BUNIA (12 Lits: 08 S et 03 C ),HGR RWAMPARA (18 Lits: 08 C et 10 S),CME (27 Lits : 08 Conf et 19 S ),HGR MUNGBWALU (40 Lits: 12 C et 28 S ),HGR NYAKUNDE,CT BAMBU,CT HEAL AFRICA (Nord-kivu) 19 lits,TOTAL et Tx d'occup
Sorties Evadés,3,0,0,1,0,0,0,4",Institut National de Santé Publique,CC BY 4.0,data/csv/013_table_04_tableau_v_mouvement_des_malades_dans_les.csv
insp,013,2026-05-27,2026-05-27,escapes,facility,Democratic Republic of the Congo,CT BAMBU,CT BAMBU,0,patients,24h,FALSE,TRUE,high,"Indicateurs et Variables,HGR BUNIA (12 Lits: 08 S et 03 C ),HGR RWAMPARA (18 Lits: 08 C et 10 S),CME (27 Lits : 08 Conf et 19 S ),HGR MUNGBWALU (40 Lits: 12 C et 28 S ),HGR NYAKUNDE,CT BAMBU,CT HEAL AFRICA (Nord-kivu) 19 lits,TOTAL et Tx d'occup
Sorties Evadés,3,0,0,1,0,0,0,4",Institut National de Santé Publique,CC BY 4.0,data/csv/013_table_04_tableau_v_mouvement_des_malades_dans_les.csv
insp,013,2026-05-27,2026-05-27,escapes,facility,Democratic Republic of the Congo,CT HEAL AFRICA (Nord-kivu),CT HEAL AFRICA (Nord-kivu) 19 lits,0,patients,24h,FALSE,TRUE,high,"Indicateurs et Variables,HGR BUNIA (12 Lits: 08 S et 03 C ),HGR RWAMPARA (18 Lits: 08 C et 10 S),CME (27 Lits : 08 Conf et 19 S ),HGR MUNGBWALU (40 Lits: 12 C et 28 S ),HGR NYAKUNDE,CT BAMBU,CT HEAL AFRICA (Nord-kivu) 19 lits,TOTAL et Tx d'occup
Sorties Evadés,3,0,0,1,0,0,0,4",Institut National de Santé Publique,CC BY 4.0,data/csv/013_table_04_tableau_v_mouvement_des_malades_dans_les.csv
insp,013,2026-05-27,2026-05-27,escapes,facility,Democratic Republic of the Congo,HGR BUNIA,HGR BUNIA (12 Lits: 08 S et 03 C ),3,patients,24h,FALSE,TRUE,high,"Indicateurs et Variables,HGR BUNIA (12 Lits: 08 S et 03 C ),HGR RWAMPARA (18 Lits: 08 C et 10 S),CME (27 Lits : 08 Conf et 19 S ),HGR MUNGBWALU (40 Lits: 12 C et 28 S ),HGR NYAKUNDE,CT BAMBU,CT HEAL AFRICA (Nord-kivu) 19 lits,TOTAL et Tx d'occup
Sorties Evadés,3,0,0,1,0,0,0,4",Institut National de Santé Publique,CC BY 4.0,data/csv/013_table_04_tableau_v_mouvement_des_malades_dans_les.csv
insp,013,2026-05-27,2026-05-27,escapes,facility,Democratic Republic of the Congo,HGR MUNGBWALU,HGR MUNGBWALU (40 Lits: 12 C et 28 S ),1,patients,24h,FALSE,TRUE,high,"Indicateurs et Variables,HGR BUNIA (12 Lits: 08 S et 03 C ),HGR RWAMPARA (18 Lits: 08 C et 10 S),CME (27 Lits : 08 Conf et 19 S ),HGR MUNGBWALU (40 Lits: 12 C et 28 S ),HGR NYAKUNDE,CT BAMBU,CT HEAL AFRICA (Nord-kivu) 19 lits,TOTAL et Tx d'occup
Sorties Evadés,3,0,0,1,0,0,0,4",Institut National de Santé Publique,CC BY 4.0,data/csv/013_table_04_tableau_v_mouvement_des_malades_dans_les.csv
insp,013,2026-05-27,2026-05-27,escapes,facility,Democratic Republic of the Congo,HGR NYAKUNDE,HGR NYAKUNDE,0,patients,24h,FALSE,TRUE,high,"Indicateurs et Variables,HGR BUNIA (12 Lits: 08 S et 03 C ),HGR RWAMPARA (18 Lits: 08 C et 10 S),CME (27 Lits : 08 Conf et 19 S ),HGR MUNGBWALU (40 Lits: 12 C et 28 S ),HGR NYAKUNDE,CT BAMBU,CT HEAL AFRICA (Nord-kivu) 19 lits,TOTAL et Tx d'occup
Sorties Evadés,3,0,0,1,0,0,0,4",Institut National de Santé Publique,CC BY 4.0,data/csv/013_table_04_tableau_v_mouvement_des_malades_dans_les.csv
insp,013,2026-05-27,2026-05-27,escapes,facility,Democratic Republic of the Congo,HGR RWAMPARA,HGR RWAMPARA (18 Lits: 08 C et 10 S),0,patients,24h,FALSE,TRUE,high,"Indicateurs et Variables,HGR BUNIA (12 Lits: 08 S et 03 C ),HGR RWAMPARA (18 Lits: 08 C et 10 S),CME (27 Lits : 08 Conf et 19 S ),HGR MUNGBWALU (40 Lits: 12 C et 28 S ),HGR NYAKUNDE,CT BAMBU,CT HEAL AFRICA (Nord-kivu) 19 lits,TOTAL et Tx d'occup
Sorties Evadés,3,0,0,1,0,0,0,4",Institut National de Santé Publique,CC BY 4.0,data/csv/013_table_04_tableau_v_mouvement_des_malades_dans_les.csv
insp,013,2026-05-27,2026-05-27,patients_in_isolation,facility,Democratic Republic of the Congo,CME,CME (27 Lits : 08 Conf et 19 S ),26,patients,point,FALSE,TRUE,high,"Indicateurs et Variables,HGR BUNIA (12 Lits: 08 S et 03 C ),HGR RWAMPARA (18 Lits: 08 C et 10 S),CME (27 Lits : 08 Conf et 19 S ),HGR MUNGBWALU (40 Lits: 12 C et 28 S ),HGR NYAKUNDE,CT BAMBU,CT HEAL AFRICA (Nord-kivu) 19 lits,TOTAL et Tx d'occup
Malades Hospitalisés Total,12,9,26,9,38,9,0,103",Institut National de Santé Publique,CC BY 4.0,data/csv/013_table_04_tableau_v_mouvement_des_malades_dans_les.csv
insp,013,2026-05-27,2026-05-27,patients_in_isolation,facility,Democratic Republic of the Congo,CT BAMBU,CT BAMBU,9,patients,point,FALSE,TRUE,high,"Indicateurs et Variables,HGR BUNIA (12 Lits: 08 S et 03 C ),HGR RWAMPARA (18 Lits: 08 C et 10 S),CME (27 Lits : 08 Conf et 19 S ),HGR MUNGBWALU (40 Lits: 12 C et 28 S ),HGR NYAKUNDE,CT BAMBU,CT HEAL AFRICA (Nord-kivu) 19 lits,TOTAL et Tx d'occup
Malades Hospitalisés Total,12,9,26,9,38,9,0,103",Institut National de Santé Publique,CC BY 4.0,data/csv/013_table_04_tableau_v_mouvement_des_malades_dans_les.csv
insp,013,2026-05-27,2026-05-27,patients_in_isolation,facility,Democratic Republic of the Congo,CT HEAL AFRICA (Nord-kivu),CT HEAL AFRICA (Nord-kivu) 19 lits,0,patients,point,FALSE,TRUE,high,"Indicateurs et Variables,HGR BUNIA (12 Lits: 08 S et 03 C ),HGR RWAMPARA (18 Lits: 08 C et 10 S),CME (27 Lits : 08 Conf et 19 S ),HGR MUNGBWALU (40 Lits: 12 C et 28 S ),HGR NYAKUNDE,CT BAMBU,CT HEAL AFRICA (Nord-kivu) 19 lits,TOTAL et Tx d'occup
Malades Hospitalisés Total,12,9,26,9,38,9,0,103",Institut National de Santé Publique,CC BY 4.0,data/csv/013_table_04_tableau_v_mouvement_des_malades_dans_les.csv
insp,013,2026-05-27,2026-05-27,patients_in_isolation,facility,Democratic Republic of the Congo,HGR BUNIA,HGR BUNIA (12 Lits: 08 S et 03 C ),12,patients,point,FALSE,TRUE,high,"Indicateurs et Variables,HGR BUNIA (12 Lits: 08 S et 03 C ),HGR RWAMPARA (18 Lits: 08 C et 10 S),CME (27 Lits : 08 Conf et 19 S ),HGR MUNGBWALU (40 Lits: 12 C et 28 S ),HGR NYAKUNDE,CT BAMBU,CT HEAL AFRICA (Nord-kivu) 19 lits,TOTAL et Tx d'occup
Malades Hospitalisés Total,12,9,26,9,38,9,0,103",Institut National de Santé Publique,CC BY 4.0,data/csv/013_table_04_tableau_v_mouvement_des_malades_dans_les.csv
insp,013,2026-05-27,2026-05-27,patients_in_isolation,facility,Democratic Republic of the Congo,HGR MUNGBWALU,HGR MUNGBWALU (40 Lits: 12 C et 28 S ),9,patients,point,FALSE,TRUE,high,"Indicateurs et Variables,HGR BUNIA (12 Lits: 08 S et 03 C ),HGR RWAMPARA (18 Lits: 08 C et 10 S),CME (27 Lits : 08 Conf et 19 S ),HGR MUNGBWALU (40 Lits: 12 C et 28 S ),HGR NYAKUNDE,CT BAMBU,CT HEAL AFRICA (Nord-kivu) 19 lits,TOTAL et Tx d'occup
Malades Hospitalisés Total,12,9,26,9,38,9,0,103",Institut National de Santé Publique,CC BY 4.0,data/csv/013_table_04_tableau_v_mouvement_des_malades_dans_les.csv
insp,013,2026-05-27,2026-05-27,patients_in_isolation,facility,Democratic Republic of the Congo,HGR NYAKUNDE,HGR NYAKUNDE,38,patients,point,FALSE,TRUE,high,"Indicateurs et Variables,HGR BUNIA (12 Lits: 08 S et 03 C ),HGR RWAMPARA (18 Lits: 08 C et 10 S),CME (27 Lits : 08 Conf et 19 S ),HGR MUNGBWALU (40 Lits: 12 C et 28 S ),HGR NYAKUNDE,CT BAMBU,CT HEAL AFRICA (Nord-kivu) 19 lits,TOTAL et Tx d'occup
Malades Hospitalisés Total,12,9,26,9,38,9,0,103",Institut National de Santé Publique,CC BY 4.0,data/csv/013_table_04_tableau_v_mouvement_des_malades_dans_les.csv
insp,013,2026-05-27,2026-05-27,patients_in_isolation,facility,Democratic Republic of the Congo,HGR RWAMPARA,HGR RWAMPARA (18 Lits: 08 C et 10 S),9,patients,point,FALSE,TRUE,high,"Indicateurs et Variables,HGR BUNIA (12 Lits: 08 S et 03 C ),HGR RWAMPARA (18 Lits: 08 C et 10 S),CME (27 Lits : 08 Conf et 19 S ),HGR MUNGBWALU (40 Lits: 12 C et 28 S ),HGR NYAKUNDE,CT BAMBU,CT HEAL AFRICA (Nord-kivu) 19 lits,TOTAL et Tx d'occup
Malades Hospitalisés Total,12,9,26,9,38,9,0,103",Institut National de Santé Publique,CC BY 4.0,data/csv/013_table_04_tableau_v_mouvement_des_malades_dans_les.csv
insp,014,2026-05-28,2026-05-28,beds_capacity,facility,Democratic Republic of the Congo,CME,CME (27 Lits : 08 Conf et 19 S ),27,beds,point,FALSE,TRUE,low,"Indicateurs et Variables,HGR BUNIA (12 Lits: 08 S et 03 C ),HGR RWAMPARA (18 Lits: 08 C et 10 S),CME (27 Lits : 08 Conf et 19 S ),HGR MUNGBWALU (40 Lits: 12 C et 28 S ),HGR NYAKUNDE,CT BAMBU,CT HEAL AFRICA (Nord-kivu) 19 lits,TOTAL et Tx d'occup",Institut National de Santé Publique,CC BY 4.0,data/csv/014_table_03_tableau_v_mouvement_des_malades_dans_les.csv
insp,014,2026-05-28,2026-05-28,beds_capacity,facility,Democratic Republic of the Congo,CT HEAL AFRICA (Nord-kivu),CT HEAL AFRICA (Nord-kivu) 19 lits,19,beds,point,FALSE,TRUE,low,"Indicateurs et Variables,HGR BUNIA (12 Lits: 08 S et 03 C ),HGR RWAMPARA (18 Lits: 08 C et 10 S),CME (27 Lits : 08 Conf et 19 S ),HGR MUNGBWALU (40 Lits: 12 C et 28 S ),HGR NYAKUNDE,CT BAMBU,CT HEAL AFRICA (Nord-kivu) 19 lits,TOTAL et Tx d'occup",Institut National de Santé Publique,CC BY 4.0,data/csv/014_table_03_tableau_v_mouvement_des_malades_dans_les.csv
insp,014,2026-05-28,2026-05-28,beds_capacity,facility,Democratic Republic of the Congo,HGR BUNIA,HGR BUNIA (12 Lits: 08 S et 03 C ),12,beds,point,FALSE,TRUE,low,"Indicateurs et Variables,HGR BUNIA (12 Lits: 08 S et 03 C ),HGR RWAMPARA (18 Lits: 08 C et 10 S),CME (27 Lits : 08 Conf et 19 S ),HGR MUNGBWALU (40 Lits: 12 C et 28 S ),HGR NYAKUNDE,CT BAMBU,CT HEAL AFRICA (Nord-kivu) 19 lits,TOTAL et Tx d'occup",Institut National de Santé Publique,CC BY 4.0,data/csv/014_table_03_tableau_v_mouvement_des_malades_dans_les.csv
insp,014,2026-05-28,2026-05-28,beds_capacity,facility,Democratic Republic of the Congo,HGR MUNGBWALU,HGR MUNGBWALU (40 Lits: 12 C et 28 S ),40,beds,point,FALSE,TRUE,low,"Indicateurs et Variables,HGR BUNIA (12 Lits: 08 S et 03 C ),HGR RWAMPARA (18 Lits: 08 C et 10 S),CME (27 Lits : 08 Conf et 19 S ),HGR MUNGBWALU (40 Lits: 12 C et 28 S ),HGR NYAKUNDE,CT BAMBU,CT HEAL AFRICA (Nord-kivu) 19 lits,TOTAL et Tx d'occup",Institut National de Santé Publique,CC BY 4.0,data/csv/014_table_03_tableau_v_mouvement_des_malades_dans_les.csv
insp,014,2026-05-28,2026-05-28,beds_capacity,facility,Democratic Republic of the Congo,HGR RWAMPARA,HGR RWAMPARA (18 Lits: 08 C et 10 S),18,beds,point,FALSE,TRUE,low,"Indicateurs et Variables,HGR BUNIA (12 Lits: 08 S et 03 C ),HGR RWAMPARA (18 Lits: 08 C et 10 S),CME (27 Lits : 08 Conf et 19 S ),HGR MUNGBWALU (40 Lits: 12 C et 28 S ),HGR NYAKUNDE,CT BAMBU,CT HEAL AFRICA (Nord-kivu) 19 lits,TOTAL et Tx d'occup",Institut National de Santé Publique,CC BY 4.0,data/csv/014_table_03_tableau_v_mouvement_des_malades_dans_les.csv
insp,015,2026-05-29,2026-05-28,beds_occupied,facility,Democratic Republic of the Congo,CME,CME,8,beds,point,FALSE,TRUE,high,"ISSUES,HGR Bunia,HGR Rwampara,CME,HGR Mongbwalu,HGR Nyankunde,HGR Bambu,HGR Aru,Total
Report (Nombre de malades présents au lit à la fin de journeée précédente),18,9,8,12,38,12,2,99",Institut National de Santé Publique,CC BY 4.0,data/csv/015_table_04_tableau_v_mouvement_des_malades_dans_les.csv
insp,015,2026-05-29,2026-05-28,beds_occupied,facility,Democratic Republic of the Congo,HGR Aru,HGR Aru,2,beds,point,FALSE,TRUE,high,"ISSUES,HGR Bunia,HGR Rwampara,CME,HGR Mongbwalu,HGR Nyankunde,HGR Bambu,HGR Aru,Total
Report (Nombre de malades présents au lit à la fin de journeée précédente),18,9,8,12,38,12,2,99",Institut National de Santé Publique,CC BY 4.0,data/csv/015_table_04_tableau_v_mouvement_des_malades_dans_les.csv
insp,015,2026-05-29,2026-05-28,beds_occupied,facility,Democratic Republic of the Congo,HGR Bambu,HGR Bambu,12,beds,point,FALSE,TRUE,high,"ISSUES,HGR Bunia,HGR Rwampara,CME,HGR Mongbwalu,HGR Nyankunde,HGR Bambu,HGR Aru,Total
Report (Nombre de malades présents au lit à la fin de journeée précédente),18,9,8,12,38,12,2,99",Institut National de Santé Publique,CC BY 4.0,data/csv/015_table_04_tableau_v_mouvement_des_malades_dans_les.csv
insp,015,2026-05-29,2026-05-28,beds_occupied,facility,Democratic Republic of the Congo,HGR Bunia,HGR Bunia,18,beds,point,FALSE,TRUE,high,"ISSUES,HGR Bunia,HGR Rwampara,CME,HGR Mongbwalu,HGR Nyankunde,HGR Bambu,HGR Aru,Total
Report (Nombre de malades présents au lit à la fin de journeée précédente),18,9,8,12,38,12,2,99",Institut National de Santé Publique,CC BY 4.0,data/csv/015_table_04_tableau_v_mouvement_des_malades_dans_les.csv
insp,015,2026-05-29,2026-05-28,beds_occupied,facility,Democratic Republic of the Congo,HGR Mongbwalu,HGR Mongbwalu,12,beds,point,FALSE,TRUE,high,"ISSUES,HGR Bunia,HGR Rwampara,CME,HGR Mongbwalu,HGR Nyankunde,HGR Bambu,HGR Aru,Total
Report (Nombre de malades présents au lit à la fin de journeée précédente),18,9,8,12,38,12,2,99",Institut National de Santé Publique,CC BY 4.0,data/csv/015_table_04_tableau_v_mouvement_des_malades_dans_les.csv
insp,015,2026-05-29,2026-05-28,beds_occupied,facility,Democratic Republic of the Congo,HGR Nyankunde,HGR Nyankunde,38,beds,point,FALSE,TRUE,high,"ISSUES,HGR Bunia,HGR Rwampara,CME,HGR Mongbwalu,HGR Nyankunde,HGR Bambu,HGR Aru,Total
Report (Nombre de malades présents au lit à la fin de journeée précédente),18,9,8,12,38,12,2,99",Institut National de Santé Publique,CC BY 4.0,data/csv/015_table_04_tableau_v_mouvement_des_malades_dans_les.csv
insp,015,2026-05-29,2026-05-28,beds_occupied,facility,Democratic Republic of the Congo,HGR Rwampara,HGR Rwampara,9,beds,point,FALSE,TRUE,high,"ISSUES,HGR Bunia,HGR Rwampara,CME,HGR Mongbwalu,HGR Nyankunde,HGR Bambu,HGR Aru,Total
Report (Nombre de malades présents au lit à la fin de journeée précédente),18,9,8,12,38,12,2,99",Institut National de Santé Publique,CC BY 4.0,data/csv/015_table_04_tableau_v_mouvement_des_malades_dans_les.csv
insp,015,2026-05-29,2026-05-28,beds_occupied,national,Democratic Republic of the Congo,"",Total,99,beds,point,FALSE,TRUE,high,"ISSUES,HGR Bunia,HGR Rwampara,CME,HGR Mongbwalu,HGR Nyankunde,HGR Bambu,HGR Aru,Total
Report (Nombre de malades présents au lit à la fin de journeée précédente),18,9,8,12,38,12,2,99",Institut National de Santé Publique,CC BY 4.0,data/csv/015_table_04_tableau_v_mouvement_des_malades_dans_les.csv
insp,014,2026-05-28,2026-05-28,deaths_in_facility,facility,Democratic Republic of the Congo,CME,CME (27 Lits : 08 Conf et 19 S ),1,patients,24h,FALSE,TRUE,high,"Indicateurs et Variables,HGR BUNIA (12 Lits: 08 S et 03 C ),HGR RWAMPARA (18 Lits: 08 C et 10 S),CME (27 Lits : 08 Conf et 19 S ),HGR MUNGBWALU (40 Lits: 12 C et 28 S ),HGR NYAKUNDE,CT BAMBU,CT HEAL AFRICA (Nord-kivu) 19 lits,TOTAL et Tx d'occup
Sorties Décédés,1,1,1,2,1,0,0,6",Institut National de Santé Publique,CC BY 4.0,data/csv/014_table_03_tableau_v_mouvement_des_malades_dans_les.csv
insp,014,2026-05-28,2026-05-28,deaths_in_facility,facility,Democratic Republic of the Congo,CT BAMBU,CT BAMBU,0,patients,24h,FALSE,TRUE,high,"Indicateurs et Variables,HGR BUNIA (12 Lits: 08 S et 03 C ),HGR RWAMPARA (18 Lits: 08 C et 10 S),CME (27 Lits : 08 Conf et 19 S ),HGR MUNGBWALU (40 Lits: 12 C et 28 S ),HGR NYAKUNDE,CT BAMBU,CT HEAL AFRICA (Nord-kivu) 19 lits,TOTAL et Tx d'occup
Sorties Décédés,1,1,1,2,1,0,0,6",Institut National de Santé Publique,CC BY 4.0,data/csv/014_table_03_tableau_v_mouvement_des_malades_dans_les.csv
insp,014,2026-05-28,2026-05-28,deaths_in_facility,facility,Democratic Republic of the Congo,CT HEAL AFRICA (Nord-kivu),CT HEAL AFRICA (Nord-kivu) 19 lits,0,patients,24h,FALSE,TRUE,high,"Indicateurs et Variables,HGR BUNIA (12 Lits: 08 S et 03 C ),HGR RWAMPARA (18 Lits: 08 C et 10 S),CME (27 Lits : 08 Conf et 19 S ),HGR MUNGBWALU (40 Lits: 12 C et 28 S ),HGR NYAKUNDE,CT BAMBU,CT HEAL AFRICA (Nord-kivu) 19 lits,TOTAL et Tx d'occup
Sorties Décédés,1,1,1,2,1,0,0,6",Institut National de Santé Publique,CC BY 4.0,data/csv/014_table_03_tableau_v_mouvement_des_malades_dans_les.csv
insp,014,2026-05-28,2026-05-28,deaths_in_facility,facility,Democratic Republic of the Congo,HGR BUNIA,HGR BUNIA (12 Lits: 08 S et 03 C ),1,patients,24h,FALSE,TRUE,high,"Indicateurs et Variables,HGR BUNIA (12 Lits: 08 S et 03 C ),HGR RWAMPARA (18 Lits: 08 C et 10 S),CME (27 Lits : 08 Conf et 19 S ),HGR MUNGBWALU (40 Lits: 12 C et 28 S ),HGR NYAKUNDE,CT BAMBU,CT HEAL AFRICA (Nord-kivu) 19 lits,TOTAL et Tx d'occup
Sorties Décédés,1,1,1,2,1,0,0,6",Institut National de Santé Publique,CC BY 4.0,data/csv/014_table_03_tableau_v_mouvement_des_malades_dans_les.csv
insp,014,2026-05-28,2026-05-28,deaths_in_facility,facility,Democratic Republic of the Congo,HGR MUNGBWALU,HGR MUNGBWALU (40 Lits: 12 C et 28 S ),2,patients,24h,FALSE,TRUE,high,"Indicateurs et Variables,HGR BUNIA (12 Lits: 08 S et 03 C ),HGR RWAMPARA (18 Lits: 08 C et 10 S),CME (27 Lits : 08 Conf et 19 S ),HGR MUNGBWALU (40 Lits: 12 C et 28 S ),HGR NYAKUNDE,CT BAMBU,CT HEAL AFRICA (Nord-kivu) 19 lits,TOTAL et Tx d'occup
Sorties Décédés,1,1,1,2,1,0,0,6",Institut National de Santé Publique,CC BY 4.0,data/csv/014_table_03_tableau_v_mouvement_des_malades_dans_les.csv
insp,014,2026-05-28,2026-05-28,deaths_in_facility,facility,Democratic Republic of the Congo,HGR NYAKUNDE,HGR NYAKUNDE,1,patients,24h,FALSE,TRUE,high,"Indicateurs et Variables,HGR BUNIA (12 Lits: 08 S et 03 C ),HGR RWAMPARA (18 Lits: 08 C et 10 S),CME (27 Lits : 08 Conf et 19 S ),HGR MUNGBWALU (40 Lits: 12 C et 28 S ),HGR NYAKUNDE,CT BAMBU,CT HEAL AFRICA (Nord-kivu) 19 lits,TOTAL et Tx d'occup
Sorties Décédés,1,1,1,2,1,0,0,6",Institut National de Santé Publique,CC BY 4.0,data/csv/014_table_03_tableau_v_mouvement_des_malades_dans_les.csv
insp,014,2026-05-28,2026-05-28,deaths_in_facility,facility,Democratic Republic of the Congo,HGR RWAMPARA,HGR RWAMPARA (18 Lits: 08 C et 10 S),1,patients,24h,FALSE,TRUE,high,"Indicateurs et Variables,HGR BUNIA (12 Lits: 08 S et 03 C ),HGR RWAMPARA (18 Lits: 08 C et 10 S),CME (27 Lits : 08 Conf et 19 S ),HGR MUNGBWALU (40 Lits: 12 C et 28 S ),HGR NYAKUNDE,CT BAMBU,CT HEAL AFRICA (Nord-kivu) 19 lits,TOTAL et Tx d'occup
Sorties Décédés,1,1,1,2,1,0,0,6",Institut National de Santé Publique,CC BY 4.0,data/csv/014_table_03_tableau_v_mouvement_des_malades_dans_les.csv
insp,014,2026-05-28,2026-05-28,discharges_recovered,facility,Democratic Republic of the Congo,CME,CME (27 Lits : 08 Conf et 19 S ),0,patients,24h,FALSE,TRUE,high,"Indicateurs et Variables,HGR BUNIA (12 Lits: 08 S et 03 C ),HGR RWAMPARA (18 Lits: 08 C et 10 S),CME (27 Lits : 08 Conf et 19 S ),HGR MUNGBWALU (40 Lits: 12 C et 28 S ),HGR NYAKUNDE,CT BAMBU,CT HEAL AFRICA (Nord-kivu) 19 lits,TOTAL et Tx d'occup
Sorties Guéris,0,0,0,0,0,0,0,0",Institut National de Santé Publique,CC BY 4.0,data/csv/014_table_03_tableau_v_mouvement_des_malades_dans_les.csv
insp,014,2026-05-28,2026-05-28,discharges_recovered,facility,Democratic Republic of the Congo,CT BAMBU,CT BAMBU,0,patients,24h,FALSE,TRUE,high,"Indicateurs et Variables,HGR BUNIA (12 Lits: 08 S et 03 C ),HGR RWAMPARA (18 Lits: 08 C et 10 S),CME (27 Lits : 08 Conf et 19 S ),HGR MUNGBWALU (40 Lits: 12 C et 28 S ),HGR NYAKUNDE,CT BAMBU,CT HEAL AFRICA (Nord-kivu) 19 lits,TOTAL et Tx d'occup
Sorties Guéris,0,0,0,0,0,0,0,0",Institut National de Santé Publique,CC BY 4.0,data/csv/014_table_03_tableau_v_mouvement_des_malades_dans_les.csv
insp,014,2026-05-28,2026-05-28,discharges_recovered,facility,Democratic Republic of the Congo,CT HEAL AFRICA (Nord-kivu),CT HEAL AFRICA (Nord-kivu) 19 lits,0,patients,24h,FALSE,TRUE,high,"Indicateurs et Variables,HGR BUNIA (12 Lits: 08 S et 03 C ),HGR RWAMPARA (18 Lits: 08 C et 10 S),CME (27 Lits : 08 Conf et 19 S ),HGR MUNGBWALU (40 Lits: 12 C et 28 S ),HGR NYAKUNDE,CT BAMBU,CT HEAL AFRICA (Nord-kivu) 19 lits,TOTAL et Tx d'occup
Sorties Guéris,0,0,0,0,0,0,0,0",Institut National de Santé Publique,CC BY 4.0,data/csv/014_table_03_tableau_v_mouvement_des_malades_dans_les.csv
insp,014,2026-05-28,2026-05-28,discharges_recovered,facility,Democratic Republic of the Congo,HGR BUNIA,HGR BUNIA (12 Lits: 08 S et 03 C ),0,patients,24h,FALSE,TRUE,high,"Indicateurs et Variables,HGR BUNIA (12 Lits: 08 S et 03 C ),HGR RWAMPARA (18 Lits: 08 C et 10 S),CME (27 Lits : 08 Conf et 19 S ),HGR MUNGBWALU (40 Lits: 12 C et 28 S ),HGR NYAKUNDE,CT BAMBU,CT HEAL AFRICA (Nord-kivu) 19 lits,TOTAL et Tx d'occup
Sorties Guéris,0,0,0,0,0,0,0,0",Institut National de Santé Publique,CC BY 4.0,data/csv/014_table_03_tableau_v_mouvement_des_malades_dans_les.csv
insp,014,2026-05-28,2026-05-28,discharges_recovered,facility,Democratic Republic of the Congo,HGR MUNGBWALU,HGR MUNGBWALU (40 Lits: 12 C et 28 S ),0,patients,24h,FALSE,TRUE,high,"Indicateurs et Variables,HGR BUNIA (12 Lits: 08 S et 03 C ),HGR RWAMPARA (18 Lits: 08 C et 10 S),CME (27 Lits : 08 Conf et 19 S ),HGR MUNGBWALU (40 Lits: 12 C et 28 S ),HGR NYAKUNDE,CT BAMBU,CT HEAL AFRICA (Nord-kivu) 19 lits,TOTAL et Tx d'occup
Sorties Guéris,0,0,0,0,0,0,0,0",Institut National de Santé Publique,CC BY 4.0,data/csv/014_table_03_tableau_v_mouvement_des_malades_dans_les.csv
insp,014,2026-05-28,2026-05-28,discharges_recovered,facility,Democratic Republic of the Congo,HGR NYAKUNDE,HGR NYAKUNDE,0,patients,24h,FALSE,TRUE,high,"Indicateurs et Variables,HGR BUNIA (12 Lits: 08 S et 03 C ),HGR RWAMPARA (18 Lits: 08 C et 10 S),CME (27 Lits : 08 Conf et 19 S ),HGR MUNGBWALU (40 Lits: 12 C et 28 S ),HGR NYAKUNDE,CT BAMBU,CT HEAL AFRICA (Nord-kivu) 19 lits,TOTAL et Tx d'occup
Sorties Guéris,0,0,0,0,0,0,0,0",Institut National de Santé Publique,CC BY 4.0,data/csv/014_table_03_tableau_v_mouvement_des_malades_dans_les.csv
insp,014,2026-05-28,2026-05-28,discharges_recovered,facility,Democratic Republic of the Congo,HGR RWAMPARA,HGR RWAMPARA (18 Lits: 08 C et 10 S),0,patients,24h,FALSE,TRUE,high,"Indicateurs et Variables,HGR BUNIA (12 Lits: 08 S et 03 C ),HGR RWAMPARA (18 Lits: 08 C et 10 S),CME (27 Lits : 08 Conf et 19 S ),HGR MUNGBWALU (40 Lits: 12 C et 28 S ),HGR NYAKUNDE,CT BAMBU,CT HEAL AFRICA (Nord-kivu) 19 lits,TOTAL et Tx d'occup
Sorties Guéris,0,0,0,0,0,0,0,0",Institut National de Santé Publique,CC BY 4.0,data/csv/014_table_03_tableau_v_mouvement_des_malades_dans_les.csv
insp,014,2026-05-28,2026-05-28,escapes,facility,Democratic Republic of the Congo,CME,CME (27 Lits : 08 Conf et 19 S ),0,patients,24h,FALSE,TRUE,high,"Indicateurs et Variables,HGR BUNIA (12 Lits: 08 S et 03 C ),HGR RWAMPARA (18 Lits: 08 C et 10 S),CME (27 Lits : 08 Conf et 19 S ),HGR MUNGBWALU (40 Lits: 12 C et 28 S ),HGR NYAKUNDE,CT BAMBU,CT HEAL AFRICA (Nord-kivu) 19 lits,TOTAL et Tx d'occup
Sorties Evadés,3,0,0,1,0,0,0,4",Institut National de Santé Publique,CC BY 4.0,data/csv/014_table_03_tableau_v_mouvement_des_malades_dans_les.csv
insp,014,2026-05-28,2026-05-28,escapes,facility,Democratic Republic of the Congo,CT BAMBU,CT BAMBU,0,patients,24h,FALSE,TRUE,high,"Indicateurs et Variables,HGR BUNIA (12 Lits: 08 S et 03 C ),HGR RWAMPARA (18 Lits: 08 C et 10 S),CME (27 Lits : 08 Conf et 19 S ),HGR MUNGBWALU (40 Lits: 12 C et 28 S ),HGR NYAKUNDE,CT BAMBU,CT HEAL AFRICA (Nord-kivu) 19 lits,TOTAL et Tx d'occup
Sorties Evadés,3,0,0,1,0,0,0,4",Institut National de Santé Publique,CC BY 4.0,data/csv/014_table_03_tableau_v_mouvement_des_malades_dans_les.csv
insp,014,2026-05-28,2026-05-28,escapes,facility,Democratic Republic of the Congo,CT HEAL AFRICA (Nord-kivu),CT HEAL AFRICA (Nord-kivu) 19 lits,0,patients,24h,FALSE,TRUE,high,"Indicateurs et Variables,HGR BUNIA (12 Lits: 08 S et 03 C ),HGR RWAMPARA (18 Lits: 08 C et 10 S),CME (27 Lits : 08 Conf et 19 S ),HGR MUNGBWALU (40 Lits: 12 C et 28 S ),HGR NYAKUNDE,CT BAMBU,CT HEAL AFRICA (Nord-kivu) 19 lits,TOTAL et Tx d'occup
Sorties Evadés,3,0,0,1,0,0,0,4",Institut National de Santé Publique,CC BY 4.0,data/csv/014_table_03_tableau_v_mouvement_des_malades_dans_les.csv
insp,014,2026-05-28,2026-05-28,escapes,facility,Democratic Republic of the Congo,HGR BUNIA,HGR BUNIA (12 Lits: 08 S et 03 C ),3,patients,24h,FALSE,TRUE,high,"Indicateurs et Variables,HGR BUNIA (12 Lits: 08 S et 03 C ),HGR RWAMPARA (18 Lits: 08 C et 10 S),CME (27 Lits : 08 Conf et 19 S ),HGR MUNGBWALU (40 Lits: 12 C et 28 S ),HGR NYAKUNDE,CT BAMBU,CT HEAL AFRICA (Nord-kivu) 19 lits,TOTAL et Tx d'occup
Sorties Evadés,3,0,0,1,0,0,0,4",Institut National de Santé Publique,CC BY 4.0,data/csv/014_table_03_tableau_v_mouvement_des_malades_dans_les.csv
insp,014,2026-05-28,2026-05-28,escapes,facility,Democratic Republic of the Congo,HGR MUNGBWALU,HGR MUNGBWALU (40 Lits: 12 C et 28 S ),1,patients,24h,FALSE,TRUE,high,"Indicateurs et Variables,HGR BUNIA (12 Lits: 08 S et 03 C ),HGR RWAMPARA (18 Lits: 08 C et 10 S),CME (27 Lits : 08 Conf et 19 S ),HGR MUNGBWALU (40 Lits: 12 C et 28 S ),HGR NYAKUNDE,CT BAMBU,CT HEAL AFRICA (Nord-kivu) 19 lits,TOTAL et Tx d'occup
Sorties Evadés,3,0,0,1,0,0,0,4",Institut National de Santé Publique,CC BY 4.0,data/csv/014_table_03_tableau_v_mouvement_des_malades_dans_les.csv
insp,014,2026-05-28,2026-05-28,escapes,facility,Democratic Republic of the Congo,HGR NYAKUNDE,HGR NYAKUNDE,0,patients,24h,FALSE,TRUE,high,"Indicateurs et Variables,HGR BUNIA (12 Lits: 08 S et 03 C ),HGR RWAMPARA (18 Lits: 08 C et 10 S),CME (27 Lits : 08 Conf et 19 S ),HGR MUNGBWALU (40 Lits: 12 C et 28 S ),HGR NYAKUNDE,CT BAMBU,CT HEAL AFRICA (Nord-kivu) 19 lits,TOTAL et Tx d'occup
Sorties Evadés,3,0,0,1,0,0,0,4",Institut National de Santé Publique,CC BY 4.0,data/csv/014_table_03_tableau_v_mouvement_des_malades_dans_les.csv
insp,014,2026-05-28,2026-05-28,escapes,facility,Democratic Republic of the Congo,HGR RWAMPARA,HGR RWAMPARA (18 Lits: 08 C et 10 S),0,patients,24h,FALSE,TRUE,high,"Indicateurs et Variables,HGR BUNIA (12 Lits: 08 S et 03 C ),HGR RWAMPARA (18 Lits: 08 C et 10 S),CME (27 Lits : 08 Conf et 19 S ),HGR MUNGBWALU (40 Lits: 12 C et 28 S ),HGR NYAKUNDE,CT BAMBU,CT HEAL AFRICA (Nord-kivu) 19 lits,TOTAL et Tx d'occup
Sorties Evadés,3,0,0,1,0,0,0,4",Institut National de Santé Publique,CC BY 4.0,data/csv/014_table_03_tableau_v_mouvement_des_malades_dans_les.csv
insp,014,2026-05-28,2026-05-28,patients_in_isolation,facility,Democratic Republic of the Congo,CME,CME (27 Lits : 08 Conf et 19 S ),26,patients,point,FALSE,TRUE,high,"Indicateurs et Variables,HGR BUNIA (12 Lits: 08 S et 03 C ),HGR RWAMPARA (18 Lits: 08 C et 10 S),CME (27 Lits : 08 Conf et 19 S ),HGR MUNGBWALU (40 Lits: 12 C et 28 S ),HGR NYAKUNDE,CT BAMBU,CT HEAL AFRICA (Nord-kivu) 19 lits,TOTAL et Tx d'occup
Malades Hospitalisés Total,12,9,26,9,38,9,0,103",Institut National de Santé Publique,CC BY 4.0,data/csv/014_table_03_tableau_v_mouvement_des_malades_dans_les.csv
insp,014,2026-05-28,2026-05-28,patients_in_isolation,facility,Democratic Republic of the Congo,CT BAMBU,CT BAMBU,9,patients,point,FALSE,TRUE,high,"Indicateurs et Variables,HGR BUNIA (12 Lits: 08 S et 03 C ),HGR RWAMPARA (18 Lits: 08 C et 10 S),CME (27 Lits : 08 Conf et 19 S ),HGR MUNGBWALU (40 Lits: 12 C et 28 S ),HGR NYAKUNDE,CT BAMBU,CT HEAL AFRICA (Nord-kivu) 19 lits,TOTAL et Tx d'occup
Malades Hospitalisés Total,12,9,26,9,38,9,0,103",Institut National de Santé Publique,CC BY 4.0,data/csv/014_table_03_tableau_v_mouvement_des_malades_dans_les.csv
insp,014,2026-05-28,2026-05-28,patients_in_isolation,facility,Democratic Republic of the Congo,CT HEAL AFRICA (Nord-kivu),CT HEAL AFRICA (Nord-kivu) 19 lits,0,patients,point,FALSE,TRUE,high,"Indicateurs et Variables,HGR BUNIA (12 Lits: 08 S et 03 C ),HGR RWAMPARA (18 Lits: 08 C et 10 S),CME (27 Lits : 08 Conf et 19 S ),HGR MUNGBWALU (40 Lits: 12 C et 28 S ),HGR NYAKUNDE,CT BAMBU,CT HEAL AFRICA (Nord-kivu) 19 lits,TOTAL et Tx d'occup
Malades Hospitalisés Total,12,9,26,9,38,9,0,103",Institut National de Santé Publique,CC BY 4.0,data/csv/014_table_03_tableau_v_mouvement_des_malades_dans_les.csv
insp,014,2026-05-28,2026-05-28,patients_in_isolation,facility,Democratic Republic of the Congo,HGR BUNIA,HGR BUNIA (12 Lits: 08 S et 03 C ),12,patients,point,FALSE,TRUE,high,"Indicateurs et Variables,HGR BUNIA (12 Lits: 08 S et 03 C ),HGR RWAMPARA (18 Lits: 08 C et 10 S),CME (27 Lits : 08 Conf et 19 S ),HGR MUNGBWALU (40 Lits: 12 C et 28 S ),HGR NYAKUNDE,CT BAMBU,CT HEAL AFRICA (Nord-kivu) 19 lits,TOTAL et Tx d'occup
Malades Hospitalisés Total,12,9,26,9,38,9,0,103",Institut National de Santé Publique,CC BY 4.0,data/csv/014_table_03_tableau_v_mouvement_des_malades_dans_les.csv
insp,014,2026-05-28,2026-05-28,patients_in_isolation,facility,Democratic Republic of the Congo,HGR MUNGBWALU,HGR MUNGBWALU (40 Lits: 12 C et 28 S ),9,patients,point,FALSE,TRUE,high,"Indicateurs et Variables,HGR BUNIA (12 Lits: 08 S et 03 C ),HGR RWAMPARA (18 Lits: 08 C et 10 S),CME (27 Lits : 08 Conf et 19 S ),HGR MUNGBWALU (40 Lits: 12 C et 28 S ),HGR NYAKUNDE,CT BAMBU,CT HEAL AFRICA (Nord-kivu) 19 lits,TOTAL et Tx d'occup
Malades Hospitalisés Total,12,9,26,9,38,9,0,103",Institut National de Santé Publique,CC BY 4.0,data/csv/014_table_03_tableau_v_mouvement_des_malades_dans_les.csv
insp,014,2026-05-28,2026-05-28,patients_in_isolation,facility,Democratic Republic of the Congo,HGR NYAKUNDE,HGR NYAKUNDE,38,patients,point,FALSE,TRUE,high,"Indicateurs et Variables,HGR BUNIA (12 Lits: 08 S et 03 C ),HGR RWAMPARA (18 Lits: 08 C et 10 S),CME (27 Lits : 08 Conf et 19 S ),HGR MUNGBWALU (40 Lits: 12 C et 28 S ),HGR NYAKUNDE,CT BAMBU,CT HEAL AFRICA (Nord-kivu) 19 lits,TOTAL et Tx d'occup
Malades Hospitalisés Total,12,9,26,9,38,9,0,103",Institut National de Santé Publique,CC BY 4.0,data/csv/014_table_03_tableau_v_mouvement_des_malades_dans_les.csv
insp,014,2026-05-28,2026-05-28,patients_in_isolation,facility,Democratic Republic of the Congo,HGR RWAMPARA,HGR RWAMPARA (18 Lits: 08 C et 10 S),9,patients,point,FALSE,TRUE,high,"Indicateurs et Variables,HGR BUNIA (12 Lits: 08 S et 03 C ),HGR RWAMPARA (18 Lits: 08 C et 10 S),CME (27 Lits : 08 Conf et 19 S ),HGR MUNGBWALU (40 Lits: 12 C et 28 S ),HGR NYAKUNDE,CT BAMBU,CT HEAL AFRICA (Nord-kivu) 19 lits,TOTAL et Tx d'occup
Malades Hospitalisés Total,12,9,26,9,38,9,0,103",Institut National de Santé Publique,CC BY 4.0,data/csv/014_table_03_tableau_v_mouvement_des_malades_dans_les.csv
insp,016,2026-05-30,2026-05-29,beds_occupied,facility,Democratic Republic of the Congo,CME,CME,10,beds,point,FALSE,TRUE,high,"ISSUES,HGR Bunia,HGR Rwampara,CME,HGR Mongbwalu,HGR Nyankunde,HGR Bambu,HGR Aru,Total
Report (Nombre de malades au lit à la fin de journée précédente),17,14,10,11,41,5,5,103",Institut National de Santé Publique,CC BY 4.0,data/csv/016_table_02_tableau_ii_mouvement_des_malades_dans_le.csv
insp,016,2026-05-30,2026-05-29,beds_occupied,facility,Democratic Republic of the Congo,HGR Aru,HGR Aru,5,beds,point,FALSE,TRUE,high,"ISSUES,HGR Bunia,HGR Rwampara,CME,HGR Mongbwalu,HGR Nyankunde,HGR Bambu,HGR Aru,Total
Report (Nombre de malades au lit à la fin de journée précédente),17,14,10,11,41,5,5,103",Institut National de Santé Publique,CC BY 4.0,data/csv/016_table_02_tableau_ii_mouvement_des_malades_dans_le.csv
insp,016,2026-05-30,2026-05-29,beds_occupied,facility,Democratic Republic of the Congo,HGR Bambu,HGR Bambu,5,beds,point,FALSE,TRUE,high,"ISSUES,HGR Bunia,HGR Rwampara,CME,HGR Mongbwalu,HGR Nyankunde,HGR Bambu,HGR Aru,Total
Report (Nombre de malades au lit à la fin de journée précédente),17,14,10,11,41,5,5,103",Institut National de Santé Publique,CC BY 4.0,data/csv/016_table_02_tableau_ii_mouvement_des_malades_dans_le.csv
insp,016,2026-05-30,2026-05-29,beds_occupied,facility,Democratic Republic of the Congo,HGR Bunia,HGR Bunia,17,beds,point,FALSE,TRUE,high,"ISSUES,HGR Bunia,HGR Rwampara,CME,HGR Mongbwalu,HGR Nyankunde,HGR Bambu,HGR Aru,Total
Report (Nombre de malades au lit à la fin de journée précédente),17,14,10,11,41,5,5,103",Institut National de Santé Publique,CC BY 4.0,data/csv/016_table_02_tableau_ii_mouvement_des_malades_dans_le.csv
insp,016,2026-05-30,2026-05-29,beds_occupied,facility,Democratic Republic of the Congo,HGR Mongbwalu,HGR Mongbwalu,11,beds,point,FALSE,TRUE,high,"ISSUES,HGR Bunia,HGR Rwampara,CME,HGR Mongbwalu,HGR Nyankunde,HGR Bambu,HGR Aru,Total
Report (Nombre de malades au lit à la fin de journée précédente),17,14,10,11,41,5,5,103",Institut National de Santé Publique,CC BY 4.0,data/csv/016_table_02_tableau_ii_mouvement_des_malades_dans_le.csv
insp,016,2026-05-30,2026-05-29,beds_occupied,facility,Democratic Republic of the Congo,HGR Nyankunde,HGR Nyankunde,41,beds,point,FALSE,TRUE,high,"ISSUES,HGR Bunia,HGR Rwampara,CME,HGR Mongbwalu,HGR Nyankunde,HGR Bambu,HGR Aru,Total
Report (Nombre de malades au lit à la fin de journée précédente),17,14,10,11,41,5,5,103",Institut National de Santé Publique,CC BY 4.0,data/csv/016_table_02_tableau_ii_mouvement_des_malades_dans_le.csv
insp,016,2026-05-30,2026-05-29,beds_occupied,facility,Democratic Republic of the Congo,HGR Rwampara,HGR Rwampara,14,beds,point,FALSE,TRUE,high,"ISSUES,HGR Bunia,HGR Rwampara,CME,HGR Mongbwalu,HGR Nyankunde,HGR Bambu,HGR Aru,Total
Report (Nombre de malades au lit à la fin de journée précédente),17,14,10,11,41,5,5,103",Institut National de Santé Publique,CC BY 4.0,data/csv/016_table_02_tableau_ii_mouvement_des_malades_dans_le.csv
insp,016,2026-05-30,2026-05-29,beds_occupied,national,Democratic Republic of the Congo,"",Total,103,beds,point,FALSE,TRUE,high,"ISSUES,HGR Bunia,HGR Rwampara,CME,HGR Mongbwalu,HGR Nyankunde,HGR Bambu,HGR Aru,Total
Report (Nombre de malades au lit à la fin de journée précédente),17,14,10,11,41,5,5,103",Institut National de Santé Publique,CC BY 4.0,data/csv/016_table_02_tableau_ii_mouvement_des_malades_dans_le.csv
insp,015,2026-05-29,2026-05-29,deaths_in_facility,facility,Democratic Republic of the Congo,CME,CME,1,patients,24h,FALSE,TRUE,high,"ISSUES,HGR Bunia,HGR Rwampara,CME,HGR Mongbwalu,HGR Nyankunde,HGR Bambu,HGR Aru,Total
Sorties Décédés,2,1,1,2,0,0,0,6",Institut National de Santé Publique,CC BY 4.0,data/csv/015_table_04_tableau_v_mouvement_des_malades_dans_les.csv
insp,015,2026-05-29,2026-05-29,deaths_in_facility,facility,Democratic Republic of the Congo,HGR Aru,HGR Aru,0,patients,24h,FALSE,TRUE,high,"ISSUES,HGR Bunia,HGR Rwampara,CME,HGR Mongbwalu,HGR Nyankunde,HGR Bambu,HGR Aru,Total
Sorties Décédés,2,1,1,2,0,0,0,6",Institut National de Santé Publique,CC BY 4.0,data/csv/015_table_04_tableau_v_mouvement_des_malades_dans_les.csv
insp,015,2026-05-29,2026-05-29,deaths_in_facility,facility,Democratic Republic of the Congo,HGR Bambu,HGR Bambu,0,patients,24h,FALSE,TRUE,high,"ISSUES,HGR Bunia,HGR Rwampara,CME,HGR Mongbwalu,HGR Nyankunde,HGR Bambu,HGR Aru,Total
Sorties Décédés,2,1,1,2,0,0,0,6",Institut National de Santé Publique,CC BY 4.0,data/csv/015_table_04_tableau_v_mouvement_des_malades_dans_les.csv
insp,015,2026-05-29,2026-05-29,deaths_in_facility,facility,Democratic Republic of the Congo,HGR Bunia,HGR Bunia,2,patients,24h,FALSE,TRUE,high,"ISSUES,HGR Bunia,HGR Rwampara,CME,HGR Mongbwalu,HGR Nyankunde,HGR Bambu,HGR Aru,Total
Sorties Décédés,2,1,1,2,0,0,0,6",Institut National de Santé Publique,CC BY 4.0,data/csv/015_table_04_tableau_v_mouvement_des_malades_dans_les.csv
insp,015,2026-05-29,2026-05-29,deaths_in_facility,facility,Democratic Republic of the Congo,HGR Mongbwalu,HGR Mongbwalu,2,patients,24h,FALSE,TRUE,high,"ISSUES,HGR Bunia,HGR Rwampara,CME,HGR Mongbwalu,HGR Nyankunde,HGR Bambu,HGR Aru,Total
Sorties Décédés,2,1,1,2,0,0,0,6",Institut National de Santé Publique,CC BY 4.0,data/csv/015_table_04_tableau_v_mouvement_des_malades_dans_les.csv
insp,015,2026-05-29,2026-05-29,deaths_in_facility,facility,Democratic Republic of the Congo,HGR Nyankunde,HGR Nyankunde,0,patients,24h,FALSE,TRUE,high,"ISSUES,HGR Bunia,HGR Rwampara,CME,HGR Mongbwalu,HGR Nyankunde,HGR Bambu,HGR Aru,Total
Sorties Décédés,2,1,1,2,0,0,0,6",Institut National de Santé Publique,CC BY 4.0,data/csv/015_table_04_tableau_v_mouvement_des_malades_dans_les.csv
insp,015,2026-05-29,2026-05-29,deaths_in_facility,facility,Democratic Republic of the Congo,HGR Rwampara,HGR Rwampara,1,patients,24h,FALSE,TRUE,high,"ISSUES,HGR Bunia,HGR Rwampara,CME,HGR Mongbwalu,HGR Nyankunde,HGR Bambu,HGR Aru,Total
Sorties Décédés,2,1,1,2,0,0,0,6",Institut National de Santé Publique,CC BY 4.0,data/csv/015_table_04_tableau_v_mouvement_des_malades_dans_les.csv
insp,015,2026-05-29,2026-05-29,deaths_in_facility,national,Democratic Republic of the Congo,"",Total,6,patients,24h,FALSE,TRUE,high,"ISSUES,HGR Bunia,HGR Rwampara,CME,HGR Mongbwalu,HGR Nyankunde,HGR Bambu,HGR Aru,Total
Sorties Décédés,2,1,1,2,0,0,0,6",Institut National de Santé Publique,CC BY 4.0,data/csv/015_table_04_tableau_v_mouvement_des_malades_dans_les.csv
insp,015,2026-05-29,2026-05-29,discharges_recovered,facility,Democratic Republic of the Congo,CME,CME,0,patients,24h,FALSE,TRUE,high,"ISSUES,HGR Bunia,HGR Rwampara,CME,HGR Mongbwalu,HGR Nyankunde,HGR Bambu,HGR Aru,Total
Sorties Guéris,0,0,0,0,0,0,0,0",Institut National de Santé Publique,CC BY 4.0,data/csv/015_table_04_tableau_v_mouvement_des_malades_dans_les.csv
insp,015,2026-05-29,2026-05-29,discharges_recovered,facility,Democratic Republic of the Congo,HGR Aru,HGR Aru,0,patients,24h,FALSE,TRUE,high,"ISSUES,HGR Bunia,HGR Rwampara,CME,HGR Mongbwalu,HGR Nyankunde,HGR Bambu,HGR Aru,Total
Sorties Guéris,0,0,0,0,0,0,0,0",Institut National de Santé Publique,CC BY 4.0,data/csv/015_table_04_tableau_v_mouvement_des_malades_dans_les.csv
insp,015,2026-05-29,2026-05-29,discharges_recovered,facility,Democratic Republic of the Congo,HGR Bambu,HGR Bambu,0,patients,24h,FALSE,TRUE,high,"ISSUES,HGR Bunia,HGR Rwampara,CME,HGR Mongbwalu,HGR Nyankunde,HGR Bambu,HGR Aru,Total
Sorties Guéris,0,0,0,0,0,0,0,0",Institut National de Santé Publique,CC BY 4.0,data/csv/015_table_04_tableau_v_mouvement_des_malades_dans_les.csv
insp,015,2026-05-29,2026-05-29,discharges_recovered,facility,Democratic Republic of the Congo,HGR Bunia,HGR Bunia,0,patients,24h,FALSE,TRUE,high,"ISSUES,HGR Bunia,HGR Rwampara,CME,HGR Mongbwalu,HGR Nyankunde,HGR Bambu,HGR Aru,Total
Sorties Guéris,0,0,0,0,0,0,0,0",Institut National de Santé Publique,CC BY 4.0,data/csv/015_table_04_tableau_v_mouvement_des_malades_dans_les.csv
insp,015,2026-05-29,2026-05-29,discharges_recovered,facility,Democratic Republic of the Congo,HGR Mongbwalu,HGR Mongbwalu,0,patients,24h,FALSE,TRUE,high,"ISSUES,HGR Bunia,HGR Rwampara,CME,HGR Mongbwalu,HGR Nyankunde,HGR Bambu,HGR Aru,Total
Sorties Guéris,0,0,0,0,0,0,0,0",Institut National de Santé Publique,CC BY 4.0,data/csv/015_table_04_tableau_v_mouvement_des_malades_dans_les.csv
insp,015,2026-05-29,2026-05-29,discharges_recovered,facility,Democratic Republic of the Congo,HGR Nyankunde,HGR Nyankunde,0,patients,24h,FALSE,TRUE,high,"ISSUES,HGR Bunia,HGR Rwampara,CME,HGR Mongbwalu,HGR Nyankunde,HGR Bambu,HGR Aru,Total
Sorties Guéris,0,0,0,0,0,0,0,0",Institut National de Santé Publique,CC BY 4.0,data/csv/015_table_04_tableau_v_mouvement_des_malades_dans_les.csv
insp,015,2026-05-29,2026-05-29,discharges_recovered,facility,Democratic Republic of the Congo,HGR Rwampara,HGR Rwampara,0,patients,24h,FALSE,TRUE,high,"ISSUES,HGR Bunia,HGR Rwampara,CME,HGR Mongbwalu,HGR Nyankunde,HGR Bambu,HGR Aru,Total
Sorties Guéris,0,0,0,0,0,0,0,0",Institut National de Santé Publique,CC BY 4.0,data/csv/015_table_04_tableau_v_mouvement_des_malades_dans_les.csv
insp,015,2026-05-29,2026-05-29,discharges_recovered,national,Democratic Republic of the Congo,"",Total,0,patients,24h,FALSE,TRUE,high,"ISSUES,HGR Bunia,HGR Rwampara,CME,HGR Mongbwalu,HGR Nyankunde,HGR Bambu,HGR Aru,Total
Sorties Guéris,0,0,0,0,0,0,0,0",Institut National de Santé Publique,CC BY 4.0,data/csv/015_table_04_tableau_v_mouvement_des_malades_dans_les.csv
insp,015,2026-05-29,2026-05-29,escapes,facility,Democratic Republic of the Congo,CME,CME,0,patients,24h,FALSE,TRUE,high,"ISSUES,HGR Bunia,HGR Rwampara,CME,HGR Mongbwalu,HGR Nyankunde,HGR Bambu,HGR Aru,Total
Sorties Evadés,1,0,0,3,0,11,0,15",Institut National de Santé Publique,CC BY 4.0,data/csv/015_table_04_tableau_v_mouvement_des_malades_dans_les.csv
insp,015,2026-05-29,2026-05-29,escapes,facility,Democratic Republic of the Congo,HGR Aru,HGR Aru,0,patients,24h,FALSE,TRUE,high,"ISSUES,HGR Bunia,HGR Rwampara,CME,HGR Mongbwalu,HGR Nyankunde,HGR Bambu,HGR Aru,Total
Sorties Evadés,1,0,0,3,0,11,0,15",Institut National de Santé Publique,CC BY 4.0,data/csv/015_table_04_tableau_v_mouvement_des_malades_dans_les.csv
insp,015,2026-05-29,2026-05-29,escapes,facility,Democratic Republic of the Congo,HGR Bambu,HGR Bambu,11,patients,24h,FALSE,TRUE,high,"ISSUES,HGR Bunia,HGR Rwampara,CME,HGR Mongbwalu,HGR Nyankunde,HGR Bambu,HGR Aru,Total
Sorties Evadés,1,0,0,3,0,11,0,15",Institut National de Santé Publique,CC BY 4.0,data/csv/015_table_04_tableau_v_mouvement_des_malades_dans_les.csv
insp,015,2026-05-29,2026-05-29,escapes,facility,Democratic Republic of the Congo,HGR Bunia,HGR Bunia,1,patients,24h,FALSE,TRUE,high,"ISSUES,HGR Bunia,HGR Rwampara,CME,HGR Mongbwalu,HGR Nyankunde,HGR Bambu,HGR Aru,Total
Sorties Evadés,1,0,0,3,0,11,0,15",Institut National de Santé Publique,CC BY 4.0,data/csv/015_table_04_tableau_v_mouvement_des_malades_dans_les.csv
insp,015,2026-05-29,2026-05-29,escapes,facility,Democratic Republic of the Congo,HGR Mongbwalu,HGR Mongbwalu,3,patients,24h,FALSE,TRUE,high,"ISSUES,HGR Bunia,HGR Rwampara,CME,HGR Mongbwalu,HGR Nyankunde,HGR Bambu,HGR Aru,Total
Sorties Evadés,1,0,0,3,0,11,0,15",Institut National de Santé Publique,CC BY 4.0,data/csv/015_table_04_tableau_v_mouvement_des_malades_dans_les.csv
insp,015,2026-05-29,2026-05-29,escapes,facility,Democratic Republic of the Congo,HGR Nyankunde,HGR Nyankunde,0,patients,24h,FALSE,TRUE,high,"ISSUES,HGR Bunia,HGR Rwampara,CME,HGR Mongbwalu,HGR Nyankunde,HGR Bambu,HGR Aru,Total
Sorties Evadés,1,0,0,3,0,11,0,15",Institut National de Santé Publique,CC BY 4.0,data/csv/015_table_04_tableau_v_mouvement_des_malades_dans_les.csv
insp,015,2026-05-29,2026-05-29,escapes,facility,Democratic Republic of the Congo,HGR Rwampara,HGR Rwampara,0,patients,24h,FALSE,TRUE,high,"ISSUES,HGR Bunia,HGR Rwampara,CME,HGR Mongbwalu,HGR Nyankunde,HGR Bambu,HGR Aru,Total
Sorties Evadés,1,0,0,3,0,11,0,15",Institut National de Santé Publique,CC BY 4.0,data/csv/015_table_04_tableau_v_mouvement_des_malades_dans_les.csv
insp,015,2026-05-29,2026-05-29,escapes,national,Democratic Republic of the Congo,"",Total,15,patients,24h,FALSE,TRUE,high,"ISSUES,HGR Bunia,HGR Rwampara,CME,HGR Mongbwalu,HGR Nyankunde,HGR Bambu,HGR Aru,Total
Sorties Evadés,1,0,0,3,0,11,0,15",Institut National de Santé Publique,CC BY 4.0,data/csv/015_table_04_tableau_v_mouvement_des_malades_dans_les.csv
insp,015,2026-05-29,2026-05-29,patients_in_isolation,facility,Democratic Republic of the Congo,CME,CME,9,patients,point,FALSE,TRUE,high,"ISSUES,HGR Bunia,HGR Rwampara,CME,HGR Mongbwalu,HGR Nyankunde,HGR Bambu,HGR Aru,Total
Malades en isolement Total,17,13,9,11,38,5,2,95",Institut National de Santé Publique,CC BY 4.0,data/csv/015_table_04_tableau_v_mouvement_des_malades_dans_les.csv
insp,015,2026-05-29,2026-05-29,patients_in_isolation,facility,Democratic Republic of the Congo,HGR Aru,HGR Aru,2,patients,point,FALSE,TRUE,high,"ISSUES,HGR Bunia,HGR Rwampara,CME,HGR Mongbwalu,HGR Nyankunde,HGR Bambu,HGR Aru,Total
Malades en isolement Total,17,13,9,11,38,5,2,95",Institut National de Santé Publique,CC BY 4.0,data/csv/015_table_04_tableau_v_mouvement_des_malades_dans_les.csv
insp,015,2026-05-29,2026-05-29,patients_in_isolation,facility,Democratic Republic of the Congo,HGR Bambu,HGR Bambu,5,patients,point,FALSE,TRUE,high,"ISSUES,HGR Bunia,HGR Rwampara,CME,HGR Mongbwalu,HGR Nyankunde,HGR Bambu,HGR Aru,Total
Malades en isolement Total,17,13,9,11,38,5,2,95",Institut National de Santé Publique,CC BY 4.0,data/csv/015_table_04_tableau_v_mouvement_des_malades_dans_les.csv
insp,015,2026-05-29,2026-05-29,patients_in_isolation,facility,Democratic Republic of the Congo,HGR Bunia,HGR Bunia,17,patients,point,FALSE,TRUE,high,"ISSUES,HGR Bunia,HGR Rwampara,CME,HGR Mongbwalu,HGR Nyankunde,HGR Bambu,HGR Aru,Total
Malades en isolement Total,17,13,9,11,38,5,2,95",Institut National de Santé Publique,CC BY 4.0,data/csv/015_table_04_tableau_v_mouvement_des_malades_dans_les.csv
insp,015,2026-05-29,2026-05-29,patients_in_isolation,facility,Democratic Republic of the Congo,HGR Mongbwalu,HGR Mongbwalu,11,patients,point,FALSE,TRUE,high,"ISSUES,HGR Bunia,HGR Rwampara,CME,HGR Mongbwalu,HGR Nyankunde,HGR Bambu,HGR Aru,Total
Malades en isolement Total,17,13,9,11,38,5,2,95",Institut National de Santé Publique,CC BY 4.0,data/csv/015_table_04_tableau_v_mouvement_des_malades_dans_les.csv
insp,015,2026-05-29,2026-05-29,patients_in_isolation,facility,Democratic Republic of the Congo,HGR Nyankunde,HGR Nyankunde,38,patients,point,FALSE,TRUE,high,"ISSUES,HGR Bunia,HGR Rwampara,CME,HGR Mongbwalu,HGR Nyankunde,HGR Bambu,HGR Aru,Total
Malades en isolement Total,17,13,9,11,38,5,2,95",Institut National de Santé Publique,CC BY 4.0,data/csv/015_table_04_tableau_v_mouvement_des_malades_dans_les.csv
insp,015,2026-05-29,2026-05-29,patients_in_isolation,facility,Democratic Republic of the Congo,HGR Rwampara,HGR Rwampara,13,patients,point,FALSE,TRUE,high,"ISSUES,HGR Bunia,HGR Rwampara,CME,HGR Mongbwalu,HGR Nyankunde,HGR Bambu,HGR Aru,Total
Malades en isolement Total,17,13,9,11,38,5,2,95",Institut National de Santé Publique,CC BY 4.0,data/csv/015_table_04_tableau_v_mouvement_des_malades_dans_les.csv
insp,015,2026-05-29,2026-05-29,patients_in_isolation,national,Democratic Republic of the Congo,"",Total,95,patients,point,FALSE,TRUE,high,"ISSUES,HGR Bunia,HGR Rwampara,CME,HGR Mongbwalu,HGR Nyankunde,HGR Bambu,HGR Aru,Total
Malades en isolement Total,17,13,9,11,38,5,2,95",Institut National de Santé Publique,CC BY 4.0,data/csv/015_table_04_tableau_v_mouvement_des_malades_dans_les.csv
insp,017,2026-05-31,2026-05-30,beds_occupied,facility,Democratic Republic of the Congo,CME,CME,15,beds,point,FALSE,TRUE,high,"ISSUES,HGR Bunia,HGR Rwampara,CME,HGR Mongbwalu,HGR Nyankunde,HGR Bambu,HGR Aru,Total
Report (Nombre de malades au lit à la fin de journée précédente),21,15,15,12,39,10,5,117",Institut National de Santé Publique,CC BY 4.0,data/csv/017_table_07_tableau_i_mouvement_des_malades_dans_les.csv
insp,017,2026-05-31,2026-05-30,beds_occupied,facility,Democratic Republic of the Congo,HGR Aru,HGR Aru,5,beds,point,FALSE,TRUE,high,"ISSUES,HGR Bunia,HGR Rwampara,CME,HGR Mongbwalu,HGR Nyankunde,HGR Bambu,HGR Aru,Total
Report (Nombre de malades au lit à la fin de journée précédente),21,15,15,12,39,10,5,117",Institut National de Santé Publique,CC BY 4.0,data/csv/017_table_07_tableau_i_mouvement_des_malades_dans_les.csv
insp,017,2026-05-31,2026-05-30,beds_occupied,facility,Democratic Republic of the Congo,HGR Bambu,HGR Bambu,10,beds,point,FALSE,TRUE,high,"ISSUES,HGR Bunia,HGR Rwampara,CME,HGR Mongbwalu,HGR Nyankunde,HGR Bambu,HGR Aru,Total
Report (Nombre de malades au lit à la fin de journée précédente),21,15,15,12,39,10,5,117",Institut National de Santé Publique,CC BY 4.0,data/csv/017_table_07_tableau_i_mouvement_des_malades_dans_les.csv
insp,017,2026-05-31,2026-05-30,beds_occupied,facility,Democratic Republic of the Congo,HGR Bunia,HGR Bunia,21,beds,point,FALSE,TRUE,high,"ISSUES,HGR Bunia,HGR Rwampara,CME,HGR Mongbwalu,HGR Nyankunde,HGR Bambu,HGR Aru,Total
Report (Nombre de malades au lit à la fin de journée précédente),21,15,15,12,39,10,5,117",Institut National de Santé Publique,CC BY 4.0,data/csv/017_table_07_tableau_i_mouvement_des_malades_dans_les.csv
insp,017,2026-05-31,2026-05-30,beds_occupied,facility,Democratic Republic of the Congo,HGR Mongbwalu,HGR Mongbwalu,12,beds,point,FALSE,TRUE,high,"ISSUES,HGR Bunia,HGR Rwampara,CME,HGR Mongbwalu,HGR Nyankunde,HGR Bambu,HGR Aru,Total
Report (Nombre de malades au lit à la fin de journée précédente),21,15,15,12,39,10,5,117",Institut National de Santé Publique,CC BY 4.0,data/csv/017_table_07_tableau_i_mouvement_des_malades_dans_les.csv
insp,017,2026-05-31,2026-05-30,beds_occupied,facility,Democratic Republic of the Congo,HGR Nyankunde,HGR Nyankunde,39,beds,point,FALSE,TRUE,high,"ISSUES,HGR Bunia,HGR Rwampara,CME,HGR Mongbwalu,HGR Nyankunde,HGR Bambu,HGR Aru,Total
Report (Nombre de malades au lit à la fin de journée précédente),21,15,15,12,39,10,5,117",Institut National de Santé Publique,CC BY 4.0,data/csv/017_table_07_tableau_i_mouvement_des_malades_dans_les.csv
insp,017,2026-05-31,2026-05-30,beds_occupied,facility,Democratic Republic of the Congo,HGR Rwampara,HGR Rwampara,15,beds,point,FALSE,TRUE,high,"ISSUES,HGR Bunia,HGR Rwampara,CME,HGR Mongbwalu,HGR Nyankunde,HGR Bambu,HGR Aru,Total
Report (Nombre de malades au lit à la fin de journée précédente),21,15,15,12,39,10,5,117",Institut National de Santé Publique,CC BY 4.0,data/csv/017_table_07_tableau_i_mouvement_des_malades_dans_les.csv
insp,017,2026-05-31,2026-05-30,beds_occupied,national,Democratic Republic of the Congo,"",Total,117,beds,point,FALSE,TRUE,high,"ISSUES,HGR Bunia,HGR Rwampara,CME,HGR Mongbwalu,HGR Nyankunde,HGR Bambu,HGR Aru,Total
Report (Nombre de malades au lit à la fin de journée précédente),21,15,15,12,39,10,5,117",Institut National de Santé Publique,CC BY 4.0,data/csv/017_table_07_tableau_i_mouvement_des_malades_dans_les.csv
insp,016,2026-05-30,2026-05-30,deaths_in_facility,facility,Democratic Republic of the Congo,CME,CME,2,patients,24h,FALSE,TRUE,high,"ISSUES,HGR Bunia,HGR Rwampara,CME,HGR Mongbwalu,HGR Nyankunde,HGR Bambu,HGR Aru,Total
Sorties Décédés,0,2,2,3,0,0,0,7",Institut National de Santé Publique,CC BY 4.0,data/csv/016_table_02_tableau_ii_mouvement_des_malades_dans_le.csv
insp,016,2026-05-30,2026-05-30,deaths_in_facility,facility,Democratic Republic of the Congo,HGR Aru,HGR Aru,0,patients,24h,FALSE,TRUE,high,"ISSUES,HGR Bunia,HGR Rwampara,CME,HGR Mongbwalu,HGR Nyankunde,HGR Bambu,HGR Aru,Total
Sorties Décédés,0,2,2,3,0,0,0,7",Institut National de Santé Publique,CC BY 4.0,data/csv/016_table_02_tableau_ii_mouvement_des_malades_dans_le.csv
insp,016,2026-05-30,2026-05-30,deaths_in_facility,facility,Democratic Republic of the Congo,HGR Bambu,HGR Bambu,0,patients,24h,FALSE,TRUE,high,"ISSUES,HGR Bunia,HGR Rwampara,CME,HGR Mongbwalu,HGR Nyankunde,HGR Bambu,HGR Aru,Total
Sorties Décédés,0,2,2,3,0,0,0,7",Institut National de Santé Publique,CC BY 4.0,data/csv/016_table_02_tableau_ii_mouvement_des_malades_dans_le.csv
insp,016,2026-05-30,2026-05-30,deaths_in_facility,facility,Democratic Republic of the Congo,HGR Bunia,HGR Bunia,0,patients,24h,FALSE,TRUE,high,"ISSUES,HGR Bunia,HGR Rwampara,CME,HGR Mongbwalu,HGR Nyankunde,HGR Bambu,HGR Aru,Total
Sorties Décédés,0,2,2,3,0,0,0,7",Institut National de Santé Publique,CC BY 4.0,data/csv/016_table_02_tableau_ii_mouvement_des_malades_dans_le.csv
insp,016,2026-05-30,2026-05-30,deaths_in_facility,facility,Democratic Republic of the Congo,HGR Mongbwalu,HGR Mongbwalu,3,patients,24h,FALSE,TRUE,high,"ISSUES,HGR Bunia,HGR Rwampara,CME,HGR Mongbwalu,HGR Nyankunde,HGR Bambu,HGR Aru,Total
Sorties Décédés,0,2,2,3,0,0,0,7",Institut National de Santé Publique,CC BY 4.0,data/csv/016_table_02_tableau_ii_mouvement_des_malades_dans_le.csv
insp,016,2026-05-30,2026-05-30,deaths_in_facility,facility,Democratic Republic of the Congo,HGR Nyankunde,HGR Nyankunde,0,patients,24h,FALSE,TRUE,high,"ISSUES,HGR Bunia,HGR Rwampara,CME,HGR Mongbwalu,HGR Nyankunde,HGR Bambu,HGR Aru,Total
Sorties Décédés,0,2,2,3,0,0,0,7",Institut National de Santé Publique,CC BY 4.0,data/csv/016_table_02_tableau_ii_mouvement_des_malades_dans_le.csv
insp,016,2026-05-30,2026-05-30,deaths_in_facility,facility,Democratic Republic of the Congo,HGR Rwampara,HGR Rwampara,2,patients,24h,FALSE,TRUE,high,"ISSUES,HGR Bunia,HGR Rwampara,CME,HGR Mongbwalu,HGR Nyankunde,HGR Bambu,HGR Aru,Total
Sorties Décédés,0,2,2,3,0,0,0,7",Institut National de Santé Publique,CC BY 4.0,data/csv/016_table_02_tableau_ii_mouvement_des_malades_dans_le.csv
insp,016,2026-05-30,2026-05-30,deaths_in_facility,national,Democratic Republic of the Congo,"",Total,7,patients,24h,FALSE,TRUE,high,"ISSUES,HGR Bunia,HGR Rwampara,CME,HGR Mongbwalu,HGR Nyankunde,HGR Bambu,HGR Aru,Total
Sorties Décédés,0,2,2,3,0,0,0,7",Institut National de Santé Publique,CC BY 4.0,data/csv/016_table_02_tableau_ii_mouvement_des_malades_dans_le.csv
insp,016,2026-05-30,2026-05-30,discharges_recovered,facility,Democratic Republic of the Congo,CME,CME,0,patients,24h,FALSE,TRUE,high,"ISSUES,HGR Bunia,HGR Rwampara,CME,HGR Mongbwalu,HGR Nyankunde,HGR Bambu,HGR Aru,Total
Sorties Guéris,0,0,0,0,0,0,0,0",Institut National de Santé Publique,CC BY 4.0,data/csv/016_table_02_tableau_ii_mouvement_des_malades_dans_le.csv
insp,016,2026-05-30,2026-05-30,discharges_recovered,facility,Democratic Republic of the Congo,HGR Aru,HGR Aru,0,patients,24h,FALSE,TRUE,high,"ISSUES,HGR Bunia,HGR Rwampara,CME,HGR Mongbwalu,HGR Nyankunde,HGR Bambu,HGR Aru,Total
Sorties Guéris,0,0,0,0,0,0,0,0",Institut National de Santé Publique,CC BY 4.0,data/csv/016_table_02_tableau_ii_mouvement_des_malades_dans_le.csv
insp,016,2026-05-30,2026-05-30,discharges_recovered,facility,Democratic Republic of the Congo,HGR Bambu,HGR Bambu,0,patients,24h,FALSE,TRUE,high,"ISSUES,HGR Bunia,HGR Rwampara,CME,HGR Mongbwalu,HGR Nyankunde,HGR Bambu,HGR Aru,Total
Sorties Guéris,0,0,0,0,0,0,0,0",Institut National de Santé Publique,CC BY 4.0,data/csv/016_table_02_tableau_ii_mouvement_des_malades_dans_le.csv
insp,016,2026-05-30,2026-05-30,discharges_recovered,facility,Democratic Republic of the Congo,HGR Bunia,HGR Bunia,0,patients,24h,FALSE,TRUE,high,"ISSUES,HGR Bunia,HGR Rwampara,CME,HGR Mongbwalu,HGR Nyankunde,HGR Bambu,HGR Aru,Total
Sorties Guéris,0,0,0,0,0,0,0,0",Institut National de Santé Publique,CC BY 4.0,data/csv/016_table_02_tableau_ii_mouvement_des_malades_dans_le.csv
insp,016,2026-05-30,2026-05-30,discharges_recovered,facility,Democratic Republic of the Congo,HGR Mongbwalu,HGR Mongbwalu,0,patients,24h,FALSE,TRUE,high,"ISSUES,HGR Bunia,HGR Rwampara,CME,HGR Mongbwalu,HGR Nyankunde,HGR Bambu,HGR Aru,Total
Sorties Guéris,0,0,0,0,0,0,0,0",Institut National de Santé Publique,CC BY 4.0,data/csv/016_table_02_tableau_ii_mouvement_des_malades_dans_le.csv
insp,016,2026-05-30,2026-05-30,discharges_recovered,facility,Democratic Republic of the Congo,HGR Nyankunde,HGR Nyankunde,0,patients,24h,FALSE,TRUE,high,"ISSUES,HGR Bunia,HGR Rwampara,CME,HGR Mongbwalu,HGR Nyankunde,HGR Bambu,HGR Aru,Total
Sorties Guéris,0,0,0,0,0,0,0,0",Institut National de Santé Publique,CC BY 4.0,data/csv/016_table_02_tableau_ii_mouvement_des_malades_dans_le.csv
insp,016,2026-05-30,2026-05-30,discharges_recovered,facility,Democratic Republic of the Congo,HGR Rwampara,HGR Rwampara,0,patients,24h,FALSE,TRUE,high,"ISSUES,HGR Bunia,HGR Rwampara,CME,HGR Mongbwalu,HGR Nyankunde,HGR Bambu,HGR Aru,Total
Sorties Guéris,0,0,0,0,0,0,0,0",Institut National de Santé Publique,CC BY 4.0,data/csv/016_table_02_tableau_ii_mouvement_des_malades_dans_le.csv
insp,016,2026-05-30,2026-05-30,discharges_recovered,national,Democratic Republic of the Congo,"",Total,0,patients,24h,FALSE,TRUE,high,"ISSUES,HGR Bunia,HGR Rwampara,CME,HGR Mongbwalu,HGR Nyankunde,HGR Bambu,HGR Aru,Total
Sorties Guéris,0,0,0,0,0,0,0,0",Institut National de Santé Publique,CC BY 4.0,data/csv/016_table_02_tableau_ii_mouvement_des_malades_dans_le.csv
insp,016,2026-05-30,2026-05-30,escapes,facility,Democratic Republic of the Congo,CME,CME,0,patients,24h,FALSE,TRUE,high,"ISSUES,HGR Bunia,HGR Rwampara,CME,HGR Mongbwalu,HGR Nyankunde,HGR Bambu,HGR Aru,Total
Sorties Evadés,1,0,0,2,2,0,0,5",Institut National de Santé Publique,CC BY 4.0,data/csv/016_table_02_tableau_ii_mouvement_des_malades_dans_le.csv
insp,016,2026-05-30,2026-05-30,escapes,facility,Democratic Republic of the Congo,HGR Aru,HGR Aru,0,patients,24h,FALSE,TRUE,high,"ISSUES,HGR Bunia,HGR Rwampara,CME,HGR Mongbwalu,HGR Nyankunde,HGR Bambu,HGR Aru,Total
Sorties Evadés,1,0,0,2,2,0,0,5",Institut National de Santé Publique,CC BY 4.0,data/csv/016_table_02_tableau_ii_mouvement_des_malades_dans_le.csv
insp,016,2026-05-30,2026-05-30,escapes,facility,Democratic Republic of the Congo,HGR Bambu,HGR Bambu,0,patients,24h,FALSE,TRUE,high,"ISSUES,HGR Bunia,HGR Rwampara,CME,HGR Mongbwalu,HGR Nyankunde,HGR Bambu,HGR Aru,Total
Sorties Evadés,1,0,0,2,2,0,0,5",Institut National de Santé Publique,CC BY 4.0,data/csv/016_table_02_tableau_ii_mouvement_des_malades_dans_le.csv
insp,016,2026-05-30,2026-05-30,escapes,facility,Democratic Republic of the Congo,HGR Bunia,HGR Bunia,1,patients,24h,FALSE,TRUE,high,"ISSUES,HGR Bunia,HGR Rwampara,CME,HGR Mongbwalu,HGR Nyankunde,HGR Bambu,HGR Aru,Total
Sorties Evadés,1,0,0,2,2,0,0,5",Institut National de Santé Publique,CC BY 4.0,data/csv/016_table_02_tableau_ii_mouvement_des_malades_dans_le.csv
insp,016,2026-05-30,2026-05-30,escapes,facility,Democratic Republic of the Congo,HGR Mongbwalu,HGR Mongbwalu,2,patients,24h,FALSE,TRUE,high,"ISSUES,HGR Bunia,HGR Rwampara,CME,HGR Mongbwalu,HGR Nyankunde,HGR Bambu,HGR Aru,Total
Sorties Evadés,1,0,0,2,2,0,0,5",Institut National de Santé Publique,CC BY 4.0,data/csv/016_table_02_tableau_ii_mouvement_des_malades_dans_le.csv
insp,016,2026-05-30,2026-05-30,escapes,facility,Democratic Republic of the Congo,HGR Nyankunde,HGR Nyankunde,2,patients,24h,FALSE,TRUE,high,"ISSUES,HGR Bunia,HGR Rwampara,CME,HGR Mongbwalu,HGR Nyankunde,HGR Bambu,HGR Aru,Total
Sorties Evadés,1,0,0,2,2,0,0,5",Institut National de Santé Publique,CC BY 4.0,data/csv/016_table_02_tableau_ii_mouvement_des_malades_dans_le.csv
insp,016,2026-05-30,2026-05-30,escapes,facility,Democratic Republic of the Congo,HGR Rwampara,HGR Rwampara,0,patients,24h,FALSE,TRUE,high,"ISSUES,HGR Bunia,HGR Rwampara,CME,HGR Mongbwalu,HGR Nyankunde,HGR Bambu,HGR Aru,Total
Sorties Evadés,1,0,0,2,2,0,0,5",Institut National de Santé Publique,CC BY 4.0,data/csv/016_table_02_tableau_ii_mouvement_des_malades_dans_le.csv
insp,016,2026-05-30,2026-05-30,escapes,national,Democratic Republic of the Congo,"",Total,5,patients,24h,FALSE,TRUE,high,"ISSUES,HGR Bunia,HGR Rwampara,CME,HGR Mongbwalu,HGR Nyankunde,HGR Bambu,HGR Aru,Total
Sorties Evadés,1,0,0,2,2,0,0,5",Institut National de Santé Publique,CC BY 4.0,data/csv/016_table_02_tableau_ii_mouvement_des_malades_dans_le.csv
insp,016,2026-05-30,2026-05-30,patients_in_isolation,facility,Democratic Republic of the Congo,CME,CME,19,patients,point,FALSE,TRUE,high,"ISSUES,HGR Bunia,HGR Rwampara,CME,HGR Mongbwalu,HGR Nyankunde,HGR Bambu,HGR Aru,Total
Malades en isolement Total,23,19,19,22,44,10,5,142",Institut National de Santé Publique,CC BY 4.0,data/csv/016_table_02_tableau_ii_mouvement_des_malades_dans_le.csv
insp,016,2026-05-30,2026-05-30,patients_in_isolation,facility,Democratic Republic of the Congo,HGR Aru,HGR Aru,5,patients,point,FALSE,TRUE,high,"ISSUES,HGR Bunia,HGR Rwampara,CME,HGR Mongbwalu,HGR Nyankunde,HGR Bambu,HGR Aru,Total
Malades en isolement Total,23,19,19,22,44,10,5,142",Institut National de Santé Publique,CC BY 4.0,data/csv/016_table_02_tableau_ii_mouvement_des_malades_dans_le.csv
insp,016,2026-05-30,2026-05-30,patients_in_isolation,facility,Democratic Republic of the Congo,HGR Bambu,HGR Bambu,10,patients,point,FALSE,TRUE,high,"ISSUES,HGR Bunia,HGR Rwampara,CME,HGR Mongbwalu,HGR Nyankunde,HGR Bambu,HGR Aru,Total
Malades en isolement Total,23,19,19,22,44,10,5,142",Institut National de Santé Publique,CC BY 4.0,data/csv/016_table_02_tableau_ii_mouvement_des_malades_dans_le.csv
insp,016,2026-05-30,2026-05-30,patients_in_isolation,facility,Democratic Republic of the Congo,HGR Bunia,HGR Bunia,23,patients,point,FALSE,TRUE,high,"ISSUES,HGR Bunia,HGR Rwampara,CME,HGR Mongbwalu,HGR Nyankunde,HGR Bambu,HGR Aru,Total
Malades en isolement Total,23,19,19,22,44,10,5,142",Institut National de Santé Publique,CC BY 4.0,data/csv/016_table_02_tableau_ii_mouvement_des_malades_dans_le.csv
insp,016,2026-05-30,2026-05-30,patients_in_isolation,facility,Democratic Republic of the Congo,HGR Mongbwalu,HGR Mongbwalu,22,patients,point,FALSE,TRUE,high,"ISSUES,HGR Bunia,HGR Rwampara,CME,HGR Mongbwalu,HGR Nyankunde,HGR Bambu,HGR Aru,Total
Malades en isolement Total,23,19,19,22,44,10,5,142",Institut National de Santé Publique,CC BY 4.0,data/csv/016_table_02_tableau_ii_mouvement_des_malades_dans_le.csv
insp,016,2026-05-30,2026-05-30,patients_in_isolation,facility,Democratic Republic of the Congo,HGR Nyankunde,HGR Nyankunde,44,patients,point,FALSE,TRUE,high,"ISSUES,HGR Bunia,HGR Rwampara,CME,HGR Mongbwalu,HGR Nyankunde,HGR Bambu,HGR Aru,Total
Malades en isolement Total,23,19,19,22,44,10,5,142",Institut National de Santé Publique,CC BY 4.0,data/csv/016_table_02_tableau_ii_mouvement_des_malades_dans_le.csv
insp,016,2026-05-30,2026-05-30,patients_in_isolation,facility,Democratic Republic of the Congo,HGR Rwampara,HGR Rwampara,19,patients,point,FALSE,TRUE,high,"ISSUES,HGR Bunia,HGR Rwampara,CME,HGR Mongbwalu,HGR Nyankunde,HGR Bambu,HGR Aru,Total
Malades en isolement Total,23,19,19,22,44,10,5,142",Institut National de Santé Publique,CC BY 4.0,data/csv/016_table_02_tableau_ii_mouvement_des_malades_dans_le.csv
insp,016,2026-05-30,2026-05-30,patients_in_isolation,national,Democratic Republic of the Congo,"",Total,142,patients,point,FALSE,TRUE,high,"ISSUES,HGR Bunia,HGR Rwampara,CME,HGR Mongbwalu,HGR Nyankunde,HGR Bambu,HGR Aru,Total
Malades en isolement Total,23,19,19,22,44,10,5,142",Institut National de Santé Publique,CC BY 4.0,data/csv/016_table_02_tableau_ii_mouvement_des_malades_dans_le.csv
who_afro,afro-03,2026-05-31,2026-05-31,beds_capacity,facility,"",Centre Médical Évangélique (CME) Ebola Treatment Centre in Bunia,Centre Médical Évangélique (CME) Ebola Treatment Centre in Bunia,100,beds,point,FALSE,TRUE,high,"Rehabilitation of the Centre Médical Évangélique (CME) Ebola Treatment Centre in Bunia has been
completed, providing capacity for 100 beds",World Health Organization Regional Office for Africa,CC BY-NC-SA 3.0 IGO,https://iris.who.int/handle/10665/386347
who_afro,afro-03,2026-05-31,2026-05-31,beds_capacity,facility,"",ETC in Goma,ETC in Goma,80,beds,point,FALSE,TRUE,high,"including a 65-bed ETC in Ituri, an 80-bed ETC in
Goma",World Health Organization Regional Office for Africa,CC BY-NC-SA 3.0 IGO,https://iris.who.int/handle/10665/386347
who_afro,afro-03,2026-05-31,2026-05-31,beds_capacity,facility,"",ETC in Ituri,ETC in Ituri,65,beds,point,FALSE,TRUE,high,"including a 65-bed ETC in Ituri, an 80-bed ETC in
Goma",World Health Organization Regional Office for Africa,CC BY-NC-SA 3.0 IGO,https://iris.who.int/handle/10665/386347
insp,018,2026-06-01,2026-05-31,beds_occupied,national,Democratic Republic of the Congo,"",Ensemble,160,beds,point,FALSE,TRUE,high,"Indicateur,Ituri,Nord-Kivu,Sud-Kivu,Ensemble
Patients présents au lit (fin de journée J-1),147,8,5,160",Institut National de Santé Publique,CC BY 4.0,data/csv/018_table_08_tableau_4_mouvement_des_patients_dans_le.csv
insp,018,2026-06-01,2026-05-31,beds_occupied,province,Democratic Republic of the Congo,Ituri,Ituri,147,beds,point,FALSE,TRUE,high,"Indicateur,Ituri,Nord-Kivu,Sud-Kivu,Ensemble
Patients présents au lit (fin de journée J-1),147,8,5,160",Institut National de Santé Publique,CC BY 4.0,data/csv/018_table_08_tableau_4_mouvement_des_patients_dans_le.csv
insp,018,2026-06-01,2026-05-31,beds_occupied,province,Democratic Republic of the Congo,Nord-Kivu,Nord-Kivu,8,beds,point,FALSE,TRUE,high,"Indicateur,Ituri,Nord-Kivu,Sud-Kivu,Ensemble
Patients présents au lit (fin de journée J-1),147,8,5,160",Institut National de Santé Publique,CC BY 4.0,data/csv/018_table_08_tableau_4_mouvement_des_patients_dans_le.csv
insp,018,2026-06-01,2026-05-31,beds_occupied,province,Democratic Republic of the Congo,Sud-Kivu,Sud-Kivu,5,beds,point,FALSE,TRUE,high,"Indicateur,Ituri,Nord-Kivu,Sud-Kivu,Ensemble
Patients présents au lit (fin de journée J-1),147,8,5,160",Institut National de Santé Publique,CC BY 4.0,data/csv/018_table_08_tableau_4_mouvement_des_patients_dans_le.csv
insp,017,2026-05-31,2026-05-31,deaths_in_facility,facility,Democratic Republic of the Congo,CME,CME,4,patients,24h,FALSE,TRUE,high,"ISSUES,HGR Bunia,HGR Rwampara,CME,HGR Mongbwalu,HGR Nyankunde,HGR Bambu,HGR Aru,Total
Sorties Décédés,1,2,4,3,1,1,0,11",Institut National de Santé Publique,CC BY 4.0,data/csv/017_table_07_tableau_i_mouvement_des_malades_dans_les.csv
insp,017,2026-05-31,2026-05-31,deaths_in_facility,facility,Democratic Republic of the Congo,HGR Aru,HGR Aru,0,patients,24h,FALSE,TRUE,high,"ISSUES,HGR Bunia,HGR Rwampara,CME,HGR Mongbwalu,HGR Nyankunde,HGR Bambu,HGR Aru,Total
Sorties Décédés,1,2,4,3,1,1,0,11",Institut National de Santé Publique,CC BY 4.0,data/csv/017_table_07_tableau_i_mouvement_des_malades_dans_les.csv
insp,017,2026-05-31,2026-05-31,deaths_in_facility,facility,Democratic Republic of the Congo,HGR Bambu,HGR Bambu,1,patients,24h,FALSE,TRUE,high,"ISSUES,HGR Bunia,HGR Rwampara,CME,HGR Mongbwalu,HGR Nyankunde,HGR Bambu,HGR Aru,Total
Sorties Décédés,1,2,4,3,1,1,0,11",Institut National de Santé Publique,CC BY 4.0,data/csv/017_table_07_tableau_i_mouvement_des_malades_dans_les.csv
insp,017,2026-05-31,2026-05-31,deaths_in_facility,facility,Democratic Republic of the Congo,HGR Bunia,HGR Bunia,1,patients,24h,FALSE,TRUE,high,"ISSUES,HGR Bunia,HGR Rwampara,CME,HGR Mongbwalu,HGR Nyankunde,HGR Bambu,HGR Aru,Total
Sorties Décédés,1,2,4,3,1,1,0,11",Institut National de Santé Publique,CC BY 4.0,data/csv/017_table_07_tableau_i_mouvement_des_malades_dans_les.csv
insp,017,2026-05-31,2026-05-31,deaths_in_facility,facility,Democratic Republic of the Congo,HGR Mongbwalu,HGR Mongbwalu,3,patients,24h,FALSE,TRUE,high,"ISSUES,HGR Bunia,HGR Rwampara,CME,HGR Mongbwalu,HGR Nyankunde,HGR Bambu,HGR Aru,Total
Sorties Décédés,1,2,4,3,1,1,0,11",Institut National de Santé Publique,CC BY 4.0,data/csv/017_table_07_tableau_i_mouvement_des_malades_dans_les.csv
insp,017,2026-05-31,2026-05-31,deaths_in_facility,facility,Democratic Republic of the Congo,HGR Nyankunde,HGR Nyankunde,1,patients,24h,FALSE,TRUE,high,"ISSUES,HGR Bunia,HGR Rwampara,CME,HGR Mongbwalu,HGR Nyankunde,HGR Bambu,HGR Aru,Total
Sorties Décédés,1,2,4,3,1,1,0,11",Institut National de Santé Publique,CC BY 4.0,data/csv/017_table_07_tableau_i_mouvement_des_malades_dans_les.csv
insp,017,2026-05-31,2026-05-31,deaths_in_facility,facility,Democratic Republic of the Congo,HGR Rwampara,HGR Rwampara,2,patients,24h,FALSE,TRUE,high,"ISSUES,HGR Bunia,HGR Rwampara,CME,HGR Mongbwalu,HGR Nyankunde,HGR Bambu,HGR Aru,Total
Sorties Décédés,1,2,4,3,1,1,0,11",Institut National de Santé Publique,CC BY 4.0,data/csv/017_table_07_tableau_i_mouvement_des_malades_dans_les.csv
insp,017,2026-05-31,2026-05-31,deaths_in_facility,national,Democratic Republic of the Congo,"",Total,11,patients,24h,FALSE,TRUE,high,"ISSUES,HGR Bunia,HGR Rwampara,CME,HGR Mongbwalu,HGR Nyankunde,HGR Bambu,HGR Aru,Total
Sorties Décédés,1,2,4,3,1,1,0,11",Institut National de Santé Publique,CC BY 4.0,data/csv/017_table_07_tableau_i_mouvement_des_malades_dans_les.csv
insp,017,2026-05-31,2026-05-31,discharges_recovered,facility,Democratic Republic of the Congo,CME,CME,0,patients,24h,FALSE,TRUE,high,"ISSUES,HGR Bunia,HGR Rwampara,CME,HGR Mongbwalu,HGR Nyankunde,HGR Bambu,HGR Aru,Total
Sorties Guéris,0,0,0,0,0,0,0,0",Institut National de Santé Publique,CC BY 4.0,data/csv/017_table_07_tableau_i_mouvement_des_malades_dans_les.csv
insp,017,2026-05-31,2026-05-31,discharges_recovered,facility,Democratic Republic of the Congo,HGR Aru,HGR Aru,0,patients,24h,FALSE,TRUE,high,"ISSUES,HGR Bunia,HGR Rwampara,CME,HGR Mongbwalu,HGR Nyankunde,HGR Bambu,HGR Aru,Total
Sorties Guéris,0,0,0,0,0,0,0,0",Institut National de Santé Publique,CC BY 4.0,data/csv/017_table_07_tableau_i_mouvement_des_malades_dans_les.csv
insp,017,2026-05-31,2026-05-31,discharges_recovered,facility,Democratic Republic of the Congo,HGR Bambu,HGR Bambu,0,patients,24h,FALSE,TRUE,high,"ISSUES,HGR Bunia,HGR Rwampara,CME,HGR Mongbwalu,HGR Nyankunde,HGR Bambu,HGR Aru,Total
Sorties Guéris,0,0,0,0,0,0,0,0",Institut National de Santé Publique,CC BY 4.0,data/csv/017_table_07_tableau_i_mouvement_des_malades_dans_les.csv
insp,017,2026-05-31,2026-05-31,discharges_recovered,facility,Democratic Republic of the Congo,HGR Bunia,HGR Bunia,0,patients,24h,FALSE,TRUE,high,"ISSUES,HGR Bunia,HGR Rwampara,CME,HGR Mongbwalu,HGR Nyankunde,HGR Bambu,HGR Aru,Total
Sorties Guéris,0,0,0,0,0,0,0,0",Institut National de Santé Publique,CC BY 4.0,data/csv/017_table_07_tableau_i_mouvement_des_malades_dans_les.csv
insp,017,2026-05-31,2026-05-31,discharges_recovered,facility,Democratic Republic of the Congo,HGR Mongbwalu,HGR Mongbwalu,0,patients,24h,FALSE,TRUE,high,"ISSUES,HGR Bunia,HGR Rwampara,CME,HGR Mongbwalu,HGR Nyankunde,HGR Bambu,HGR Aru,Total
Sorties Guéris,0,0,0,0,0,0,0,0",Institut National de Santé Publique,CC BY 4.0,data/csv/017_table_07_tableau_i_mouvement_des_malades_dans_les.csv
insp,017,2026-05-31,2026-05-31,discharges_recovered,facility,Democratic Republic of the Congo,HGR Nyankunde,HGR Nyankunde,0,patients,24h,FALSE,TRUE,high,"ISSUES,HGR Bunia,HGR Rwampara,CME,HGR Mongbwalu,HGR Nyankunde,HGR Bambu,HGR Aru,Total
Sorties Guéris,0,0,0,0,0,0,0,0",Institut National de Santé Publique,CC BY 4.0,data/csv/017_table_07_tableau_i_mouvement_des_malades_dans_les.csv
insp,017,2026-05-31,2026-05-31,discharges_recovered,facility,Democratic Republic of the Congo,HGR Rwampara,HGR Rwampara,0,patients,24h,FALSE,TRUE,high,"ISSUES,HGR Bunia,HGR Rwampara,CME,HGR Mongbwalu,HGR Nyankunde,HGR Bambu,HGR Aru,Total
Sorties Guéris,0,0,0,0,0,0,0,0",Institut National de Santé Publique,CC BY 4.0,data/csv/017_table_07_tableau_i_mouvement_des_malades_dans_les.csv
who_afro,afro-03,2026-05-31,2026-05-31,discharges_recovered,national,Democratic Republic of the Congo,"","",6,patients,cumulative,FALSE,TRUE,high,"Across the two affected countries, ten patients (six in the Democratic Republic of the Congo and four in
Uganda) have recovered and been discharged from care",World Health Organization Regional Office for Africa,CC BY-NC-SA 3.0 IGO,https://iris.who.int/handle/10665/386347
who_afro,afro-03,2026-05-31,2026-05-31,discharges_recovered,national,Uganda,"","",4,patients,cumulative,FALSE,TRUE,high,"Across the two affected countries, ten patients (six in the Democratic Republic of the Congo and four in
Uganda) have recovered and been discharged from care",World Health Organization Regional Office for Africa,CC BY-NC-SA 3.0 IGO,https://iris.who.int/handle/10665/386347
insp,017,2026-05-31,2026-05-31,discharges_recovered,national,Democratic Republic of the Congo,"",Total,0,patients,24h,FALSE,TRUE,high,"ISSUES,HGR Bunia,HGR Rwampara,CME,HGR Mongbwalu,HGR Nyankunde,HGR Bambu,HGR Aru,Total
Sorties Guéris,0,0,0,0,0,0,0,0",Institut National de Santé Publique,CC BY 4.0,data/csv/017_table_07_tableau_i_mouvement_des_malades_dans_les.csv
insp,017,2026-05-31,2026-05-31,escapes,facility,Democratic Republic of the Congo,CME,CME,0,patients,24h,FALSE,TRUE,high,"ISSUES,HGR Bunia,HGR Rwampara,CME,HGR Mongbwalu,HGR Nyankunde,HGR Bambu,HGR Aru,Total
Sorties Evadés,1,3,0,0,3,0,0,7",Institut National de Santé Publique,CC BY 4.0,data/csv/017_table_07_tableau_i_mouvement_des_malades_dans_les.csv
insp,017,2026-05-31,2026-05-31,escapes,facility,Democratic Republic of the Congo,HGR Aru,HGR Aru,0,patients,24h,FALSE,TRUE,high,"ISSUES,HGR Bunia,HGR Rwampara,CME,HGR Mongbwalu,HGR Nyankunde,HGR Bambu,HGR Aru,Total
Sorties Evadés,1,3,0,0,3,0,0,7",Institut National de Santé Publique,CC BY 4.0,data/csv/017_table_07_tableau_i_mouvement_des_malades_dans_les.csv
who_afro,afro-03,2026-05-31,2026-05-31,escapes,facility,"",HGR Bambu,HGR Bambu,11,patients,7d,FALSE,TRUE,high,"During
the reporting period, 15 patients left treatment centres, including 11 from HGR Bambu",World Health Organization Regional Office for Africa,CC BY-NC-SA 3.0 IGO,https://iris.who.int/handle/10665/386347
insp,017,2026-05-31,2026-05-31,escapes,facility,Democratic Republic of the Congo,HGR Bambu,HGR Bambu,0,patients,24h,FALSE,TRUE,high,"ISSUES,HGR Bunia,HGR Rwampara,CME,HGR Mongbwalu,HGR Nyankunde,HGR Bambu,HGR Aru,Total
Sorties Evadés,1,3,0,0,3,0,0,7",Institut National de Santé Publique,CC BY 4.0,data/csv/017_table_07_tableau_i_mouvement_des_malades_dans_les.csv
insp,017,2026-05-31,2026-05-31,escapes,facility,Democratic Republic of the Congo,HGR Bunia,HGR Bunia,1,patients,24h,FALSE,TRUE,high,"ISSUES,HGR Bunia,HGR Rwampara,CME,HGR Mongbwalu,HGR Nyankunde,HGR Bambu,HGR Aru,Total
Sorties Evadés,1,3,0,0,3,0,0,7",Institut National de Santé Publique,CC BY 4.0,data/csv/017_table_07_tableau_i_mouvement_des_malades_dans_les.csv
insp,017,2026-05-31,2026-05-31,escapes,facility,Democratic Republic of the Congo,HGR Mongbwalu,HGR Mongbwalu,0,patients,24h,FALSE,TRUE,high,"ISSUES,HGR Bunia,HGR Rwampara,CME,HGR Mongbwalu,HGR Nyankunde,HGR Bambu,HGR Aru,Total
Sorties Evadés,1,3,0,0,3,0,0,7",Institut National de Santé Publique,CC BY 4.0,data/csv/017_table_07_tableau_i_mouvement_des_malades_dans_les.csv
insp,017,2026-05-31,2026-05-31,escapes,facility,Democratic Republic of the Congo,HGR Nyankunde,HGR Nyankunde,3,patients,24h,FALSE,TRUE,high,"ISSUES,HGR Bunia,HGR Rwampara,CME,HGR Mongbwalu,HGR Nyankunde,HGR Bambu,HGR Aru,Total
Sorties Evadés,1,3,0,0,3,0,0,7",Institut National de Santé Publique,CC BY 4.0,data/csv/017_table_07_tableau_i_mouvement_des_malades_dans_les.csv
insp,017,2026-05-31,2026-05-31,escapes,facility,Democratic Republic of the Congo,HGR Rwampara,HGR Rwampara,3,patients,24h,FALSE,TRUE,high,"ISSUES,HGR Bunia,HGR Rwampara,CME,HGR Mongbwalu,HGR Nyankunde,HGR Bambu,HGR Aru,Total
Sorties Evadés,1,3,0,0,3,0,0,7",Institut National de Santé Publique,CC BY 4.0,data/csv/017_table_07_tableau_i_mouvement_des_malades_dans_les.csv
who_afro,afro-03,2026-05-31,2026-05-31,escapes,national,"","","",15,patients,7d,FALSE,TRUE,high,"During
the reporting period, 15 patients left treatment centres, including 11 from HGR Bambu",World Health Organization Regional Office for Africa,CC BY-NC-SA 3.0 IGO,https://iris.who.int/handle/10665/386347
insp,017,2026-05-31,2026-05-31,escapes,national,Democratic Republic of the Congo,"",Total,7,patients,24h,FALSE,TRUE,high,"ISSUES,HGR Bunia,HGR Rwampara,CME,HGR Mongbwalu,HGR Nyankunde,HGR Bambu,HGR Aru,Total
Sorties Evadés,1,3,0,0,3,0,0,7",Institut National de Santé Publique,CC BY 4.0,data/csv/017_table_07_tableau_i_mouvement_des_malades_dans_les.csv
insp,017,2026-05-31,2026-05-31,patients_in_isolation,facility,Democratic Republic of the Congo,CME,CME,17,patients,point,FALSE,TRUE,high,"ISSUES,HGR Bunia,HGR Rwampara,CME,HGR Mongbwalu,HGR Nyankunde,HGR Bambu,HGR Aru,Total
Malades en isolement Total,23,17,17,15,38,13,6,129",Institut National de Santé Publique,CC BY 4.0,data/csv/017_table_07_tableau_i_mouvement_des_malades_dans_les.csv
insp,017,2026-05-31,2026-05-31,patients_in_isolation,facility,Democratic Republic of the Congo,HGR Aru,HGR Aru,6,patients,point,FALSE,TRUE,high,"ISSUES,HGR Bunia,HGR Rwampara,CME,HGR Mongbwalu,HGR Nyankunde,HGR Bambu,HGR Aru,Total
Malades en isolement Total,23,17,17,15,38,13,6,129",Institut National de Santé Publique,CC BY 4.0,data/csv/017_table_07_tableau_i_mouvement_des_malades_dans_les.csv
insp,017,2026-05-31,2026-05-31,patients_in_isolation,facility,Democratic Republic of the Congo,HGR Bambu,HGR Bambu,13,patients,point,FALSE,TRUE,high,"ISSUES,HGR Bunia,HGR Rwampara,CME,HGR Mongbwalu,HGR Nyankunde,HGR Bambu,HGR Aru,Total
Malades en isolement Total,23,17,17,15,38,13,6,129",Institut National de Santé Publique,CC BY 4.0,data/csv/017_table_07_tableau_i_mouvement_des_malades_dans_les.csv
insp,017,2026-05-31,2026-05-31,patients_in_isolation,facility,Democratic Republic of the Congo,HGR Bunia,HGR Bunia,23,patients,point,FALSE,TRUE,high,"ISSUES,HGR Bunia,HGR Rwampara,CME,HGR Mongbwalu,HGR Nyankunde,HGR Bambu,HGR Aru,Total
Malades en isolement Total,23,17,17,15,38,13,6,129",Institut National de Santé Publique,CC BY 4.0,data/csv/017_table_07_tableau_i_mouvement_des_malades_dans_les.csv
insp,017,2026-05-31,2026-05-31,patients_in_isolation,facility,Democratic Republic of the Congo,HGR Mongbwalu,HGR Mongbwalu,15,patients,point,FALSE,TRUE,high,"ISSUES,HGR Bunia,HGR Rwampara,CME,HGR Mongbwalu,HGR Nyankunde,HGR Bambu,HGR Aru,Total
Malades en isolement Total,23,17,17,15,38,13,6,129",Institut National de Santé Publique,CC BY 4.0,data/csv/017_table_07_tableau_i_mouvement_des_malades_dans_les.csv
insp,017,2026-05-31,2026-05-31,patients_in_isolation,facility,Democratic Republic of the Congo,HGR Nyankunde,HGR Nyankunde,38,patients,point,FALSE,TRUE,high,"ISSUES,HGR Bunia,HGR Rwampara,CME,HGR Mongbwalu,HGR Nyankunde,HGR Bambu,HGR Aru,Total
Malades en isolement Total,23,17,17,15,38,13,6,129",Institut National de Santé Publique,CC BY 4.0,data/csv/017_table_07_tableau_i_mouvement_des_malades_dans_les.csv
insp,017,2026-05-31,2026-05-31,patients_in_isolation,facility,Democratic Republic of the Congo,HGR Rwampara,HGR Rwampara,17,patients,point,FALSE,TRUE,high,"ISSUES,HGR Bunia,HGR Rwampara,CME,HGR Mongbwalu,HGR Nyankunde,HGR Bambu,HGR Aru,Total
Malades en isolement Total,23,17,17,15,38,13,6,129",Institut National de Santé Publique,CC BY 4.0,data/csv/017_table_07_tableau_i_mouvement_des_malades_dans_les.csv
who_afro,afro-03,2026-05-31,2026-05-31,patients_in_isolation,facility,Uganda,Mulago Ebola Treatment Unit in Kampala,Mulago Ebola Treatment Unit in Kampala,5,patients,point,FALSE,TRUE,high,"In Uganda, five confirmed cases remain under treatment at the Mulago Ebola Treatment Unit in Kampala.",World Health Organization Regional Office for Africa,CC BY-NC-SA 3.0 IGO,https://iris.who.int/handle/10665/386347
who_afro,afro-03,2026-05-31,2026-05-31,patients_in_isolation,national,Democratic Republic of the Congo,"","",342,patients,point,FALSE,TRUE,high,"As of 31 May, 342 persons were being managed in isolation and treatment facilities across affected
provinces in the Democratic Republic of the Congo",World Health Organization Regional Office for Africa,CC BY-NC-SA 3.0 IGO,https://iris.who.int/handle/10665/386347
insp,017,2026-05-31,2026-05-31,patients_in_isolation,national,Democratic Republic of the Congo,"",Total,129,patients,point,FALSE,TRUE,high,"ISSUES,HGR Bunia,HGR Rwampara,CME,HGR Mongbwalu,HGR Nyankunde,HGR Bambu,HGR Aru,Total
Malades en isolement Total,23,17,17,15,38,13,6,129",Institut National de Santé Publique,CC BY 4.0,data/csv/017_table_07_tableau_i_mouvement_des_malades_dans_les.csv
insp,018,2026-06-01,2026-06-01,admissions,national,Democratic Republic of the Congo,"",Ensemble,22,patients,24h,FALSE,TRUE,high,"Indicateur,Ituri,Nord-Kivu,Sud-Kivu,Ensemble
Total admissions,21,0,1,22",Institut National de Santé Publique,CC BY 4.0,data/csv/018_table_08_tableau_4_mouvement_des_patients_dans_le.csv
insp,018,2026-06-01,2026-06-01,admissions,province,Democratic Republic of the Congo,Ituri,Ituri,21,patients,24h,FALSE,TRUE,high,"Indicateur,Ituri,Nord-Kivu,Sud-Kivu,Ensemble
Total admissions,21,0,1,22",Institut National de Santé Publique,CC BY 4.0,data/csv/018_table_08_tableau_4_mouvement_des_patients_dans_le.csv
insp,018,2026-06-01,2026-06-01,admissions,province,Democratic Republic of the Congo,Nord-Kivu,Nord-Kivu,0,patients,24h,FALSE,TRUE,high,"Indicateur,Ituri,Nord-Kivu,Sud-Kivu,Ensemble
Total admissions,21,0,1,22",Institut National de Santé Publique,CC BY 4.0,data/csv/018_table_08_tableau_4_mouvement_des_patients_dans_le.csv
insp,018,2026-06-01,2026-06-01,admissions,province,Democratic Republic of the Congo,Sud-Kivu,Sud-Kivu,1,patients,24h,FALSE,TRUE,high,"Indicateur,Ituri,Nord-Kivu,Sud-Kivu,Ensemble
Total admissions,21,0,1,22",Institut National de Santé Publique,CC BY 4.0,data/csv/018_table_08_tableau_4_mouvement_des_patients_dans_le.csv
insp,019,2026-06-02,2026-06-01,beds_occupied,national,Democratic Republic of the Congo,"",Ensemble,204,beds,point,FALSE,TRUE,high,"Indicateur,Ituri,Nord-Kivu,Sud-Kivu,Ensemble
Patients au lit (J-1),191,8,5,204",Institut National de Santé Publique,CC BY 4.0,data/csv/019_table_05_tableau_4_mouvement_des_patients_dans_le.csv
insp,019,2026-06-02,2026-06-01,beds_occupied,province,Democratic Republic of the Congo,Ituri,Ituri,191,beds,point,FALSE,TRUE,high,"Indicateur,Ituri,Nord-Kivu,Sud-Kivu,Ensemble
Patients au lit (J-1),191,8,5,204",Institut National de Santé Publique,CC BY 4.0,data/csv/019_table_05_tableau_4_mouvement_des_patients_dans_le.csv
insp,019,2026-06-02,2026-06-01,beds_occupied,province,Democratic Republic of the Congo,Nord-Kivu,Nord-Kivu,8,beds,point,FALSE,TRUE,high,"Indicateur,Ituri,Nord-Kivu,Sud-Kivu,Ensemble
Patients au lit (J-1),191,8,5,204",Institut National de Santé Publique,CC BY 4.0,data/csv/019_table_05_tableau_4_mouvement_des_patients_dans_le.csv
insp,019,2026-06-02,2026-06-01,beds_occupied,province,Democratic Republic of the Congo,Sud-Kivu,Sud-Kivu,5,beds,point,FALSE,TRUE,high,"Indicateur,Ituri,Nord-Kivu,Sud-Kivu,Ensemble
Patients au lit (J-1),191,8,5,204",Institut National de Santé Publique,CC BY 4.0,data/csv/019_table_05_tableau_4_mouvement_des_patients_dans_le.csv
insp,018,2026-06-01,2026-06-01,discharges_recovered,national,Democratic Republic of the Congo,"",Ensemble,0,patients,24h,FALSE,TRUE,high,"Indicateur,Ituri,Nord-Kivu,Sud-Kivu,Ensemble
Sorties (24h) Guéris,0,0,0,0",Institut National de Santé Publique,CC BY 4.0,data/csv/018_table_08_tableau_4_mouvement_des_patients_dans_le.csv
insp,018,2026-06-01,2026-06-01,discharges_recovered,province,Democratic Republic of the Congo,Ituri,Ituri,0,patients,24h,FALSE,TRUE,high,"Indicateur,Ituri,Nord-Kivu,Sud-Kivu,Ensemble
Sorties (24h) Guéris,0,0,0,0",Institut National de Santé Publique,CC BY 4.0,data/csv/018_table_08_tableau_4_mouvement_des_patients_dans_le.csv
insp,018,2026-06-01,2026-06-01,discharges_recovered,province,Democratic Republic of the Congo,Nord-Kivu,Nord-Kivu,0,patients,24h,FALSE,TRUE,high,"Indicateur,Ituri,Nord-Kivu,Sud-Kivu,Ensemble
Sorties (24h) Guéris,0,0,0,0",Institut National de Santé Publique,CC BY 4.0,data/csv/018_table_08_tableau_4_mouvement_des_patients_dans_le.csv
insp,018,2026-06-01,2026-06-01,discharges_recovered,province,Democratic Republic of the Congo,Sud-Kivu,Sud-Kivu,0,patients,24h,FALSE,TRUE,high,"Indicateur,Ituri,Nord-Kivu,Sud-Kivu,Ensemble
Sorties (24h) Guéris,0,0,0,0",Institut National de Santé Publique,CC BY 4.0,data/csv/018_table_08_tableau_4_mouvement_des_patients_dans_le.csv
insp,018,2026-06-01,2026-06-01,patients_in_isolation,national,Democratic Republic of the Congo,"",Ensemble,173,patients,point,FALSE,TRUE,high,"Indicateur,Ituri,Nord-Kivu,Sud-Kivu,Ensemble
Patients en isolement (fin de journée),158,8,7,173",Institut National de Santé Publique,CC BY 4.0,data/csv/018_table_08_tableau_4_mouvement_des_patients_dans_le.csv
insp,018,2026-06-01,2026-06-01,patients_in_isolation,province,Democratic Republic of the Congo,Ituri,Ituri,158,patients,point,FALSE,TRUE,high,"Indicateur,Ituri,Nord-Kivu,Sud-Kivu,Ensemble
Patients en isolement (fin de journée),158,8,7,173",Institut National de Santé Publique,CC BY 4.0,data/csv/018_table_08_tableau_4_mouvement_des_patients_dans_le.csv
insp,018,2026-06-01,2026-06-01,patients_in_isolation,province,Democratic Republic of the Congo,Nord-Kivu,Nord-Kivu,8,patients,point,FALSE,TRUE,high,"Indicateur,Ituri,Nord-Kivu,Sud-Kivu,Ensemble
Patients en isolement (fin de journée),158,8,7,173",Institut National de Santé Publique,CC BY 4.0,data/csv/018_table_08_tableau_4_mouvement_des_patients_dans_le.csv
insp,018,2026-06-01,2026-06-01,patients_in_isolation,province,Democratic Republic of the Congo,Sud-Kivu,Sud-Kivu,7,patients,point,FALSE,TRUE,high,"Indicateur,Ituri,Nord-Kivu,Sud-Kivu,Ensemble
Patients en isolement (fin de journée),158,8,7,173",Institut National de Santé Publique,CC BY 4.0,data/csv/018_table_08_tableau_4_mouvement_des_patients_dans_le.csv
insp,019,2026-06-02,2026-06-02,admissions,national,Democratic Republic of the Congo,"",Ensemble,30,patients,24h,FALSE,TRUE,high,"Indicateur,Ituri,Nord-Kivu,Sud-Kivu,Ensemble
Total admissions (24h),28,1,1,30",Institut National de Santé Publique,CC BY 4.0,data/csv/019_table_05_tableau_4_mouvement_des_patients_dans_le.csv
insp,019,2026-06-02,2026-06-02,admissions,province,Democratic Republic of the Congo,Ituri,Ituri,28,patients,24h,FALSE,TRUE,high,"Indicateur,Ituri,Nord-Kivu,Sud-Kivu,Ensemble
Total admissions (24h),28,1,1,30",Institut National de Santé Publique,CC BY 4.0,data/csv/019_table_05_tableau_4_mouvement_des_patients_dans_le.csv
insp,019,2026-06-02,2026-06-02,admissions,province,Democratic Republic of the Congo,Nord-Kivu,Nord-Kivu,1,patients,24h,FALSE,TRUE,high,"Indicateur,Ituri,Nord-Kivu,Sud-Kivu,Ensemble
Total admissions (24h),28,1,1,30",Institut National de Santé Publique,CC BY 4.0,data/csv/019_table_05_tableau_4_mouvement_des_patients_dans_le.csv
insp,019,2026-06-02,2026-06-02,admissions,province,Democratic Republic of the Congo,Sud-Kivu,Sud-Kivu,1,patients,24h,FALSE,TRUE,high,"Indicateur,Ituri,Nord-Kivu,Sud-Kivu,Ensemble
Total admissions (24h),28,1,1,30",Institut National de Santé Publique,CC BY 4.0,data/csv/019_table_05_tableau_4_mouvement_des_patients_dans_le.csv
insp,020,2026-06-03,2026-06-02,beds_occupied,national,Democratic Republic of the Congo,"",Ensemble,222,beds,point,FALSE,TRUE,high,"Indicateur,Ituri,Nord-Kivu,Sud-Kivu,Ensemble
Patients au lit (J-1),208,8,6,222",Institut National de Santé Publique,CC BY 4.0,data/csv/020_table_05_tableau_4_mouvement_des_patients_dans_le.csv
insp,020,2026-06-03,2026-06-02,beds_occupied,province,Democratic Republic of the Congo,Ituri,Ituri,208,beds,point,FALSE,TRUE,high,"Indicateur,Ituri,Nord-Kivu,Sud-Kivu,Ensemble
Patients au lit (J-1),208,8,6,222",Institut National de Santé Publique,CC BY 4.0,data/csv/020_table_05_tableau_4_mouvement_des_patients_dans_le.csv
insp,020,2026-06-03,2026-06-02,beds_occupied,province,Democratic Republic of the Congo,Nord-Kivu,Nord-Kivu,8,beds,point,FALSE,TRUE,high,"Indicateur,Ituri,Nord-Kivu,Sud-Kivu,Ensemble
Patients au lit (J-1),208,8,6,222",Institut National de Santé Publique,CC BY 4.0,data/csv/020_table_05_tableau_4_mouvement_des_patients_dans_le.csv
insp,020,2026-06-03,2026-06-02,beds_occupied,province,Democratic Republic of the Congo,Sud-Kivu,Sud-Kivu,6,beds,point,FALSE,TRUE,high,"Indicateur,Ituri,Nord-Kivu,Sud-Kivu,Ensemble
Patients au lit (J-1),208,8,6,222",Institut National de Santé Publique,CC BY 4.0,data/csv/020_table_05_tableau_4_mouvement_des_patients_dans_le.csv
insp,019,2026-06-02,2026-06-02,deaths_in_facility,national,Democratic Republic of the Congo,"",Ensemble,9,patients,24h,FALSE,TRUE,high,"Indicateur,Ituri,Nord-Kivu,Sud-Kivu,Ensemble
Sorties (24h) Décédés (Suspects/Conf.),8,1,0,9",Institut National de Santé Publique,CC BY 4.0,data/csv/019_table_05_tableau_4_mouvement_des_patients_dans_le.csv
insp,019,2026-06-02,2026-06-02,deaths_in_facility,province,Democratic Republic of the Congo,Ituri,Ituri,8,patients,24h,FALSE,TRUE,high,"Indicateur,Ituri,Nord-Kivu,Sud-Kivu,Ensemble
Sorties (24h) Décédés (Suspects/Conf.),8,1,0,9",Institut National de Santé Publique,CC BY 4.0,data/csv/019_table_05_tableau_4_mouvement_des_patients_dans_le.csv
insp,019,2026-06-02,2026-06-02,deaths_in_facility,province,Democratic Republic of the Congo,Nord-Kivu,Nord-Kivu,1,patients,24h,FALSE,TRUE,high,"Indicateur,Ituri,Nord-Kivu,Sud-Kivu,Ensemble
Sorties (24h) Décédés (Suspects/Conf.),8,1,0,9",Institut National de Santé Publique,CC BY 4.0,data/csv/019_table_05_tableau_4_mouvement_des_patients_dans_le.csv
insp,019,2026-06-02,2026-06-02,deaths_in_facility,province,Democratic Republic of the Congo,Sud-Kivu,Sud-Kivu,0,patients,24h,FALSE,TRUE,high,"Indicateur,Ituri,Nord-Kivu,Sud-Kivu,Ensemble
Sorties (24h) Décédés (Suspects/Conf.),8,1,0,9",Institut National de Santé Publique,CC BY 4.0,data/csv/019_table_05_tableau_4_mouvement_des_patients_dans_le.csv
insp,019,2026-06-02,2026-06-02,escapes,national,Democratic Republic of the Congo,"",Ensemble,11,patients,24h,FALSE,TRUE,high,"Indicateur,Ituri,Nord-Kivu,Sud-Kivu,Ensemble
Sorties (24h) Évadés (Suspects/Conf.),11,0,0,11",Institut National de Santé Publique,CC BY 4.0,data/csv/019_table_05_tableau_4_mouvement_des_patients_dans_le.csv
insp,019,2026-06-02,2026-06-02,escapes,province,Democratic Republic of the Congo,Ituri,Ituri,11,patients,24h,FALSE,TRUE,high,"Indicateur,Ituri,Nord-Kivu,Sud-Kivu,Ensemble
Sorties (24h) Évadés (Suspects/Conf.),11,0,0,11",Institut National de Santé Publique,CC BY 4.0,data/csv/019_table_05_tableau_4_mouvement_des_patients_dans_le.csv
insp,019,2026-06-02,2026-06-02,escapes,province,Democratic Republic of the Congo,Nord-Kivu,Nord-Kivu,0,patients,24h,FALSE,TRUE,high,"Indicateur,Ituri,Nord-Kivu,Sud-Kivu,Ensemble
Sorties (24h) Évadés (Suspects/Conf.),11,0,0,11",Institut National de Santé Publique,CC BY 4.0,data/csv/019_table_05_tableau_4_mouvement_des_patients_dans_le.csv
insp,019,2026-06-02,2026-06-02,escapes,province,Democratic Republic of the Congo,Sud-Kivu,Sud-Kivu,0,patients,24h,FALSE,TRUE,high,"Indicateur,Ituri,Nord-Kivu,Sud-Kivu,Ensemble
Sorties (24h) Évadés (Suspects/Conf.),11,0,0,11",Institut National de Santé Publique,CC BY 4.0,data/csv/019_table_05_tableau_4_mouvement_des_patients_dans_le.csv
insp,019,2026-06-02,2026-06-02,patients_in_isolation,national,Democratic Republic of the Congo,"",Ensemble,206,patients,point,FALSE,TRUE,high,"Indicateur,Ituri,Nord-Kivu,Sud-Kivu,Ensemble
Patients en isolement (Fin J),192,8,6,206",Institut National de Santé Publique,CC BY 4.0,data/csv/019_table_05_tableau_4_mouvement_des_patients_dans_le.csv
insp,019,2026-06-02,2026-06-02,patients_in_isolation,province,Democratic Republic of the Congo,Ituri,Ituri,192,patients,point,FALSE,TRUE,high,"Indicateur,Ituri,Nord-Kivu,Sud-Kivu,Ensemble
Patients en isolement (Fin J),192,8,6,206",Institut National de Santé Publique,CC BY 4.0,data/csv/019_table_05_tableau_4_mouvement_des_patients_dans_le.csv
insp,019,2026-06-02,2026-06-02,patients_in_isolation,province,Democratic Republic of the Congo,Nord-Kivu,Nord-Kivu,8,patients,point,FALSE,TRUE,high,"Indicateur,Ituri,Nord-Kivu,Sud-Kivu,Ensemble
Patients en isolement (Fin J),192,8,6,206",Institut National de Santé Publique,CC BY 4.0,data/csv/019_table_05_tableau_4_mouvement_des_patients_dans_le.csv
insp,019,2026-06-02,2026-06-02,patients_in_isolation,province,Democratic Republic of the Congo,Sud-Kivu,Sud-Kivu,6,patients,point,FALSE,TRUE,high,"Indicateur,Ituri,Nord-Kivu,Sud-Kivu,Ensemble
Patients en isolement (Fin J),192,8,6,206",Institut National de Santé Publique,CC BY 4.0,data/csv/019_table_05_tableau_4_mouvement_des_patients_dans_le.csv
insp,020,2026-06-03,2026-06-03,admissions,national,Democratic Republic of the Congo,"",Ensemble,48,patients,24h,FALSE,TRUE,high,"Indicateur,Ituri,Nord-Kivu,Sud-Kivu,Ensemble
Total admissions (24h),47,1,0,48",Institut National de Santé Publique,CC BY 4.0,data/csv/020_table_05_tableau_4_mouvement_des_patients_dans_le.csv
insp,020,2026-06-03,2026-06-03,admissions,province,Democratic Republic of the Congo,Ituri,Ituri,47,patients,24h,FALSE,TRUE,high,"Indicateur,Ituri,Nord-Kivu,Sud-Kivu,Ensemble
Total admissions (24h),47,1,0,48",Institut National de Santé Publique,CC BY 4.0,data/csv/020_table_05_tableau_4_mouvement_des_patients_dans_le.csv
insp,020,2026-06-03,2026-06-03,admissions,province,Democratic Republic of the Congo,Nord-Kivu,Nord-Kivu,1,patients,24h,FALSE,TRUE,high,"Indicateur,Ituri,Nord-Kivu,Sud-Kivu,Ensemble
Total admissions (24h),47,1,0,48",Institut National de Santé Publique,CC BY 4.0,data/csv/020_table_05_tableau_4_mouvement_des_patients_dans_le.csv
insp,020,2026-06-03,2026-06-03,admissions,province,Democratic Republic of the Congo,Sud-Kivu,Sud-Kivu,0,patients,24h,FALSE,TRUE,high,"Indicateur,Ituri,Nord-Kivu,Sud-Kivu,Ensemble
Total admissions (24h),47,1,0,48",Institut National de Santé Publique,CC BY 4.0,data/csv/020_table_05_tableau_4_mouvement_des_patients_dans_le.csv
insp,021,2026-06-04,2026-06-03,beds_occupied,national,Democratic Republic of the Congo,"",Ensemble,233,beds,point,FALSE,TRUE,high,"Indicateur,Ituri,Nord-Kivu,Sud-Kivu,Ensemble
Patients au lit (J-1),219,8,6,233",Institut National de Santé Publique,CC BY 4.0,data/csv/021_table_05_tableau_4_mouvement_des_patients_dans_le.csv
insp,021,2026-06-04,2026-06-03,beds_occupied,province,Democratic Republic of the Congo,Ituri,Ituri,219,beds,point,FALSE,TRUE,high,"Indicateur,Ituri,Nord-Kivu,Sud-Kivu,Ensemble
Patients au lit (J-1),219,8,6,233",Institut National de Santé Publique,CC BY 4.0,data/csv/021_table_05_tableau_4_mouvement_des_patients_dans_le.csv
insp,021,2026-06-04,2026-06-03,beds_occupied,province,Democratic Republic of the Congo,Nord-Kivu,Nord-Kivu,8,beds,point,FALSE,TRUE,high,"Indicateur,Ituri,Nord-Kivu,Sud-Kivu,Ensemble
Patients au lit (J-1),219,8,6,233",Institut National de Santé Publique,CC BY 4.0,data/csv/021_table_05_tableau_4_mouvement_des_patients_dans_le.csv
insp,021,2026-06-04,2026-06-03,beds_occupied,province,Democratic Republic of the Congo,Sud-Kivu,Sud-Kivu,6,beds,point,FALSE,TRUE,high,"Indicateur,Ituri,Nord-Kivu,Sud-Kivu,Ensemble
Patients au lit (J-1),219,8,6,233",Institut National de Santé Publique,CC BY 4.0,data/csv/021_table_05_tableau_4_mouvement_des_patients_dans_le.csv
insp,020,2026-06-03,2026-06-03,deaths_in_facility,national,Democratic Republic of the Congo,"",Ensemble,11,patients,24h,FALSE,TRUE,high,"Indicateur,Ituri,Nord-Kivu,Sud-Kivu,Ensemble
Sorties (24h): Décédés,11,0,0,11",Institut National de Santé Publique,CC BY 4.0,data/csv/020_table_05_tableau_4_mouvement_des_patients_dans_le.csv
insp,020,2026-06-03,2026-06-03,deaths_in_facility,province,Democratic Republic of the Congo,Ituri,Ituri,11,patients,24h,FALSE,TRUE,high,"Indicateur,Ituri,Nord-Kivu,Sud-Kivu,Ensemble
Sorties (24h): Décédés,11,0,0,11",Institut National de Santé Publique,CC BY 4.0,data/csv/020_table_05_tableau_4_mouvement_des_patients_dans_le.csv
insp,020,2026-06-03,2026-06-03,deaths_in_facility,province,Democratic Republic of the Congo,Nord-Kivu,Nord-Kivu,0,patients,24h,FALSE,TRUE,high,"Indicateur,Ituri,Nord-Kivu,Sud-Kivu,Ensemble
Sorties (24h): Décédés,11,0,0,11",Institut National de Santé Publique,CC BY 4.0,data/csv/020_table_05_tableau_4_mouvement_des_patients_dans_le.csv
insp,020,2026-06-03,2026-06-03,deaths_in_facility,province,Democratic Republic of the Congo,Sud-Kivu,Sud-Kivu,0,patients,24h,FALSE,TRUE,high,"Indicateur,Ituri,Nord-Kivu,Sud-Kivu,Ensemble
Sorties (24h): Décédés,11,0,0,11",Institut National de Santé Publique,CC BY 4.0,data/csv/020_table_05_tableau_4_mouvement_des_patients_dans_le.csv
insp,020,2026-06-03,2026-06-03,discharges_recovered,national,Democratic Republic of the Congo,"",Ensemble,1,patients,24h,FALSE,TRUE,high,"Indicateur,Ituri,Nord-Kivu,Sud-Kivu,Ensemble
Sorties (24h): Guéris,0,1,0,1",Institut National de Santé Publique,CC BY 4.0,data/csv/020_table_05_tableau_4_mouvement_des_patients_dans_le.csv
insp,020,2026-06-03,2026-06-03,discharges_recovered,province,Democratic Republic of the Congo,Ituri,Ituri,0,patients,24h,FALSE,TRUE,high,"Indicateur,Ituri,Nord-Kivu,Sud-Kivu,Ensemble
Sorties (24h): Guéris,0,1,0,1",Institut National de Santé Publique,CC BY 4.0,data/csv/020_table_05_tableau_4_mouvement_des_patients_dans_le.csv
insp,020,2026-06-03,2026-06-03,discharges_recovered,province,Democratic Republic of the Congo,Nord-Kivu,Nord-Kivu,1,patients,24h,FALSE,TRUE,high,"Indicateur,Ituri,Nord-Kivu,Sud-Kivu,Ensemble
Sorties (24h): Guéris,0,1,0,1",Institut National de Santé Publique,CC BY 4.0,data/csv/020_table_05_tableau_4_mouvement_des_patients_dans_le.csv
insp,020,2026-06-03,2026-06-03,discharges_recovered,province,Democratic Republic of the Congo,Sud-Kivu,Sud-Kivu,0,patients,24h,FALSE,TRUE,high,"Indicateur,Ituri,Nord-Kivu,Sud-Kivu,Ensemble
Sorties (24h): Guéris,0,1,0,1",Institut National de Santé Publique,CC BY 4.0,data/csv/020_table_05_tableau_4_mouvement_des_patients_dans_le.csv
insp,020,2026-06-03,2026-06-03,escapes,national,Democratic Republic of the Congo,"",Ensemble,20,patients,24h,FALSE,TRUE,high,"Indicateur,Ituri,Nord-Kivu,Sud-Kivu,Ensemble
Sorties (24h): Évadés,19,0,1,20",Institut National de Santé Publique,CC BY 4.0,data/csv/020_table_05_tableau_4_mouvement_des_patients_dans_le.csv
insp,020,2026-06-03,2026-06-03,escapes,province,Democratic Republic of the Congo,Ituri,Ituri,19,patients,24h,FALSE,TRUE,high,"Indicateur,Ituri,Nord-Kivu,Sud-Kivu,Ensemble
Sorties (24h): Évadés,19,0,1,20",Institut National de Santé Publique,CC BY 4.0,data/csv/020_table_05_tableau_4_mouvement_des_patients_dans_le.csv
insp,020,2026-06-03,2026-06-03,escapes,province,Democratic Republic of the Congo,Nord-Kivu,Nord-Kivu,0,patients,24h,FALSE,TRUE,high,"Indicateur,Ituri,Nord-Kivu,Sud-Kivu,Ensemble
Sorties (24h): Évadés,19,0,1,20",Institut National de Santé Publique,CC BY 4.0,data/csv/020_table_05_tableau_4_mouvement_des_patients_dans_le.csv
insp,020,2026-06-03,2026-06-03,escapes,province,Democratic Republic of the Congo,Sud-Kivu,Sud-Kivu,1,patients,24h,FALSE,TRUE,high,"Indicateur,Ituri,Nord-Kivu,Sud-Kivu,Ensemble
Sorties (24h): Évadés,19,0,1,20",Institut National de Santé Publique,CC BY 4.0,data/csv/020_table_05_tableau_4_mouvement_des_patients_dans_le.csv
insp,020,2026-06-03,2026-06-03,patients_in_isolation,national,Democratic Republic of the Congo,"",Ensemble,233,patients,point,FALSE,TRUE,high,"Indicateur,Ituri,Nord-Kivu,Sud-Kivu,Ensemble
Patients en isolement (Fin J),220,8,5,233",Institut National de Santé Publique,CC BY 4.0,data/csv/020_table_05_tableau_4_mouvement_des_patients_dans_le.csv
insp,020,2026-06-03,2026-06-03,patients_in_isolation,province,Democratic Republic of the Congo,Ituri,Ituri,220,patients,point,FALSE,TRUE,high,"Indicateur,Ituri,Nord-Kivu,Sud-Kivu,Ensemble
Patients en isolement (Fin J),220,8,5,233",Institut National de Santé Publique,CC BY 4.0,data/csv/020_table_05_tableau_4_mouvement_des_patients_dans_le.csv
insp,020,2026-06-03,2026-06-03,patients_in_isolation,province,Democratic Republic of the Congo,Nord-Kivu,Nord-Kivu,8,patients,point,FALSE,TRUE,high,"Indicateur,Ituri,Nord-Kivu,Sud-Kivu,Ensemble
Patients en isolement (Fin J),220,8,5,233",Institut National de Santé Publique,CC BY 4.0,data/csv/020_table_05_tableau_4_mouvement_des_patients_dans_le.csv
insp,020,2026-06-03,2026-06-03,patients_in_isolation,province,Democratic Republic of the Congo,Sud-Kivu,Sud-Kivu,5,patients,point,FALSE,TRUE,high,"Indicateur,Ituri,Nord-Kivu,Sud-Kivu,Ensemble
Patients en isolement (Fin J),220,8,5,233",Institut National de Santé Publique,CC BY 4.0,data/csv/020_table_05_tableau_4_mouvement_des_patients_dans_le.csv
insp,021,2026-06-04,2026-06-04,admissions,national,Democratic Republic of the Congo,"",Ensemble,62,patients,24h,FALSE,TRUE,high,"Indicateur,Ituri,Nord-Kivu,Sud-Kivu,Ensemble
Total admissions (24h),61,1,0,62",Institut National de Santé Publique,CC BY 4.0,data/csv/021_table_05_tableau_4_mouvement_des_patients_dans_le.csv
insp,021,2026-06-04,2026-06-04,admissions,province,Democratic Republic of the Congo,Ituri,Ituri,61,patients,24h,FALSE,TRUE,high,"Indicateur,Ituri,Nord-Kivu,Sud-Kivu,Ensemble
Total admissions (24h),61,1,0,62",Institut National de Santé Publique,CC BY 4.0,data/csv/021_table_05_tableau_4_mouvement_des_patients_dans_le.csv
insp,021,2026-06-04,2026-06-04,admissions,province,Democratic Republic of the Congo,Nord-Kivu,Nord-Kivu,1,patients,24h,FALSE,TRUE,high,"Indicateur,Ituri,Nord-Kivu,Sud-Kivu,Ensemble
Total admissions (24h),61,1,0,62",Institut National de Santé Publique,CC BY 4.0,data/csv/021_table_05_tableau_4_mouvement_des_patients_dans_le.csv
insp,021,2026-06-04,2026-06-04,admissions,province,Democratic Republic of the Congo,Sud-Kivu,Sud-Kivu,0,patients,24h,FALSE,TRUE,high,"Indicateur,Ituri,Nord-Kivu,Sud-Kivu,Ensemble
Total admissions (24h),61,1,0,62",Institut National de Santé Publique,CC BY 4.0,data/csv/021_table_05_tableau_4_mouvement_des_patients_dans_le.csv
insp,022,2026-06-05,2026-06-04,beds_occupied,national,Democratic Republic of the Congo,"",Ensemble,251,beds,point,FALSE,TRUE,high,"Indicateur,Ituri,Nord-Kivu,Sud-Kivu,Ensemble
Patients au lit (J-1),236,8,7,251",Institut National de Santé Publique,CC BY 4.0,data/csv/022_table_06_tableau_4_mouvement_des_patients_dans_le.csv
insp,022,2026-06-05,2026-06-04,beds_occupied,province,Democratic Republic of the Congo,Ituri,Ituri,236,beds,point,FALSE,TRUE,high,"Indicateur,Ituri,Nord-Kivu,Sud-Kivu,Ensemble
Patients au lit (J-1),236,8,7,251",Institut National de Santé Publique,CC BY 4.0,data/csv/022_table_06_tableau_4_mouvement_des_patients_dans_le.csv
insp,022,2026-06-05,2026-06-04,beds_occupied,province,Democratic Republic of the Congo,Nord-Kivu,Nord-Kivu,8,beds,point,FALSE,TRUE,high,"Indicateur,Ituri,Nord-Kivu,Sud-Kivu,Ensemble
Patients au lit (J-1),236,8,7,251",Institut National de Santé Publique,CC BY 4.0,data/csv/022_table_06_tableau_4_mouvement_des_patients_dans_le.csv
insp,022,2026-06-05,2026-06-04,beds_occupied,province,Democratic Republic of the Congo,Sud-Kivu,Sud-Kivu,7,beds,point,FALSE,TRUE,high,"Indicateur,Ituri,Nord-Kivu,Sud-Kivu,Ensemble
Patients au lit (J-1),236,8,7,251",Institut National de Santé Publique,CC BY 4.0,data/csv/022_table_06_tableau_4_mouvement_des_patients_dans_le.csv
insp,021,2026-06-04,2026-06-04,deaths_in_facility,national,Democratic Republic of the Congo,"",Ensemble,6,patients,24h,FALSE,TRUE,high,"Indicateur,Ituri,Nord-Kivu,Sud-Kivu,Ensemble
Sorties (24h) Décédés (Suspects/Conf.),6,0,0,6",Institut National de Santé Publique,CC BY 4.0,data/csv/021_table_05_tableau_4_mouvement_des_patients_dans_le.csv
insp,021,2026-06-04,2026-06-04,deaths_in_facility,province,Democratic Republic of the Congo,Ituri,Ituri,6,patients,24h,FALSE,TRUE,high,"Indicateur,Ituri,Nord-Kivu,Sud-Kivu,Ensemble
Sorties (24h) Décédés (Suspects/Conf.),6,0,0,6",Institut National de Santé Publique,CC BY 4.0,data/csv/021_table_05_tableau_4_mouvement_des_patients_dans_le.csv
insp,021,2026-06-04,2026-06-04,deaths_in_facility,province,Democratic Republic of the Congo,Nord-Kivu,Nord-Kivu,0,patients,24h,FALSE,TRUE,high,"Indicateur,Ituri,Nord-Kivu,Sud-Kivu,Ensemble
Sorties (24h) Décédés (Suspects/Conf.),6,0,0,6",Institut National de Santé Publique,CC BY 4.0,data/csv/021_table_05_tableau_4_mouvement_des_patients_dans_le.csv
insp,021,2026-06-04,2026-06-04,deaths_in_facility,province,Democratic Republic of the Congo,Sud-Kivu,Sud-Kivu,0,patients,24h,FALSE,TRUE,high,"Indicateur,Ituri,Nord-Kivu,Sud-Kivu,Ensemble
Sorties (24h) Décédés (Suspects/Conf.),6,0,0,6",Institut National de Santé Publique,CC BY 4.0,data/csv/021_table_05_tableau_4_mouvement_des_patients_dans_le.csv
insp,021,2026-06-04,2026-06-04,escapes,national,Democratic Republic of the Congo,"",Ensemble,14,patients,24h,FALSE,TRUE,high,"Indicateur,Ituri,Nord-Kivu,Sud-Kivu,Ensemble
Sorties (24h) Évadés (Suspects/Conf.),14,0,0,14",Institut National de Santé Publique,CC BY 4.0,data/csv/021_table_05_tableau_4_mouvement_des_patients_dans_le.csv
insp,021,2026-06-04,2026-06-04,escapes,province,Democratic Republic of the Congo,Ituri,Ituri,14,patients,24h,FALSE,TRUE,high,"Indicateur,Ituri,Nord-Kivu,Sud-Kivu,Ensemble
Sorties (24h) Évadés (Suspects/Conf.),14,0,0,14",Institut National de Santé Publique,CC BY 4.0,data/csv/021_table_05_tableau_4_mouvement_des_patients_dans_le.csv
insp,021,2026-06-04,2026-06-04,escapes,province,Democratic Republic of the Congo,Nord-Kivu,Nord-Kivu,0,patients,24h,FALSE,TRUE,high,"Indicateur,Ituri,Nord-Kivu,Sud-Kivu,Ensemble
Sorties (24h) Évadés (Suspects/Conf.),14,0,0,14",Institut National de Santé Publique,CC BY 4.0,data/csv/021_table_05_tableau_4_mouvement_des_patients_dans_le.csv
insp,021,2026-06-04,2026-06-04,escapes,province,Democratic Republic of the Congo,Sud-Kivu,Sud-Kivu,0,patients,24h,FALSE,TRUE,high,"Indicateur,Ituri,Nord-Kivu,Sud-Kivu,Ensemble
Sorties (24h) Évadés (Suspects/Conf.),14,0,0,14",Institut National de Santé Publique,CC BY 4.0,data/csv/021_table_05_tableau_4_mouvement_des_patients_dans_le.csv
insp,021,2026-06-04,2026-06-04,patients_in_isolation,national,Democratic Republic of the Congo,"",Ensemble,258,patients,point,FALSE,TRUE,high,"Indicateur,Ituri,Nord-Kivu,Sud-Kivu,Ensemble
Patients en isolement (Fin J),243,9,6,258",Institut National de Santé Publique,CC BY 4.0,data/csv/021_table_05_tableau_4_mouvement_des_patients_dans_le.csv
insp,021,2026-06-04,2026-06-04,patients_in_isolation,province,Democratic Republic of the Congo,Ituri,Ituri,243,patients,point,FALSE,TRUE,high,"Indicateur,Ituri,Nord-Kivu,Sud-Kivu,Ensemble
Patients en isolement (Fin J),243,9,6,258",Institut National de Santé Publique,CC BY 4.0,data/csv/021_table_05_tableau_4_mouvement_des_patients_dans_le.csv
insp,021,2026-06-04,2026-06-04,patients_in_isolation,province,Democratic Republic of the Congo,Nord-Kivu,Nord-Kivu,9,patients,point,FALSE,TRUE,high,"Indicateur,Ituri,Nord-Kivu,Sud-Kivu,Ensemble
Patients en isolement (Fin J),243,9,6,258",Institut National de Santé Publique,CC BY 4.0,data/csv/021_table_05_tableau_4_mouvement_des_patients_dans_le.csv
insp,021,2026-06-04,2026-06-04,patients_in_isolation,province,Democratic Republic of the Congo,Sud-Kivu,Sud-Kivu,6,patients,point,FALSE,TRUE,high,"Indicateur,Ituri,Nord-Kivu,Sud-Kivu,Ensemble
Patients en isolement (Fin J),243,9,6,258",Institut National de Santé Publique,CC BY 4.0,data/csv/021_table_05_tableau_4_mouvement_des_patients_dans_le.csv
insp,022,2026-06-05,2026-06-05,admissions,national,Democratic Republic of the Congo,"",Ensemble,38,patients,24h,FALSE,TRUE,high,"Indicateur,Ituri,Nord-Kivu,Sud-Kivu,Ensemble
Total admissions (24h),37,1,0,38",Institut National de Santé Publique,CC BY 4.0,data/csv/022_table_06_tableau_4_mouvement_des_patients_dans_le.csv
insp,022,2026-06-05,2026-06-05,admissions,province,Democratic Republic of the Congo,Ituri,Ituri,37,patients,24h,FALSE,TRUE,high,"Indicateur,Ituri,Nord-Kivu,Sud-Kivu,Ensemble
Total admissions (24h),37,1,0,38",Institut National de Santé Publique,CC BY 4.0,data/csv/022_table_06_tableau_4_mouvement_des_patients_dans_le.csv
insp,022,2026-06-05,2026-06-05,admissions,province,Democratic Republic of the Congo,Nord-Kivu,Nord-Kivu,1,patients,24h,FALSE,TRUE,high,"Indicateur,Ituri,Nord-Kivu,Sud-Kivu,Ensemble
Total admissions (24h),37,1,0,38",Institut National de Santé Publique,CC BY 4.0,data/csv/022_table_06_tableau_4_mouvement_des_patients_dans_le.csv
insp,022,2026-06-05,2026-06-05,admissions,province,Democratic Republic of the Congo,Sud-Kivu,Sud-Kivu,0,patients,24h,FALSE,TRUE,high,"Indicateur,Ituri,Nord-Kivu,Sud-Kivu,Ensemble
Total admissions (24h),37,1,0,38",Institut National de Santé Publique,CC BY 4.0,data/csv/022_table_06_tableau_4_mouvement_des_patients_dans_le.csv
insp,023,2026-06-06,2026-06-05,beds_occupied,national,Democratic Republic of the Congo,"",Ensemble,280,beds,point,FALSE,TRUE,high,"Indicateur,Ituri,Nord-Kivu,Sud-Kivu,Ensemble
Patients au lit (J-1),257,16,7,280",Institut National de Santé Publique,CC BY 4.0,data/csv/023_table_06_tableau_4_mouvement_des_patients_dans_le.csv
insp,023,2026-06-06,2026-06-05,beds_occupied,province,Democratic Republic of the Congo,Ituri,Ituri,257,beds,point,FALSE,TRUE,high,"Indicateur,Ituri,Nord-Kivu,Sud-Kivu,Ensemble
Patients au lit (J-1),257,16,7,280",Institut National de Santé Publique,CC BY 4.0,data/csv/023_table_06_tableau_4_mouvement_des_patients_dans_le.csv
insp,023,2026-06-06,2026-06-05,beds_occupied,province,Democratic Republic of the Congo,Nord-Kivu,Nord-Kivu,16,beds,point,FALSE,TRUE,high,"Indicateur,Ituri,Nord-Kivu,Sud-Kivu,Ensemble
Patients au lit (J-1),257,16,7,280",Institut National de Santé Publique,CC BY 4.0,data/csv/023_table_06_tableau_4_mouvement_des_patients_dans_le.csv
insp,023,2026-06-06,2026-06-05,beds_occupied,province,Democratic Republic of the Congo,Sud-Kivu,Sud-Kivu,7,beds,point,FALSE,TRUE,high,"Indicateur,Ituri,Nord-Kivu,Sud-Kivu,Ensemble
Patients au lit (J-1),257,16,7,280",Institut National de Santé Publique,CC BY 4.0,data/csv/023_table_06_tableau_4_mouvement_des_patients_dans_le.csv
insp,022,2026-06-05,2026-06-05,deaths_in_facility,national,Democratic Republic of the Congo,"",Ensemble,7,patients,24h,FALSE,TRUE,high,"Indicateur,Ituri,Nord-Kivu,Sud-Kivu,Ensemble
Sorties (24h) Décédés (Suspects/Conf.),7,0,0,7",Institut National de Santé Publique,CC BY 4.0,data/csv/022_table_06_tableau_4_mouvement_des_patients_dans_le.csv
insp,022,2026-06-05,2026-06-05,deaths_in_facility,province,Democratic Republic of the Congo,Ituri,Ituri,7,patients,24h,FALSE,TRUE,high,"Indicateur,Ituri,Nord-Kivu,Sud-Kivu,Ensemble
Sorties (24h) Décédés (Suspects/Conf.),7,0,0,7",Institut National de Santé Publique,CC BY 4.0,data/csv/022_table_06_tableau_4_mouvement_des_patients_dans_le.csv
insp,022,2026-06-05,2026-06-05,deaths_in_facility,province,Democratic Republic of the Congo,Nord-Kivu,Nord-Kivu,0,patients,24h,FALSE,TRUE,high,"Indicateur,Ituri,Nord-Kivu,Sud-Kivu,Ensemble
Sorties (24h) Décédés (Suspects/Conf.),7,0,0,7",Institut National de Santé Publique,CC BY 4.0,data/csv/022_table_06_tableau_4_mouvement_des_patients_dans_le.csv
insp,022,2026-06-05,2026-06-05,deaths_in_facility,province,Democratic Republic of the Congo,Sud-Kivu,Sud-Kivu,0,patients,24h,FALSE,TRUE,high,"Indicateur,Ituri,Nord-Kivu,Sud-Kivu,Ensemble
Sorties (24h) Décédés (Suspects/Conf.),7,0,0,7",Institut National de Santé Publique,CC BY 4.0,data/csv/022_table_06_tableau_4_mouvement_des_patients_dans_le.csv
insp,022,2026-06-05,2026-06-05,escapes,national,Democratic Republic of the Congo,"",Ensemble,10,patients,24h,FALSE,TRUE,high,"Indicateur,Ituri,Nord-Kivu,Sud-Kivu,Ensemble
Sorties (24h) Évadés (Suspects/Conf.),10,0,0,10",Institut National de Santé Publique,CC BY 4.0,data/csv/022_table_06_tableau_4_mouvement_des_patients_dans_le.csv
insp,022,2026-06-05,2026-06-05,escapes,province,Democratic Republic of the Congo,Ituri,Ituri,10,patients,24h,FALSE,TRUE,high,"Indicateur,Ituri,Nord-Kivu,Sud-Kivu,Ensemble
Sorties (24h) Évadés (Suspects/Conf.),10,0,0,10",Institut National de Santé Publique,CC BY 4.0,data/csv/022_table_06_tableau_4_mouvement_des_patients_dans_le.csv
insp,022,2026-06-05,2026-06-05,escapes,province,Democratic Republic of the Congo,Nord-Kivu,Nord-Kivu,0,patients,24h,FALSE,TRUE,high,"Indicateur,Ituri,Nord-Kivu,Sud-Kivu,Ensemble
Sorties (24h) Évadés (Suspects/Conf.),10,0,0,10",Institut National de Santé Publique,CC BY 4.0,data/csv/022_table_06_tableau_4_mouvement_des_patients_dans_le.csv
insp,022,2026-06-05,2026-06-05,escapes,province,Democratic Republic of the Congo,Sud-Kivu,Sud-Kivu,0,patients,24h,FALSE,TRUE,high,"Indicateur,Ituri,Nord-Kivu,Sud-Kivu,Ensemble
Sorties (24h) Évadés (Suspects/Conf.),10,0,0,10",Institut National de Santé Publique,CC BY 4.0,data/csv/022_table_06_tableau_4_mouvement_des_patients_dans_le.csv
insp,022,2026-06-05,2026-06-05,patients_in_isolation,national,Democratic Republic of the Congo,"",Ensemble,267,patients,point,FALSE,TRUE,high,"Indicateur,Ituri,Nord-Kivu,Sud-Kivu,Ensemble
Patients en isolement (Fin J),251,9,7,267",Institut National de Santé Publique,CC BY 4.0,data/csv/022_table_06_tableau_4_mouvement_des_patients_dans_le.csv
insp,022,2026-06-05,2026-06-05,patients_in_isolation,province,Democratic Republic of the Congo,Ituri,Ituri,251,patients,point,FALSE,TRUE,high,"Indicateur,Ituri,Nord-Kivu,Sud-Kivu,Ensemble
Patients en isolement (Fin J),251,9,7,267",Institut National de Santé Publique,CC BY 4.0,data/csv/022_table_06_tableau_4_mouvement_des_patients_dans_le.csv
insp,022,2026-06-05,2026-06-05,patients_in_isolation,province,Democratic Republic of the Congo,Nord-Kivu,Nord-Kivu,9,patients,point,FALSE,TRUE,high,"Indicateur,Ituri,Nord-Kivu,Sud-Kivu,Ensemble
Patients en isolement (Fin J),251,9,7,267",Institut National de Santé Publique,CC BY 4.0,data/csv/022_table_06_tableau_4_mouvement_des_patients_dans_le.csv
insp,022,2026-06-05,2026-06-05,patients_in_isolation,province,Democratic Republic of the Congo,Sud-Kivu,Sud-Kivu,7,patients,point,FALSE,TRUE,high,"Indicateur,Ituri,Nord-Kivu,Sud-Kivu,Ensemble
Patients en isolement (Fin J),251,9,7,267",Institut National de Santé Publique,CC BY 4.0,data/csv/022_table_06_tableau_4_mouvement_des_patients_dans_le.csv
insp,023,2026-06-06,2026-06-06,admissions,national,Democratic Republic of the Congo,"",Ensemble,30,patients,24h,FALSE,TRUE,high,"Indicateur,Ituri,Nord-Kivu,Sud-Kivu,Ensemble
Total admissions (24h),29,1,0,30",Institut National de Santé Publique,CC BY 4.0,data/csv/023_table_06_tableau_4_mouvement_des_patients_dans_le.csv
insp,023,2026-06-06,2026-06-06,admissions,province,Democratic Republic of the Congo,Ituri,Ituri,29,patients,24h,FALSE,TRUE,high,"Indicateur,Ituri,Nord-Kivu,Sud-Kivu,Ensemble
Total admissions (24h),29,1,0,30",Institut National de Santé Publique,CC BY 4.0,data/csv/023_table_06_tableau_4_mouvement_des_patients_dans_le.csv
insp,023,2026-06-06,2026-06-06,admissions,province,Democratic Republic of the Congo,Nord-Kivu,Nord-Kivu,1,patients,24h,FALSE,TRUE,high,"Indicateur,Ituri,Nord-Kivu,Sud-Kivu,Ensemble
Total admissions (24h),29,1,0,30",Institut National de Santé Publique,CC BY 4.0,data/csv/023_table_06_tableau_4_mouvement_des_patients_dans_le.csv
insp,023,2026-06-06,2026-06-06,admissions,province,Democratic Republic of the Congo,Sud-Kivu,Sud-Kivu,0,patients,24h,FALSE,TRUE,high,"Indicateur,Ituri,Nord-Kivu,Sud-Kivu,Ensemble
Total admissions (24h),29,1,0,30",Institut National de Santé Publique,CC BY 4.0,data/csv/023_table_06_tableau_4_mouvement_des_patients_dans_le.csv
insp,024,2026-06-07,2026-06-06,beds_occupied,national,Democratic Republic of the Congo,"",Ensemble,283,beds,point,FALSE,TRUE,high,"Indicateur,Ituri,Nord-Kivu,Sud-Kivu,Ensemble
Patients au lit (J-1),260,16,7,283",Institut National de Santé Publique,CC BY 4.0,data/csv/024_table_06_tableau_5_mouvement_des_patients_dans_le.csv
insp,024,2026-06-07,2026-06-06,beds_occupied,province,Democratic Republic of the Congo,Ituri,Ituri,260,beds,point,FALSE,TRUE,high,"Indicateur,Ituri,Nord-Kivu,Sud-Kivu,Ensemble
Patients au lit (J-1),260,16,7,283",Institut National de Santé Publique,CC BY 4.0,data/csv/024_table_06_tableau_5_mouvement_des_patients_dans_le.csv
insp,024,2026-06-07,2026-06-06,beds_occupied,province,Democratic Republic of the Congo,Nord-Kivu,Nord-Kivu,16,beds,point,FALSE,TRUE,high,"Indicateur,Ituri,Nord-Kivu,Sud-Kivu,Ensemble
Patients au lit (J-1),260,16,7,283",Institut National de Santé Publique,CC BY 4.0,data/csv/024_table_06_tableau_5_mouvement_des_patients_dans_le.csv
insp,024,2026-06-07,2026-06-06,beds_occupied,province,Democratic Republic of the Congo,Sud-Kivu,Sud-Kivu,7,beds,point,FALSE,TRUE,high,"Indicateur,Ituri,Nord-Kivu,Sud-Kivu,Ensemble
Patients au lit (J-1),260,16,7,283",Institut National de Santé Publique,CC BY 4.0,data/csv/024_table_06_tableau_5_mouvement_des_patients_dans_le.csv
insp,023,2026-06-06,2026-06-06,deaths_in_facility,national,Democratic Republic of the Congo,"",Ensemble,7,patients,24h,FALSE,TRUE,high,"Indicateur,Ituri,Nord-Kivu,Sud-Kivu,Ensemble
Sorties (24h) Décédés (Suspects/Conf.),7,0,0,7",Institut National de Santé Publique,CC BY 4.0,data/csv/023_table_06_tableau_4_mouvement_des_patients_dans_le.csv
insp,023,2026-06-06,2026-06-06,deaths_in_facility,province,Democratic Republic of the Congo,Ituri,Ituri,7,patients,24h,FALSE,TRUE,high,"Indicateur,Ituri,Nord-Kivu,Sud-Kivu,Ensemble
Sorties (24h) Décédés (Suspects/Conf.),7,0,0,7",Institut National de Santé Publique,CC BY 4.0,data/csv/023_table_06_tableau_4_mouvement_des_patients_dans_le.csv
insp,023,2026-06-06,2026-06-06,deaths_in_facility,province,Democratic Republic of the Congo,Nord-Kivu,Nord-Kivu,0,patients,24h,FALSE,TRUE,high,"Indicateur,Ituri,Nord-Kivu,Sud-Kivu,Ensemble
Sorties (24h) Décédés (Suspects/Conf.),7,0,0,7",Institut National de Santé Publique,CC BY 4.0,data/csv/023_table_06_tableau_4_mouvement_des_patients_dans_le.csv
insp,023,2026-06-06,2026-06-06,deaths_in_facility,province,Democratic Republic of the Congo,Sud-Kivu,Sud-Kivu,0,patients,24h,FALSE,TRUE,high,"Indicateur,Ituri,Nord-Kivu,Sud-Kivu,Ensemble
Sorties (24h) Décédés (Suspects/Conf.),7,0,0,7",Institut National de Santé Publique,CC BY 4.0,data/csv/023_table_06_tableau_4_mouvement_des_patients_dans_le.csv
insp,023,2026-06-06,2026-06-06,escapes,national,Democratic Republic of the Congo,"",Ensemble,6,patients,24h,FALSE,TRUE,high,"Indicateur,Ituri,Nord-Kivu,Sud-Kivu,Ensemble
Sorties (24h) Évadés (Suspects/Conf.),6,0,0,6",Institut National de Santé Publique,CC BY 4.0,data/csv/023_table_06_tableau_4_mouvement_des_patients_dans_le.csv
insp,023,2026-06-06,2026-06-06,escapes,province,Democratic Republic of the Congo,Ituri,Ituri,6,patients,24h,FALSE,TRUE,high,"Indicateur,Ituri,Nord-Kivu,Sud-Kivu,Ensemble
Sorties (24h) Évadés (Suspects/Conf.),6,0,0,6",Institut National de Santé Publique,CC BY 4.0,data/csv/023_table_06_tableau_4_mouvement_des_patients_dans_le.csv
insp,023,2026-06-06,2026-06-06,escapes,province,Democratic Republic of the Congo,Nord-Kivu,Nord-Kivu,0,patients,24h,FALSE,TRUE,high,"Indicateur,Ituri,Nord-Kivu,Sud-Kivu,Ensemble
Sorties (24h) Évadés (Suspects/Conf.),6,0,0,6",Institut National de Santé Publique,CC BY 4.0,data/csv/023_table_06_tableau_4_mouvement_des_patients_dans_le.csv
insp,023,2026-06-06,2026-06-06,escapes,province,Democratic Republic of the Congo,Sud-Kivu,Sud-Kivu,0,patients,24h,FALSE,TRUE,high,"Indicateur,Ituri,Nord-Kivu,Sud-Kivu,Ensemble
Sorties (24h) Évadés (Suspects/Conf.),6,0,0,6",Institut National de Santé Publique,CC BY 4.0,data/csv/023_table_06_tableau_4_mouvement_des_patients_dans_le.csv
insp,023,2026-06-06,2026-06-06,patients_in_isolation,national,Democratic Republic of the Congo,"",Ensemble,283,patients,point,FALSE,TRUE,high,"Indicateur,Ituri,Nord-Kivu,Sud-Kivu,Ensemble
Patients en isolement (Fin J),260,16,7,283",Institut National de Santé Publique,CC BY 4.0,data/csv/023_table_06_tableau_4_mouvement_des_patients_dans_le.csv
insp,023,2026-06-06,2026-06-06,patients_in_isolation,province,Democratic Republic of the Congo,Ituri,Ituri,260,patients,point,FALSE,TRUE,high,"Indicateur,Ituri,Nord-Kivu,Sud-Kivu,Ensemble
Patients en isolement (Fin J),260,16,7,283",Institut National de Santé Publique,CC BY 4.0,data/csv/023_table_06_tableau_4_mouvement_des_patients_dans_le.csv
insp,023,2026-06-06,2026-06-06,patients_in_isolation,province,Democratic Republic of the Congo,Nord-Kivu,Nord-Kivu,16,patients,point,FALSE,TRUE,high,"Indicateur,Ituri,Nord-Kivu,Sud-Kivu,Ensemble
Patients en isolement (Fin J),260,16,7,283",Institut National de Santé Publique,CC BY 4.0,data/csv/023_table_06_tableau_4_mouvement_des_patients_dans_le.csv
insp,023,2026-06-06,2026-06-06,patients_in_isolation,province,Democratic Republic of the Congo,Sud-Kivu,Sud-Kivu,7,patients,point,FALSE,TRUE,high,"Indicateur,Ituri,Nord-Kivu,Sud-Kivu,Ensemble
Patients en isolement (Fin J),260,16,7,283",Institut National de Santé Publique,CC BY 4.0,data/csv/023_table_06_tableau_4_mouvement_des_patients_dans_le.csv
insp,024,2026-06-07,2026-06-07,admissions,national,Democratic Republic of the Congo,"",Ensemble,61,patients,24h,FALSE,TRUE,high,"Indicateur,Ituri,Nord-Kivu,Sud-Kivu,Ensemble
Total admissions (24h),55,6,0,61",Institut National de Santé Publique,CC BY 4.0,data/csv/024_table_06_tableau_5_mouvement_des_patients_dans_le.csv
insp,024,2026-06-07,2026-06-07,admissions,province,Democratic Republic of the Congo,Ituri,Ituri,55,patients,24h,FALSE,TRUE,high,"Indicateur,Ituri,Nord-Kivu,Sud-Kivu,Ensemble
Total admissions (24h),55,6,0,61",Institut National de Santé Publique,CC BY 4.0,data/csv/024_table_06_tableau_5_mouvement_des_patients_dans_le.csv
insp,024,2026-06-07,2026-06-07,admissions,province,Democratic Republic of the Congo,Nord-Kivu,Nord-Kivu,6,patients,24h,FALSE,TRUE,high,"Indicateur,Ituri,Nord-Kivu,Sud-Kivu,Ensemble
Total admissions (24h),55,6,0,61",Institut National de Santé Publique,CC BY 4.0,data/csv/024_table_06_tableau_5_mouvement_des_patients_dans_le.csv
insp,024,2026-06-07,2026-06-07,admissions,province,Democratic Republic of the Congo,Sud-Kivu,Sud-Kivu,0,patients,24h,FALSE,TRUE,high,"Indicateur,Ituri,Nord-Kivu,Sud-Kivu,Ensemble
Total admissions (24h),55,6,0,61",Institut National de Santé Publique,CC BY 4.0,data/csv/024_table_06_tableau_5_mouvement_des_patients_dans_le.csv
insp,025,2026-06-08,2026-06-07,beds_occupied,national,Democratic Republic of the Congo,"",Ensemble,310,beds,point,FALSE,TRUE,high,"Indicateur,Ituri,Nord-Kivu,Sud-Kivu,Ensemble
Patients au lit (J-1),286,17,7,310",Institut National de Santé Publique,CC BY 4.0,data/csv/025_table_06_tableau_5_mouvement_des_patients_dans_le.csv
insp,025,2026-06-08,2026-06-07,beds_occupied,province,Democratic Republic of the Congo,Ituri,Ituri,286,beds,point,FALSE,TRUE,high,"Indicateur,Ituri,Nord-Kivu,Sud-Kivu,Ensemble
Patients au lit (J-1),286,17,7,310",Institut National de Santé Publique,CC BY 4.0,data/csv/025_table_06_tableau_5_mouvement_des_patients_dans_le.csv
insp,025,2026-06-08,2026-06-07,beds_occupied,province,Democratic Republic of the Congo,Nord-Kivu,Nord-Kivu,17,beds,point,FALSE,TRUE,high,"Indicateur,Ituri,Nord-Kivu,Sud-Kivu,Ensemble
Patients au lit (J-1),286,17,7,310",Institut National de Santé Publique,CC BY 4.0,data/csv/025_table_06_tableau_5_mouvement_des_patients_dans_le.csv
insp,025,2026-06-08,2026-06-07,beds_occupied,province,Democratic Republic of the Congo,Sud-Kivu,Sud-Kivu,7,beds,point,FALSE,TRUE,high,"Indicateur,Ituri,Nord-Kivu,Sud-Kivu,Ensemble
Patients au lit (J-1),286,17,7,310",Institut National de Santé Publique,CC BY 4.0,data/csv/025_table_06_tableau_5_mouvement_des_patients_dans_le.csv
insp,024,2026-06-07,2026-06-07,deaths_in_facility,national,Democratic Republic of the Congo,"",Ensemble,13,patients,24h,FALSE,TRUE,high,"Indicateur,Ituri,Nord-Kivu,Sud-Kivu,Ensemble
Sorties (24h) Décédés (Suspects/Conf.),9,4,0,13",Institut National de Santé Publique,CC BY 4.0,data/csv/024_table_06_tableau_5_mouvement_des_patients_dans_le.csv
insp,024,2026-06-07,2026-06-07,deaths_in_facility,province,Democratic Republic of the Congo,Ituri,Ituri,9,patients,24h,FALSE,TRUE,high,"Indicateur,Ituri,Nord-Kivu,Sud-Kivu,Ensemble
Sorties (24h) Décédés (Suspects/Conf.),9,4,0,13",Institut National de Santé Publique,CC BY 4.0,data/csv/024_table_06_tableau_5_mouvement_des_patients_dans_le.csv
insp,024,2026-06-07,2026-06-07,deaths_in_facility,province,Democratic Republic of the Congo,Nord-Kivu,Nord-Kivu,4,patients,24h,FALSE,TRUE,high,"Indicateur,Ituri,Nord-Kivu,Sud-Kivu,Ensemble
Sorties (24h) Décédés (Suspects/Conf.),9,4,0,13",Institut National de Santé Publique,CC BY 4.0,data/csv/024_table_06_tableau_5_mouvement_des_patients_dans_le.csv
insp,024,2026-06-07,2026-06-07,deaths_in_facility,province,Democratic Republic of the Congo,Sud-Kivu,Sud-Kivu,0,patients,24h,FALSE,TRUE,high,"Indicateur,Ituri,Nord-Kivu,Sud-Kivu,Ensemble
Sorties (24h) Décédés (Suspects/Conf.),9,4,0,13",Institut National de Santé Publique,CC BY 4.0,data/csv/024_table_06_tableau_5_mouvement_des_patients_dans_le.csv
who_afro,afro-04,2026-06-07,2026-06-07,discharges_recovered,national,"","","",24,patients,cumulative,FALSE,TRUE,high,"Across the two affected countries, a total of 24 patients (19 in the Democratic Republic of the Congo and five in Uganda) have recovered.",World Health Organization Regional Office for Africa,CC BY-NC-SA 3.0 IGO,https://iris.who.int/handle/10665/386364
who_afro,afro-04,2026-06-07,2026-06-07,discharges_recovered,national,Democratic Republic of the Congo,"","",19,patients,cumulative,FALSE,TRUE,high,"Across the two affected countries, a total of 24 patients (19 in the Democratic Republic of the Congo and five in Uganda) have recovered.",World Health Organization Regional Office for Africa,CC BY-NC-SA 3.0 IGO,https://iris.who.int/handle/10665/386364
who_afro,afro-04,2026-06-07,2026-06-07,discharges_recovered,national,Uganda,"","",5,patients,cumulative,FALSE,TRUE,high,"Across the two affected countries, a total of 24 patients (19 in the Democratic Republic of the Congo and five in Uganda) have recovered.",World Health Organization Regional Office for Africa,CC BY-NC-SA 3.0 IGO,https://iris.who.int/handle/10665/386364
who_afro,afro-04,2026-06-07,2026-06-07,escapes,national,Democratic Republic of the Congo,"","",6,patients,7d,TRUE,FALSE,high,"During the reporting period, six suspected and four confirmed cases reportedly absconded from care facilities",World Health Organization Regional Office for Africa,CC BY-NC-SA 3.0 IGO,https://iris.who.int/handle/10665/386364
who_afro,afro-04,2026-06-07,2026-06-07,escapes,national,Democratic Republic of the Congo,"","",4,patients,7d,TRUE,FALSE,high,"During the reporting period, six suspected and four confirmed cases reportedly absconded from care facilities",World Health Organization Regional Office for Africa,CC BY-NC-SA 3.0 IGO,https://iris.who.int/handle/10665/386364
insp,024,2026-06-07,2026-06-07,escapes,national,Democratic Republic of the Congo,"",Ensemble,10,patients,24h,FALSE,TRUE,high,"Indicateur,Ituri,Nord-Kivu,Sud-Kivu,Ensemble
Sorties (24h) Évadés (Suspects/Conf.),10,0,0,10",Institut National de Santé Publique,CC BY 4.0,data/csv/024_table_06_tableau_5_mouvement_des_patients_dans_le.csv
insp,024,2026-06-07,2026-06-07,escapes,province,Democratic Republic of the Congo,Ituri,Ituri,10,patients,24h,FALSE,TRUE,high,"Indicateur,Ituri,Nord-Kivu,Sud-Kivu,Ensemble
Sorties (24h) Évadés (Suspects/Conf.),10,0,0,10",Institut National de Santé Publique,CC BY 4.0,data/csv/024_table_06_tableau_5_mouvement_des_patients_dans_le.csv
insp,024,2026-06-07,2026-06-07,escapes,province,Democratic Republic of the Congo,Nord-Kivu,Nord-Kivu,0,patients,24h,FALSE,TRUE,high,"Indicateur,Ituri,Nord-Kivu,Sud-Kivu,Ensemble
Sorties (24h) Évadés (Suspects/Conf.),10,0,0,10",Institut National de Santé Publique,CC BY 4.0,data/csv/024_table_06_tableau_5_mouvement_des_patients_dans_le.csv
insp,024,2026-06-07,2026-06-07,escapes,province,Democratic Republic of the Congo,Sud-Kivu,Sud-Kivu,0,patients,24h,FALSE,TRUE,high,"Indicateur,Ituri,Nord-Kivu,Sud-Kivu,Ensemble
Sorties (24h) Évadés (Suspects/Conf.),10,0,0,10",Institut National de Santé Publique,CC BY 4.0,data/csv/024_table_06_tableau_5_mouvement_des_patients_dans_le.csv
who_afro,afro-04,2026-06-07,2026-06-07,facilities_operational,national,Democratic Republic of the Congo,"","",14,facilities,point,FALSE,TRUE,high,A total of 14 operational BVD treatment and transit facilities were functional across nine health zones.,World Health Organization Regional Office for Africa,CC BY-NC-SA 3.0 IGO,https://iris.who.int/handle/10665/386364
who_afro,afro-04,2026-06-07,2026-06-07,laboratories_testing,national,Uganda,"","",4,laboratories,point,FALSE,TRUE,high,"In Uganda, four laboratories are activated to test for Bundibugyo virus.",World Health Organization Regional Office for Africa,CC BY-NC-SA 3.0 IGO,https://iris.who.int/handle/10665/386364
who_afro,afro-04,2026-06-07,2026-06-07,patients_in_isolation,facility,Uganda,Mulago Ebola Treatment Unit,Mulago Ebola Treatment Unit,5,patients,point,FALSE,TRUE,high,"In Uganda, five confirmed cases remained under treatment at the Mulago Ebola Treatment Unit in Kampala.",World Health Organization Regional Office for Africa,CC BY-NC-SA 3.0 IGO,https://iris.who.int/handle/10665/386364
who_afro,afro-04,2026-06-07,2026-06-07,patients_in_isolation,national,Democratic Republic of the Congo,"","",309,patients,point,TRUE,TRUE,high,"As of 7 June 2026, a total of 309 patients were in isolation across treatment and transit centres in the Democratic Republic of the Congo, including 116 confirmed and 193 suspected cases.",World Health Organization Regional Office for Africa,CC BY-NC-SA 3.0 IGO,https://iris.who.int/handle/10665/386364
who_afro,afro-04,2026-06-07,2026-06-07,patients_in_isolation,national,Democratic Republic of the Congo,"","",116,patients,point,TRUE,FALSE,high,"As of 7 June 2026, a total of 309 patients were in isolation across treatment and transit centres in the Democratic Republic of the Congo, including 116 confirmed and 193 suspected cases.",World Health Organization Regional Office for Africa,CC BY-NC-SA 3.0 IGO,https://iris.who.int/handle/10665/386364
who_afro,afro-04,2026-06-07,2026-06-07,patients_in_isolation,national,Democratic Republic of the Congo,"","",193,patients,point,TRUE,FALSE,high,"As of 7 June 2026, a total of 309 patients were in isolation across treatment and transit centres in the Democratic Republic of the Congo, including 116 confirmed and 193 suspected cases.",World Health Organization Regional Office for Africa,CC BY-NC-SA 3.0 IGO,https://iris.who.int/handle/10665/386364
insp,024,2026-06-07,2026-06-07,patients_in_isolation,national,Democratic Republic of the Congo,"",Ensemble,309,patients,point,FALSE,TRUE,high,"Indicateur,Ituri,Nord-Kivu,Sud-Kivu,Ensemble
Patients en isolement (Fin J),284,18,7,309",Institut National de Santé Publique,CC BY 4.0,data/csv/024_table_06_tableau_5_mouvement_des_patients_dans_le.csv
insp,024,2026-06-07,2026-06-07,patients_in_isolation,province,Democratic Republic of the Congo,Ituri,Ituri,284,patients,point,FALSE,TRUE,high,"Indicateur,Ituri,Nord-Kivu,Sud-Kivu,Ensemble
Patients en isolement (Fin J),284,18,7,309",Institut National de Santé Publique,CC BY 4.0,data/csv/024_table_06_tableau_5_mouvement_des_patients_dans_le.csv
insp,024,2026-06-07,2026-06-07,patients_in_isolation,province,Democratic Republic of the Congo,Nord-Kivu,Nord-Kivu,18,patients,point,FALSE,TRUE,high,"Indicateur,Ituri,Nord-Kivu,Sud-Kivu,Ensemble
Patients en isolement (Fin J),284,18,7,309",Institut National de Santé Publique,CC BY 4.0,data/csv/024_table_06_tableau_5_mouvement_des_patients_dans_le.csv
insp,024,2026-06-07,2026-06-07,patients_in_isolation,province,Democratic Republic of the Congo,Sud-Kivu,Sud-Kivu,7,patients,point,FALSE,TRUE,high,"Indicateur,Ituri,Nord-Kivu,Sud-Kivu,Ensemble
Patients en isolement (Fin J),284,18,7,309",Institut National de Santé Publique,CC BY 4.0,data/csv/024_table_06_tableau_5_mouvement_des_patients_dans_le.csv
insp,025,2026-06-08,2026-06-08,admissions,national,Democratic Republic of the Congo,"",Ensemble,34,patients,24h,FALSE,TRUE,high,"Indicateur,Ituri,Nord-Kivu,Sud-Kivu,Ensemble
Total admissions (24h),27,7,0,34",Institut National de Santé Publique,CC BY 4.0,data/csv/025_table_06_tableau_5_mouvement_des_patients_dans_le.csv
insp,025,2026-06-08,2026-06-08,admissions,province,Democratic Republic of the Congo,Ituri,Ituri,27,patients,24h,FALSE,TRUE,high,"Indicateur,Ituri,Nord-Kivu,Sud-Kivu,Ensemble
Total admissions (24h),27,7,0,34",Institut National de Santé Publique,CC BY 4.0,data/csv/025_table_06_tableau_5_mouvement_des_patients_dans_le.csv
insp,025,2026-06-08,2026-06-08,admissions,province,Democratic Republic of the Congo,Nord-Kivu,Nord-Kivu,7,patients,24h,FALSE,TRUE,high,"Indicateur,Ituri,Nord-Kivu,Sud-Kivu,Ensemble
Total admissions (24h),27,7,0,34",Institut National de Santé Publique,CC BY 4.0,data/csv/025_table_06_tableau_5_mouvement_des_patients_dans_le.csv
insp,025,2026-06-08,2026-06-08,admissions,province,Democratic Republic of the Congo,Sud-Kivu,Sud-Kivu,0,patients,24h,FALSE,TRUE,high,"Indicateur,Ituri,Nord-Kivu,Sud-Kivu,Ensemble
Total admissions (24h),27,7,0,34",Institut National de Santé Publique,CC BY 4.0,data/csv/025_table_06_tableau_5_mouvement_des_patients_dans_le.csv
insp,026,2026-06-09,2026-06-08,beds_occupied,national,Democratic Republic of the Congo,"",Ensemble,268,beds,point,FALSE,TRUE,high,"Indicateur,Ituri,Nord-Kivu,Sud-Kivu,Ensemble
Patients au lit (J-1),245,17,6,268",Institut National de Santé Publique,CC BY 4.0,data/csv/026_table_06_tableau_5_mouvement_des_patients_dans_le.csv
insp,026,2026-06-09,2026-06-08,beds_occupied,province,Democratic Republic of the Congo,Ituri,Ituri,245,beds,point,FALSE,TRUE,high,"Indicateur,Ituri,Nord-Kivu,Sud-Kivu,Ensemble
Patients au lit (J-1),245,17,6,268",Institut National de Santé Publique,CC BY 4.0,data/csv/026_table_06_tableau_5_mouvement_des_patients_dans_le.csv
insp,026,2026-06-09,2026-06-08,beds_occupied,province,Democratic Republic of the Congo,Nord-Kivu,Nord-Kivu,17,beds,point,FALSE,TRUE,high,"Indicateur,Ituri,Nord-Kivu,Sud-Kivu,Ensemble
Patients au lit (J-1),245,17,6,268",Institut National de Santé Publique,CC BY 4.0,data/csv/026_table_06_tableau_5_mouvement_des_patients_dans_le.csv
insp,026,2026-06-09,2026-06-08,beds_occupied,province,Democratic Republic of the Congo,Sud-Kivu,Sud-Kivu,6,beds,point,FALSE,TRUE,high,"Indicateur,Ituri,Nord-Kivu,Sud-Kivu,Ensemble
Patients au lit (J-1),245,17,6,268",Institut National de Santé Publique,CC BY 4.0,data/csv/026_table_06_tableau_5_mouvement_des_patients_dans_le.csv
insp,025,2026-06-08,2026-06-08,deaths_in_facility,national,Democratic Republic of the Congo,"",Ensemble,13,patients,24h,FALSE,TRUE,high,"Indicateur,Ituri,Nord-Kivu,Sud-Kivu,Ensemble
Sorties (24h) Décédés (Suspects/Conf.),13,0,0,13",Institut National de Santé Publique,CC BY 4.0,data/csv/025_table_06_tableau_5_mouvement_des_patients_dans_le.csv
insp,025,2026-06-08,2026-06-08,deaths_in_facility,province,Democratic Republic of the Congo,Ituri,Ituri,13,patients,24h,FALSE,TRUE,high,"Indicateur,Ituri,Nord-Kivu,Sud-Kivu,Ensemble
Sorties (24h) Décédés (Suspects/Conf.),13,0,0,13",Institut National de Santé Publique,CC BY 4.0,data/csv/025_table_06_tableau_5_mouvement_des_patients_dans_le.csv
insp,025,2026-06-08,2026-06-08,deaths_in_facility,province,Democratic Republic of the Congo,Nord-Kivu,Nord-Kivu,0,patients,24h,FALSE,TRUE,high,"Indicateur,Ituri,Nord-Kivu,Sud-Kivu,Ensemble
Sorties (24h) Décédés (Suspects/Conf.),13,0,0,13",Institut National de Santé Publique,CC BY 4.0,data/csv/025_table_06_tableau_5_mouvement_des_patients_dans_le.csv
insp,025,2026-06-08,2026-06-08,deaths_in_facility,province,Democratic Republic of the Congo,Sud-Kivu,Sud-Kivu,0,patients,24h,FALSE,TRUE,high,"Indicateur,Ituri,Nord-Kivu,Sud-Kivu,Ensemble
Sorties (24h) Décédés (Suspects/Conf.),13,0,0,13",Institut National de Santé Publique,CC BY 4.0,data/csv/025_table_06_tableau_5_mouvement_des_patients_dans_le.csv
insp,025,2026-06-08,2026-06-08,escapes,national,Democratic Republic of the Congo,"",Ensemble,12,patients,24h,FALSE,TRUE,high,"Indicateur,Ituri,Nord-Kivu,Sud-Kivu,Ensemble
Sorties (24h) Évadés (Suspects/Conf.),12,0,0,12",Institut National de Santé Publique,CC BY 4.0,data/csv/025_table_06_tableau_5_mouvement_des_patients_dans_le.csv
insp,025,2026-06-08,2026-06-08,escapes,province,Democratic Republic of the Congo,Ituri,Ituri,12,patients,24h,FALSE,TRUE,high,"Indicateur,Ituri,Nord-Kivu,Sud-Kivu,Ensemble
Sorties (24h) Évadés (Suspects/Conf.),12,0,0,12",Institut National de Santé Publique,CC BY 4.0,data/csv/025_table_06_tableau_5_mouvement_des_patients_dans_le.csv
insp,025,2026-06-08,2026-06-08,escapes,province,Democratic Republic of the Congo,Nord-Kivu,Nord-Kivu,0,patients,24h,FALSE,TRUE,high,"Indicateur,Ituri,Nord-Kivu,Sud-Kivu,Ensemble
Sorties (24h) Évadés (Suspects/Conf.),12,0,0,12",Institut National de Santé Publique,CC BY 4.0,data/csv/025_table_06_tableau_5_mouvement_des_patients_dans_le.csv
insp,025,2026-06-08,2026-06-08,escapes,province,Democratic Republic of the Congo,Sud-Kivu,Sud-Kivu,0,patients,24h,FALSE,TRUE,high,"Indicateur,Ituri,Nord-Kivu,Sud-Kivu,Ensemble
Sorties (24h) Évadés (Suspects/Conf.),12,0,0,12",Institut National de Santé Publique,CC BY 4.0,data/csv/025_table_06_tableau_5_mouvement_des_patients_dans_le.csv
insp,025,2026-06-08,2026-06-08,patients_in_isolation,national,Democratic Republic of the Congo,"",Ensemble,297,patients,point,FALSE,TRUE,high,"Indicateur,Ituri,Nord-Kivu,Sud-Kivu,Ensemble
Patients en isolement (Fin J),266,24,7,297",Institut National de Santé Publique,CC BY 4.0,data/csv/025_table_06_tableau_5_mouvement_des_patients_dans_le.csv
insp,025,2026-06-08,2026-06-08,patients_in_isolation,province,Democratic Republic of the Congo,Ituri,Ituri,266,patients,point,FALSE,TRUE,high,"Indicateur,Ituri,Nord-Kivu,Sud-Kivu,Ensemble
Patients en isolement (Fin J),266,24,7,297",Institut National de Santé Publique,CC BY 4.0,data/csv/025_table_06_tableau_5_mouvement_des_patients_dans_le.csv
insp,025,2026-06-08,2026-06-08,patients_in_isolation,province,Democratic Republic of the Congo,Nord-Kivu,Nord-Kivu,24,patients,point,FALSE,TRUE,high,"Indicateur,Ituri,Nord-Kivu,Sud-Kivu,Ensemble
Patients en isolement (Fin J),266,24,7,297",Institut National de Santé Publique,CC BY 4.0,data/csv/025_table_06_tableau_5_mouvement_des_patients_dans_le.csv
insp,025,2026-06-08,2026-06-08,patients_in_isolation,province,Democratic Republic of the Congo,Sud-Kivu,Sud-Kivu,7,patients,point,FALSE,TRUE,high,"Indicateur,Ituri,Nord-Kivu,Sud-Kivu,Ensemble
Patients en isolement (Fin J),266,24,7,297",Institut National de Santé Publique,CC BY 4.0,data/csv/025_table_06_tableau_5_mouvement_des_patients_dans_le.csv
insp,026,2026-06-09,2026-06-09,admissions,national,Democratic Republic of the Congo,"",Ensemble,31,patients,24h,FALSE,TRUE,high,"Indicateur,Ituri,Nord-Kivu,Sud-Kivu,Ensemble
Total admissions (24h),31,0,0,31",Institut National de Santé Publique,CC BY 4.0,data/csv/026_table_06_tableau_5_mouvement_des_patients_dans_le.csv
insp,026,2026-06-09,2026-06-09,admissions,province,Democratic Republic of the Congo,Ituri,Ituri,31,patients,24h,FALSE,TRUE,high,"Indicateur,Ituri,Nord-Kivu,Sud-Kivu,Ensemble
Total admissions (24h),31,0,0,31",Institut National de Santé Publique,CC BY 4.0,data/csv/026_table_06_tableau_5_mouvement_des_patients_dans_le.csv
insp,026,2026-06-09,2026-06-09,admissions,province,Democratic Republic of the Congo,Nord-Kivu,Nord-Kivu,0,patients,24h,FALSE,TRUE,high,"Indicateur,Ituri,Nord-Kivu,Sud-Kivu,Ensemble
Total admissions (24h),31,0,0,31",Institut National de Santé Publique,CC BY 4.0,data/csv/026_table_06_tableau_5_mouvement_des_patients_dans_le.csv
insp,026,2026-06-09,2026-06-09,admissions,province,Democratic Republic of the Congo,Sud-Kivu,Sud-Kivu,0,patients,24h,FALSE,TRUE,high,"Indicateur,Ituri,Nord-Kivu,Sud-Kivu,Ensemble
Total admissions (24h),31,0,0,31",Institut National de Santé Publique,CC BY 4.0,data/csv/026_table_06_tableau_5_mouvement_des_patients_dans_le.csv
insp,026,2026-06-09,2026-06-09,bed_occupancy_pct,national,Democratic Republic of the Congo,"",Ensemble,65,percent,point,FALSE,TRUE,low,"Indicateur,Ituri,Nord-Kivu,Sud-Kivu,Ensemble
Taux d'occupation global,""75,2% (237/315)"",""23,9% (17/71)"",""42,8% (6/14)"",""65,0% (260/400)""",Institut National de Santé Publique,CC BY 4.0,data/csv/026_table_06_tableau_5_mouvement_des_patients_dans_le.csv
insp,026,2026-06-09,2026-06-09,bed_occupancy_pct,province,Democratic Republic of the Congo,Ituri,Ituri,75.2,percent,point,FALSE,TRUE,low,"Indicateur,Ituri,Nord-Kivu,Sud-Kivu,Ensemble
Taux d'occupation global,""75,2% (237/315)"",""23,9% (17/71)"",""42,8% (6/14)"",""65,0% (260/400)""",Institut National de Santé Publique,CC BY 4.0,data/csv/026_table_06_tableau_5_mouvement_des_patients_dans_le.csv
insp,026,2026-06-09,2026-06-09,bed_occupancy_pct,province,Democratic Republic of the Congo,Nord-Kivu,Nord-Kivu,23.9,percent,point,FALSE,TRUE,low,"Indicateur,Ituri,Nord-Kivu,Sud-Kivu,Ensemble
Taux d'occupation global,""75,2% (237/315)"",""23,9% (17/71)"",""42,8% (6/14)"",""65,0% (260/400)""",Institut National de Santé Publique,CC BY 4.0,data/csv/026_table_06_tableau_5_mouvement_des_patients_dans_le.csv
insp,026,2026-06-09,2026-06-09,bed_occupancy_pct,province,Democratic Republic of the Congo,Sud-Kivu,Sud-Kivu,42.8,percent,point,FALSE,TRUE,low,"Indicateur,Ituri,Nord-Kivu,Sud-Kivu,Ensemble
Taux d'occupation global,""75,2% (237/315)"",""23,9% (17/71)"",""42,8% (6/14)"",""65,0% (260/400)""",Institut National de Santé Publique,CC BY 4.0,data/csv/026_table_06_tableau_5_mouvement_des_patients_dans_le.csv
insp,027,2026-06-10,2026-06-09,beds_occupied,national,Democratic Republic of the Congo,"",Ensemble,262,beds,point,FALSE,TRUE,high,"Indicateur,Ituri,Nord-Kivu,Sud-Kivu,Ensemble
Patients au lit (J-1),239,17,6,262",Institut National de Santé Publique,CC BY 4.0,data/csv/027_table_06_tableau_5_mouvement_des_patients_dans_le.csv
insp,027,2026-06-10,2026-06-09,beds_occupied,province,Democratic Republic of the Congo,Ituri,Ituri,239,beds,point,FALSE,TRUE,high,"Indicateur,Ituri,Nord-Kivu,Sud-Kivu,Ensemble
Patients au lit (J-1),239,17,6,262",Institut National de Santé Publique,CC BY 4.0,data/csv/027_table_06_tableau_5_mouvement_des_patients_dans_le.csv
insp,027,2026-06-10,2026-06-09,beds_occupied,province,Democratic Republic of the Congo,Nord-Kivu,Nord-Kivu,17,beds,point,FALSE,TRUE,high,"Indicateur,Ituri,Nord-Kivu,Sud-Kivu,Ensemble
Patients au lit (J-1),239,17,6,262",Institut National de Santé Publique,CC BY 4.0,data/csv/027_table_06_tableau_5_mouvement_des_patients_dans_le.csv
insp,027,2026-06-10,2026-06-09,beds_occupied,province,Democratic Republic of the Congo,Sud-Kivu,Sud-Kivu,6,beds,point,FALSE,TRUE,high,"Indicateur,Ituri,Nord-Kivu,Sud-Kivu,Ensemble
Patients au lit (J-1),239,17,6,262",Institut National de Santé Publique,CC BY 4.0,data/csv/027_table_06_tableau_5_mouvement_des_patients_dans_le.csv
insp,026,2026-06-09,2026-06-09,deaths_in_facility,national,Democratic Republic of the Congo,"",Ensemble,7,patients,24h,FALSE,TRUE,high,"Indicateur,Ituri,Nord-Kivu,Sud-Kivu,Ensemble
Sorties (24h) Décédés (Suspects/Conf.),7,0,0,7",Institut National de Santé Publique,CC BY 4.0,data/csv/026_table_06_tableau_5_mouvement_des_patients_dans_le.csv
insp,026,2026-06-09,2026-06-09,deaths_in_facility,province,Democratic Republic of the Congo,Ituri,Ituri,7,patients,24h,FALSE,TRUE,high,"Indicateur,Ituri,Nord-Kivu,Sud-Kivu,Ensemble
Sorties (24h) Décédés (Suspects/Conf.),7,0,0,7",Institut National de Santé Publique,CC BY 4.0,data/csv/026_table_06_tableau_5_mouvement_des_patients_dans_le.csv
insp,026,2026-06-09,2026-06-09,deaths_in_facility,province,Democratic Republic of the Congo,Nord-Kivu,Nord-Kivu,0,patients,24h,FALSE,TRUE,high,"Indicateur,Ituri,Nord-Kivu,Sud-Kivu,Ensemble
Sorties (24h) Décédés (Suspects/Conf.),7,0,0,7",Institut National de Santé Publique,CC BY 4.0,data/csv/026_table_06_tableau_5_mouvement_des_patients_dans_le.csv
insp,026,2026-06-09,2026-06-09,deaths_in_facility,province,Democratic Republic of the Congo,Sud-Kivu,Sud-Kivu,0,patients,24h,FALSE,TRUE,high,"Indicateur,Ituri,Nord-Kivu,Sud-Kivu,Ensemble
Sorties (24h) Décédés (Suspects/Conf.),7,0,0,7",Institut National de Santé Publique,CC BY 4.0,data/csv/026_table_06_tableau_5_mouvement_des_patients_dans_le.csv
insp,026,2026-06-09,2026-06-09,escapes,national,Democratic Republic of the Congo,"",Ensemble,9,patients,24h,FALSE,TRUE,high,"Indicateur,Ituri,Nord-Kivu,Sud-Kivu,Ensemble
Sorties (24h) Évadés (Suspects/Conf.),9,0,0,9",Institut National de Santé Publique,CC BY 4.0,data/csv/026_table_06_tableau_5_mouvement_des_patients_dans_le.csv
insp,026,2026-06-09,2026-06-09,escapes,province,Democratic Republic of the Congo,Ituri,Ituri,9,patients,24h,FALSE,TRUE,high,"Indicateur,Ituri,Nord-Kivu,Sud-Kivu,Ensemble
Sorties (24h) Évadés (Suspects/Conf.),9,0,0,9",Institut National de Santé Publique,CC BY 4.0,data/csv/026_table_06_tableau_5_mouvement_des_patients_dans_le.csv
insp,026,2026-06-09,2026-06-09,escapes,province,Democratic Republic of the Congo,Nord-Kivu,Nord-Kivu,0,patients,24h,FALSE,TRUE,high,"Indicateur,Ituri,Nord-Kivu,Sud-Kivu,Ensemble
Sorties (24h) Évadés (Suspects/Conf.),9,0,0,9",Institut National de Santé Publique,CC BY 4.0,data/csv/026_table_06_tableau_5_mouvement_des_patients_dans_le.csv
insp,026,2026-06-09,2026-06-09,escapes,province,Democratic Republic of the Congo,Sud-Kivu,Sud-Kivu,0,patients,24h,FALSE,TRUE,high,"Indicateur,Ituri,Nord-Kivu,Sud-Kivu,Ensemble
Sorties (24h) Évadés (Suspects/Conf.),9,0,0,9",Institut National de Santé Publique,CC BY 4.0,data/csv/026_table_06_tableau_5_mouvement_des_patients_dans_le.csv
insp,026,2026-06-09,2026-06-09,patients_in_isolation,national,Democratic Republic of the Congo,"",Ensemble,260,patients,point,FALSE,TRUE,high,"Indicateur,Ituri,Nord-Kivu,Sud-Kivu,Ensemble
Patients en isolement (Fin J),237,17,6,260",Institut National de Santé Publique,CC BY 4.0,data/csv/026_table_06_tableau_5_mouvement_des_patients_dans_le.csv
insp,026,2026-06-09,2026-06-09,patients_in_isolation,province,Democratic Republic of the Congo,Ituri,Ituri,237,patients,point,FALSE,TRUE,high,"Indicateur,Ituri,Nord-Kivu,Sud-Kivu,Ensemble
Patients en isolement (Fin J),237,17,6,260",Institut National de Santé Publique,CC BY 4.0,data/csv/026_table_06_tableau_5_mouvement_des_patients_dans_le.csv
insp,026,2026-06-09,2026-06-09,patients_in_isolation,province,Democratic Republic of the Congo,Nord-Kivu,Nord-Kivu,17,patients,point,FALSE,TRUE,high,"Indicateur,Ituri,Nord-Kivu,Sud-Kivu,Ensemble
Patients en isolement (Fin J),237,17,6,260",Institut National de Santé Publique,CC BY 4.0,data/csv/026_table_06_tableau_5_mouvement_des_patients_dans_le.csv
insp,026,2026-06-09,2026-06-09,patients_in_isolation,province,Democratic Republic of the Congo,Sud-Kivu,Sud-Kivu,6,patients,point,FALSE,TRUE,high,"Indicateur,Ituri,Nord-Kivu,Sud-Kivu,Ensemble
Patients en isolement (Fin J),237,17,6,260",Institut National de Santé Publique,CC BY 4.0,data/csv/026_table_06_tableau_5_mouvement_des_patients_dans_le.csv
insp,027,2026-06-10,2026-06-10,admissions,national,Democratic Republic of the Congo,"",Ensemble,26,patients,24h,FALSE,TRUE,high,"Indicateur,Ituri,Nord-Kivu,Sud-Kivu,Ensemble
Total admissions (24h),26,0,0,26",Institut National de Santé Publique,CC BY 4.0,data/csv/027_table_06_tableau_5_mouvement_des_patients_dans_le.csv
insp,027,2026-06-10,2026-06-10,admissions,province,Democratic Republic of the Congo,Ituri,Ituri,26,patients,24h,FALSE,TRUE,high,"Indicateur,Ituri,Nord-Kivu,Sud-Kivu,Ensemble
Total admissions (24h),26,0,0,26",Institut National de Santé Publique,CC BY 4.0,data/csv/027_table_06_tableau_5_mouvement_des_patients_dans_le.csv
insp,027,2026-06-10,2026-06-10,admissions,province,Democratic Republic of the Congo,Nord-Kivu,Nord-Kivu,0,patients,24h,FALSE,TRUE,high,"Indicateur,Ituri,Nord-Kivu,Sud-Kivu,Ensemble
Total admissions (24h),26,0,0,26",Institut National de Santé Publique,CC BY 4.0,data/csv/027_table_06_tableau_5_mouvement_des_patients_dans_le.csv
insp,027,2026-06-10,2026-06-10,admissions,province,Democratic Republic of the Congo,Sud-Kivu,Sud-Kivu,0,patients,24h,FALSE,TRUE,high,"Indicateur,Ituri,Nord-Kivu,Sud-Kivu,Ensemble
Total admissions (24h),26,0,0,26",Institut National de Santé Publique,CC BY 4.0,data/csv/027_table_06_tableau_5_mouvement_des_patients_dans_le.csv
insp,027,2026-06-10,2026-06-10,bed_occupancy_pct,national,Democratic Republic of the Congo,"",Ensemble,63.9,percent,point,FALSE,TRUE,low,"Indicateur,Ituri,Nord-Kivu,Sud-Kivu,Ensemble
Taux d'occupation global,""77,9% (239/307)"",""23,9% (17/71)"",""18,8% (6/32)"",""63,9% (262/410)""",Institut National de Santé Publique,CC BY 4.0,data/csv/027_table_06_tableau_5_mouvement_des_patients_dans_le.csv
insp,027,2026-06-10,2026-06-10,bed_occupancy_pct,province,Democratic Republic of the Congo,Ituri,Ituri,77.9,percent,point,FALSE,TRUE,low,"Indicateur,Ituri,Nord-Kivu,Sud-Kivu,Ensemble
Taux d'occupation global,""77,9% (239/307)"",""23,9% (17/71)"",""18,8% (6/32)"",""63,9% (262/410)""",Institut National de Santé Publique,CC BY 4.0,data/csv/027_table_06_tableau_5_mouvement_des_patients_dans_le.csv
insp,027,2026-06-10,2026-06-10,bed_occupancy_pct,province,Democratic Republic of the Congo,Nord-Kivu,Nord-Kivu,23.9,percent,point,FALSE,TRUE,low,"Indicateur,Ituri,Nord-Kivu,Sud-Kivu,Ensemble
Taux d'occupation global,""77,9% (239/307)"",""23,9% (17/71)"",""18,8% (6/32)"",""63,9% (262/410)""",Institut National de Santé Publique,CC BY 4.0,data/csv/027_table_06_tableau_5_mouvement_des_patients_dans_le.csv
insp,027,2026-06-10,2026-06-10,bed_occupancy_pct,province,Democratic Republic of the Congo,Sud-Kivu,Sud-Kivu,18.8,percent,point,FALSE,TRUE,low,"Indicateur,Ituri,Nord-Kivu,Sud-Kivu,Ensemble
Taux d'occupation global,""77,9% (239/307)"",""23,9% (17/71)"",""18,8% (6/32)"",""63,9% (262/410)""",Institut National de Santé Publique,CC BY 4.0,data/csv/027_table_06_tableau_5_mouvement_des_patients_dans_le.csv
insp,028,2026-06-11,2026-06-10,beds_occupied,national,Democratic Republic of the Congo,"",Ensemble,267,beds,point,FALSE,TRUE,high,"Indicateur,Ituri,Nord-Kivu,Sud-Kivu,Ensemble
Patients au lit (J-1),247,13,7,267",Institut National de Santé Publique,CC BY 4.0,data/csv/028_table_06_tableau_5_mouvement_des_patients_dans_le.csv
insp,028,2026-06-11,2026-06-10,beds_occupied,province,Democratic Republic of the Congo,Ituri,Ituri,247,beds,point,FALSE,TRUE,high,"Indicateur,Ituri,Nord-Kivu,Sud-Kivu,Ensemble
Patients au lit (J-1),247,13,7,267",Institut National de Santé Publique,CC BY 4.0,data/csv/028_table_06_tableau_5_mouvement_des_patients_dans_le.csv
insp,028,2026-06-11,2026-06-10,beds_occupied,province,Democratic Republic of the Congo,Nord-Kivu,Nord-Kivu,13,beds,point,FALSE,TRUE,high,"Indicateur,Ituri,Nord-Kivu,Sud-Kivu,Ensemble
Patients au lit (J-1),247,13,7,267",Institut National de Santé Publique,CC BY 4.0,data/csv/028_table_06_tableau_5_mouvement_des_patients_dans_le.csv
insp,028,2026-06-11,2026-06-10,beds_occupied,province,Democratic Republic of the Congo,Sud-Kivu,Sud-Kivu,7,beds,point,FALSE,TRUE,high,"Indicateur,Ituri,Nord-Kivu,Sud-Kivu,Ensemble
Patients au lit (J-1),247,13,7,267",Institut National de Santé Publique,CC BY 4.0,data/csv/028_table_06_tableau_5_mouvement_des_patients_dans_le.csv
insp,027,2026-06-10,2026-06-10,deaths_in_facility,national,Democratic Republic of the Congo,"",Ensemble,10,patients,24h,FALSE,TRUE,high,"Indicateur,Ituri,Nord-Kivu,Sud-Kivu,Ensemble
Sorties (24h) Décédés (Suspects/Conf.),10,0,0,10",Institut National de Santé Publique,CC BY 4.0,data/csv/027_table_06_tableau_5_mouvement_des_patients_dans_le.csv
insp,027,2026-06-10,2026-06-10,deaths_in_facility,province,Democratic Republic of the Congo,Ituri,Ituri,10,patients,24h,FALSE,TRUE,high,"Indicateur,Ituri,Nord-Kivu,Sud-Kivu,Ensemble
Sorties (24h) Décédés (Suspects/Conf.),10,0,0,10",Institut National de Santé Publique,CC BY 4.0,data/csv/027_table_06_tableau_5_mouvement_des_patients_dans_le.csv
insp,027,2026-06-10,2026-06-10,deaths_in_facility,province,Democratic Republic of the Congo,Nord-Kivu,Nord-Kivu,0,patients,24h,FALSE,TRUE,high,"Indicateur,Ituri,Nord-Kivu,Sud-Kivu,Ensemble
Sorties (24h) Décédés (Suspects/Conf.),10,0,0,10",Institut National de Santé Publique,CC BY 4.0,data/csv/027_table_06_tableau_5_mouvement_des_patients_dans_le.csv
insp,027,2026-06-10,2026-06-10,deaths_in_facility,province,Democratic Republic of the Congo,Sud-Kivu,Sud-Kivu,0,patients,24h,FALSE,TRUE,high,"Indicateur,Ituri,Nord-Kivu,Sud-Kivu,Ensemble
Sorties (24h) Décédés (Suspects/Conf.),10,0,0,10",Institut National de Santé Publique,CC BY 4.0,data/csv/027_table_06_tableau_5_mouvement_des_patients_dans_le.csv
insp,027,2026-06-10,2026-06-10,escapes,national,Democratic Republic of the Congo,"",Ensemble,3,patients,24h,FALSE,TRUE,high,"Indicateur,Ituri,Nord-Kivu,Sud-Kivu,Ensemble
Sorties (24h) Évadés (Suspects/Conf.),3,0,0,3",Institut National de Santé Publique,CC BY 4.0,data/csv/027_table_06_tableau_5_mouvement_des_patients_dans_le.csv
insp,027,2026-06-10,2026-06-10,escapes,province,Democratic Republic of the Congo,Ituri,Ituri,3,patients,24h,FALSE,TRUE,high,"Indicateur,Ituri,Nord-Kivu,Sud-Kivu,Ensemble
Sorties (24h) Évadés (Suspects/Conf.),3,0,0,3",Institut National de Santé Publique,CC BY 4.0,data/csv/027_table_06_tableau_5_mouvement_des_patients_dans_le.csv
insp,027,2026-06-10,2026-06-10,escapes,province,Democratic Republic of the Congo,Nord-Kivu,Nord-Kivu,0,patients,24h,FALSE,TRUE,high,"Indicateur,Ituri,Nord-Kivu,Sud-Kivu,Ensemble
Sorties (24h) Évadés (Suspects/Conf.),3,0,0,3",Institut National de Santé Publique,CC BY 4.0,data/csv/027_table_06_tableau_5_mouvement_des_patients_dans_le.csv
insp,027,2026-06-10,2026-06-10,escapes,province,Democratic Republic of the Congo,Sud-Kivu,Sud-Kivu,0,patients,24h,FALSE,TRUE,high,"Indicateur,Ituri,Nord-Kivu,Sud-Kivu,Ensemble
Sorties (24h) Évadés (Suspects/Conf.),3,0,0,3",Institut National de Santé Publique,CC BY 4.0,data/csv/027_table_06_tableau_5_mouvement_des_patients_dans_le.csv
insp,027,2026-06-10,2026-06-10,patients_in_isolation,national,Democratic Republic of the Congo,"",Ensemble,262,patients,point,FALSE,TRUE,high,"Indicateur,Ituri,Nord-Kivu,Sud-Kivu,Ensemble
Patients en isolement (Fin J),239,17,6,262",Institut National de Santé Publique,CC BY 4.0,data/csv/027_table_06_tableau_5_mouvement_des_patients_dans_le.csv
insp,027,2026-06-10,2026-06-10,patients_in_isolation,province,Democratic Republic of the Congo,Ituri,Ituri,239,patients,point,FALSE,TRUE,high,"Indicateur,Ituri,Nord-Kivu,Sud-Kivu,Ensemble
Patients en isolement (Fin J),239,17,6,262",Institut National de Santé Publique,CC BY 4.0,data/csv/027_table_06_tableau_5_mouvement_des_patients_dans_le.csv
insp,027,2026-06-10,2026-06-10,patients_in_isolation,province,Democratic Republic of the Congo,Nord-Kivu,Nord-Kivu,17,patients,point,FALSE,TRUE,high,"Indicateur,Ituri,Nord-Kivu,Sud-Kivu,Ensemble
Patients en isolement (Fin J),239,17,6,262",Institut National de Santé Publique,CC BY 4.0,data/csv/027_table_06_tableau_5_mouvement_des_patients_dans_le.csv
insp,027,2026-06-10,2026-06-10,patients_in_isolation,province,Democratic Republic of the Congo,Sud-Kivu,Sud-Kivu,6,patients,point,FALSE,TRUE,high,"Indicateur,Ituri,Nord-Kivu,Sud-Kivu,Ensemble
Patients en isolement (Fin J),239,17,6,262",Institut National de Santé Publique,CC BY 4.0,data/csv/027_table_06_tableau_5_mouvement_des_patients_dans_le.csv
insp,028,2026-06-11,2026-06-11,admissions,national,Democratic Republic of the Congo,"",Ensemble,75,patients,24h,FALSE,TRUE,high,"Indicateur,Ituri,Nord-Kivu,Sud-Kivu,Ensemble
Total admissions (24h),47,18,10,75",Institut National de Santé Publique,CC BY 4.0,data/csv/028_table_06_tableau_5_mouvement_des_patients_dans_le.csv
insp,028,2026-06-11,2026-06-11,admissions,province,Democratic Republic of the Congo,Ituri,Ituri,47,patients,24h,FALSE,TRUE,high,"Indicateur,Ituri,Nord-Kivu,Sud-Kivu,Ensemble
Total admissions (24h),47,18,10,75",Institut National de Santé Publique,CC BY 4.0,data/csv/028_table_06_tableau_5_mouvement_des_patients_dans_le.csv
insp,028,2026-06-11,2026-06-11,admissions,province,Democratic Republic of the Congo,Nord-Kivu,Nord-Kivu,18,patients,24h,FALSE,TRUE,high,"Indicateur,Ituri,Nord-Kivu,Sud-Kivu,Ensemble
Total admissions (24h),47,18,10,75",Institut National de Santé Publique,CC BY 4.0,data/csv/028_table_06_tableau_5_mouvement_des_patients_dans_le.csv
insp,028,2026-06-11,2026-06-11,admissions,province,Democratic Republic of the Congo,Sud-Kivu,Sud-Kivu,10,patients,24h,FALSE,TRUE,high,"Indicateur,Ituri,Nord-Kivu,Sud-Kivu,Ensemble
Total admissions (24h),47,18,10,75",Institut National de Santé Publique,CC BY 4.0,data/csv/028_table_06_tableau_5_mouvement_des_patients_dans_le.csv
insp,028,2026-06-11,2026-06-11,bed_occupancy_pct,national,Democratic Republic of the Congo,"",Ensemble,69.7,percent,point,FALSE,TRUE,low,"Indicateur,Ituri,Nord-Kivu,Sud-Kivu,Ensemble
Taux d'occupation global,""77,9% (272/349)"",""43,7% (31/71)"",""37,5% (12/32)"",""69,7% (315/452)""",Institut National de Santé Publique,CC BY 4.0,data/csv/028_table_06_tableau_5_mouvement_des_patients_dans_le.csv
insp,028,2026-06-11,2026-06-11,bed_occupancy_pct,province,Democratic Republic of the Congo,Ituri,Ituri,77.9,percent,point,FALSE,TRUE,low,"Indicateur,Ituri,Nord-Kivu,Sud-Kivu,Ensemble
Taux d'occupation global,""77,9% (272/349)"",""43,7% (31/71)"",""37,5% (12/32)"",""69,7% (315/452)""",Institut National de Santé Publique,CC BY 4.0,data/csv/028_table_06_tableau_5_mouvement_des_patients_dans_le.csv
insp,028,2026-06-11,2026-06-11,bed_occupancy_pct,province,Democratic Republic of the Congo,Nord-Kivu,Nord-Kivu,43.7,percent,point,FALSE,TRUE,low,"Indicateur,Ituri,Nord-Kivu,Sud-Kivu,Ensemble
Taux d'occupation global,""77,9% (272/349)"",""43,7% (31/71)"",""37,5% (12/32)"",""69,7% (315/452)""",Institut National de Santé Publique,CC BY 4.0,data/csv/028_table_06_tableau_5_mouvement_des_patients_dans_le.csv
insp,028,2026-06-11,2026-06-11,bed_occupancy_pct,province,Democratic Republic of the Congo,Sud-Kivu,Sud-Kivu,37.5,percent,point,FALSE,TRUE,low,"Indicateur,Ituri,Nord-Kivu,Sud-Kivu,Ensemble
Taux d'occupation global,""77,9% (272/349)"",""43,7% (31/71)"",""37,5% (12/32)"",""69,7% (315/452)""",Institut National de Santé Publique,CC BY 4.0,data/csv/028_table_06_tableau_5_mouvement_des_patients_dans_le.csv
insp,028,2026-06-11,2026-06-11,deaths_in_facility,national,Democratic Republic of the Congo,"",Ensemble,7,patients,24h,FALSE,TRUE,high,"Indicateur,Ituri,Nord-Kivu,Sud-Kivu,Ensemble
Sorties (24h) Décédés (Suspects/Conf.),7,0,0,7",Institut National de Santé Publique,CC BY 4.0,data/csv/028_table_06_tableau_5_mouvement_des_patients_dans_le.csv
insp,028,2026-06-11,2026-06-11,deaths_in_facility,province,Democratic Republic of the Congo,Ituri,Ituri,7,patients,24h,FALSE,TRUE,high,"Indicateur,Ituri,Nord-Kivu,Sud-Kivu,Ensemble
Sorties (24h) Décédés (Suspects/Conf.),7,0,0,7",Institut National de Santé Publique,CC BY 4.0,data/csv/028_table_06_tableau_5_mouvement_des_patients_dans_le.csv
insp,028,2026-06-11,2026-06-11,deaths_in_facility,province,Democratic Republic of the Congo,Nord-Kivu,Nord-Kivu,0,patients,24h,FALSE,TRUE,high,"Indicateur,Ituri,Nord-Kivu,Sud-Kivu,Ensemble
Sorties (24h) Décédés (Suspects/Conf.),7,0,0,7",Institut National de Santé Publique,CC BY 4.0,data/csv/028_table_06_tableau_5_mouvement_des_patients_dans_le.csv
insp,028,2026-06-11,2026-06-11,deaths_in_facility,province,Democratic Republic of the Congo,Sud-Kivu,Sud-Kivu,0,patients,24h,FALSE,TRUE,high,"Indicateur,Ituri,Nord-Kivu,Sud-Kivu,Ensemble
Sorties (24h) Décédés (Suspects/Conf.),7,0,0,7",Institut National de Santé Publique,CC BY 4.0,data/csv/028_table_06_tableau_5_mouvement_des_patients_dans_le.csv
insp,028,2026-06-11,2026-06-11,escapes,national,Democratic Republic of the Congo,"",Ensemble,4,patients,24h,FALSE,TRUE,high,"Indicateur,Ituri,Nord-Kivu,Sud-Kivu,Ensemble
Sorties (24h) Évadés (Suspects/Conf.),4,0,0,4",Institut National de Santé Publique,CC BY 4.0,data/csv/028_table_06_tableau_5_mouvement_des_patients_dans_le.csv
insp,028,2026-06-11,2026-06-11,escapes,province,Democratic Republic of the Congo,Ituri,Ituri,4,patients,24h,FALSE,TRUE,high,"Indicateur,Ituri,Nord-Kivu,Sud-Kivu,Ensemble
Sorties (24h) Évadés (Suspects/Conf.),4,0,0,4",Institut National de Santé Publique,CC BY 4.0,data/csv/028_table_06_tableau_5_mouvement_des_patients_dans_le.csv
insp,028,2026-06-11,2026-06-11,escapes,province,Democratic Republic of the Congo,Nord-Kivu,Nord-Kivu,0,patients,24h,FALSE,TRUE,high,"Indicateur,Ituri,Nord-Kivu,Sud-Kivu,Ensemble
Sorties (24h) Évadés (Suspects/Conf.),4,0,0,4",Institut National de Santé Publique,CC BY 4.0,data/csv/028_table_06_tableau_5_mouvement_des_patients_dans_le.csv
insp,028,2026-06-11,2026-06-11,escapes,province,Democratic Republic of the Congo,Sud-Kivu,Sud-Kivu,0,patients,24h,FALSE,TRUE,high,"Indicateur,Ituri,Nord-Kivu,Sud-Kivu,Ensemble
Sorties (24h) Évadés (Suspects/Conf.),4,0,0,4",Institut National de Santé Publique,CC BY 4.0,data/csv/028_table_06_tableau_5_mouvement_des_patients_dans_le.csv
insp,028,2026-06-11,2026-06-11,patients_in_isolation,national,Democratic Republic of the Congo,"",Ensemble,315,patients,point,FALSE,TRUE,high,"Indicateur,Ituri,Nord-Kivu,Sud-Kivu,Ensemble
Patients en isolement (Fin J),272,31,12,315",Institut National de Santé Publique,CC BY 4.0,data/csv/028_table_06_tableau_5_mouvement_des_patients_dans_le.csv
insp,028,2026-06-11,2026-06-11,patients_in_isolation,province,Democratic Republic of the Congo,Ituri,Ituri,272,patients,point,FALSE,TRUE,high,"Indicateur,Ituri,Nord-Kivu,Sud-Kivu,Ensemble
Patients en isolement (Fin J),272,31,12,315",Institut National de Santé Publique,CC BY 4.0,data/csv/028_table_06_tableau_5_mouvement_des_patients_dans_le.csv
insp,028,2026-06-11,2026-06-11,patients_in_isolation,province,Democratic Republic of the Congo,Nord-Kivu,Nord-Kivu,31,patients,point,FALSE,TRUE,high,"Indicateur,Ituri,Nord-Kivu,Sud-Kivu,Ensemble
Patients en isolement (Fin J),272,31,12,315",Institut National de Santé Publique,CC BY 4.0,data/csv/028_table_06_tableau_5_mouvement_des_patients_dans_le.csv
insp,028,2026-06-11,2026-06-11,patients_in_isolation,province,Democratic Republic of the Congo,Sud-Kivu,Sud-Kivu,12,patients,point,FALSE,TRUE,high,"Indicateur,Ituri,Nord-Kivu,Sud-Kivu,Ensemble
Patients en isolement (Fin J),272,31,12,315",Institut National de Santé Publique,CC BY 4.0,data/csv/028_table_06_tableau_5_mouvement_des_patients_dans_le.csv
insp,030,2026-06-13,2026-06-12,beds_occupied,national,Democratic Republic of the Congo,"",Ensemble,327,beds,point,FALSE,TRUE,high,"Indicateur,Ituri,Nord-Kivu,Sud-Kivu,Ensemble
Patients au lit (J-1),280,36,11,327",Institut National de Santé Publique,CC BY 4.0,data/csv/030_table_06_tableau_5_mouvement_des_patients_dans_le.csv
insp,030,2026-06-13,2026-06-12,beds_occupied,province,Democratic Republic of the Congo,Ituri,Ituri,280,beds,point,FALSE,TRUE,high,"Indicateur,Ituri,Nord-Kivu,Sud-Kivu,Ensemble
Patients au lit (J-1),280,36,11,327",Institut National de Santé Publique,CC BY 4.0,data/csv/030_table_06_tableau_5_mouvement_des_patients_dans_le.csv
insp,030,2026-06-13,2026-06-12,beds_occupied,province,Democratic Republic of the Congo,Nord-Kivu,Nord-Kivu,36,beds,point,FALSE,TRUE,high,"Indicateur,Ituri,Nord-Kivu,Sud-Kivu,Ensemble
Patients au lit (J-1),280,36,11,327",Institut National de Santé Publique,CC BY 4.0,data/csv/030_table_06_tableau_5_mouvement_des_patients_dans_le.csv
insp,030,2026-06-13,2026-06-12,beds_occupied,province,Democratic Republic of the Congo,Sud-Kivu,Sud-Kivu,11,beds,point,FALSE,TRUE,high,"Indicateur,Ituri,Nord-Kivu,Sud-Kivu,Ensemble
Patients au lit (J-1),280,36,11,327",Institut National de Santé Publique,CC BY 4.0,data/csv/030_table_06_tableau_5_mouvement_des_patients_dans_le.csv
insp,030,2026-06-13,2026-06-13,admissions,national,Democratic Republic of the Congo,"",Ensemble,68,patients,24h,FALSE,TRUE,high,"Indicateur,Ituri,Nord-Kivu,Sud-Kivu,Ensemble
Total admissions (24h),60,6,2,68",Institut National de Santé Publique,CC BY 4.0,data/csv/030_table_06_tableau_5_mouvement_des_patients_dans_le.csv
insp,030,2026-06-13,2026-06-13,admissions,province,Democratic Republic of the Congo,Ituri,Ituri,60,patients,24h,FALSE,TRUE,high,"Indicateur,Ituri,Nord-Kivu,Sud-Kivu,Ensemble
Total admissions (24h),60,6,2,68",Institut National de Santé Publique,CC BY 4.0,data/csv/030_table_06_tableau_5_mouvement_des_patients_dans_le.csv
insp,030,2026-06-13,2026-06-13,admissions,province,Democratic Republic of the Congo,Nord-Kivu,Nord-Kivu,6,patients,24h,FALSE,TRUE,high,"Indicateur,Ituri,Nord-Kivu,Sud-Kivu,Ensemble
Total admissions (24h),60,6,2,68",Institut National de Santé Publique,CC BY 4.0,data/csv/030_table_06_tableau_5_mouvement_des_patients_dans_le.csv
insp,030,2026-06-13,2026-06-13,admissions,province,Democratic Republic of the Congo,Sud-Kivu,Sud-Kivu,2,patients,24h,FALSE,TRUE,high,"Indicateur,Ituri,Nord-Kivu,Sud-Kivu,Ensemble
Total admissions (24h),60,6,2,68",Institut National de Santé Publique,CC BY 4.0,data/csv/030_table_06_tableau_5_mouvement_des_patients_dans_le.csv
insp,030,2026-06-13,2026-06-13,bed_occupancy_pct,national,Democratic Republic of the Congo,"",Ensemble,82.9,percent,point,FALSE,TRUE,low,"Indicateur,Ituri,Nord-Kivu,Sud-Kivu,Ensemble
Taux d'occupation global,""93,9%"",""59,2%"",""21,9%"",""82,9%""",Institut National de Santé Publique,CC BY 4.0,data/csv/030_table_06_tableau_5_mouvement_des_patients_dans_le.csv
insp,030,2026-06-13,2026-06-13,bed_occupancy_pct,province,Democratic Republic of the Congo,Ituri,Ituri,93.9,percent,point,FALSE,TRUE,low,"Indicateur,Ituri,Nord-Kivu,Sud-Kivu,Ensemble
Taux d'occupation global,""93,9%"",""59,2%"",""21,9%"",""82,9%""",Institut National de Santé Publique,CC BY 4.0,data/csv/030_table_06_tableau_5_mouvement_des_patients_dans_le.csv
insp,030,2026-06-13,2026-06-13,bed_occupancy_pct,province,Democratic Republic of the Congo,Nord-Kivu,Nord-Kivu,59.2,percent,point,FALSE,TRUE,low,"Indicateur,Ituri,Nord-Kivu,Sud-Kivu,Ensemble
Taux d'occupation global,""93,9%"",""59,2%"",""21,9%"",""82,9%""",Institut National de Santé Publique,CC BY 4.0,data/csv/030_table_06_tableau_5_mouvement_des_patients_dans_le.csv
insp,030,2026-06-13,2026-06-13,bed_occupancy_pct,province,Democratic Republic of the Congo,Sud-Kivu,Sud-Kivu,21.9,percent,point,FALSE,TRUE,low,"Indicateur,Ituri,Nord-Kivu,Sud-Kivu,Ensemble
Taux d'occupation global,""93,9%"",""59,2%"",""21,9%"",""82,9%""",Institut National de Santé Publique,CC BY 4.0,data/csv/030_table_06_tableau_5_mouvement_des_patients_dans_le.csv
insp,031,2026-06-14,2026-06-13,beds_occupied,national,Democratic Republic of the Congo,"",Ensemble,361,beds,point,FALSE,TRUE,high,"Indicateur,Ituri,Nord-Kivu,Sud-Kivu,Ensemble
Patients au lit (J-1),312,42,7,361",Institut National de Santé Publique,CC BY 4.0,data/csv/031_table_06_tableau_5_mouvement_des_patients_dans_le.csv
insp,031,2026-06-14,2026-06-13,beds_occupied,province,Democratic Republic of the Congo,Ituri,Ituri,312,beds,point,FALSE,TRUE,high,"Indicateur,Ituri,Nord-Kivu,Sud-Kivu,Ensemble
Patients au lit (J-1),312,42,7,361",Institut National de Santé Publique,CC BY 4.0,data/csv/031_table_06_tableau_5_mouvement_des_patients_dans_le.csv
insp,031,2026-06-14,2026-06-13,beds_occupied,province,Democratic Republic of the Congo,Nord-Kivu,Nord-Kivu,42,beds,point,FALSE,TRUE,high,"Indicateur,Ituri,Nord-Kivu,Sud-Kivu,Ensemble
Patients au lit (J-1),312,42,7,361",Institut National de Santé Publique,CC BY 4.0,data/csv/031_table_06_tableau_5_mouvement_des_patients_dans_le.csv
insp,031,2026-06-14,2026-06-13,beds_occupied,province,Democratic Republic of the Congo,Sud-Kivu,Sud-Kivu,7,beds,point,FALSE,TRUE,high,"Indicateur,Ituri,Nord-Kivu,Sud-Kivu,Ensemble
Patients au lit (J-1),312,42,7,361",Institut National de Santé Publique,CC BY 4.0,data/csv/031_table_06_tableau_5_mouvement_des_patients_dans_le.csv
insp,030,2026-06-13,2026-06-13,deaths_in_facility,national,Democratic Republic of the Congo,"",Ensemble,13,patients,24h,FALSE,TRUE,high,"Indicateur,Ituri,Nord-Kivu,Sud-Kivu,Ensemble
Sorties (24h) Décédés (Suspects/Conf.),13,0,0,13",Institut National de Santé Publique,CC BY 4.0,data/csv/030_table_06_tableau_5_mouvement_des_patients_dans_le.csv
insp,030,2026-06-13,2026-06-13,deaths_in_facility,province,Democratic Republic of the Congo,Ituri,Ituri,13,patients,24h,FALSE,TRUE,high,"Indicateur,Ituri,Nord-Kivu,Sud-Kivu,Ensemble
Sorties (24h) Décédés (Suspects/Conf.),13,0,0,13",Institut National de Santé Publique,CC BY 4.0,data/csv/030_table_06_tableau_5_mouvement_des_patients_dans_le.csv
insp,030,2026-06-13,2026-06-13,deaths_in_facility,province,Democratic Republic of the Congo,Nord-Kivu,Nord-Kivu,0,patients,24h,FALSE,TRUE,high,"Indicateur,Ituri,Nord-Kivu,Sud-Kivu,Ensemble
Sorties (24h) Décédés (Suspects/Conf.),13,0,0,13",Institut National de Santé Publique,CC BY 4.0,data/csv/030_table_06_tableau_5_mouvement_des_patients_dans_le.csv
insp,030,2026-06-13,2026-06-13,deaths_in_facility,province,Democratic Republic of the Congo,Sud-Kivu,Sud-Kivu,0,patients,24h,FALSE,TRUE,high,"Indicateur,Ituri,Nord-Kivu,Sud-Kivu,Ensemble
Sorties (24h) Décédés (Suspects/Conf.),13,0,0,13",Institut National de Santé Publique,CC BY 4.0,data/csv/030_table_06_tableau_5_mouvement_des_patients_dans_le.csv
insp,030,2026-06-13,2026-06-13,escapes,national,Democratic Republic of the Congo,"",Ensemble,0,patients,24h,FALSE,TRUE,high,"Indicateur,Ituri,Nord-Kivu,Sud-Kivu,Ensemble
Sorties (24h) Évadés (Suspects/Conf.),0,0,0,0",Institut National de Santé Publique,CC BY 4.0,data/csv/030_table_06_tableau_5_mouvement_des_patients_dans_le.csv
insp,030,2026-06-13,2026-06-13,escapes,province,Democratic Republic of the Congo,Ituri,Ituri,0,patients,24h,FALSE,TRUE,high,"Indicateur,Ituri,Nord-Kivu,Sud-Kivu,Ensemble
Sorties (24h) Évadés (Suspects/Conf.),0,0,0,0",Institut National de Santé Publique,CC BY 4.0,data/csv/030_table_06_tableau_5_mouvement_des_patients_dans_le.csv
insp,030,2026-06-13,2026-06-13,escapes,province,Democratic Republic of the Congo,Nord-Kivu,Nord-Kivu,0,patients,24h,FALSE,TRUE,high,"Indicateur,Ituri,Nord-Kivu,Sud-Kivu,Ensemble
Sorties (24h) Évadés (Suspects/Conf.),0,0,0,0",Institut National de Santé Publique,CC BY 4.0,data/csv/030_table_06_tableau_5_mouvement_des_patients_dans_le.csv
insp,030,2026-06-13,2026-06-13,escapes,province,Democratic Republic of the Congo,Sud-Kivu,Sud-Kivu,0,patients,24h,FALSE,TRUE,high,"Indicateur,Ituri,Nord-Kivu,Sud-Kivu,Ensemble
Sorties (24h) Évadés (Suspects/Conf.),0,0,0,0",Institut National de Santé Publique,CC BY 4.0,data/csv/030_table_06_tableau_5_mouvement_des_patients_dans_le.csv
insp,030,2026-06-13,2026-06-13,patients_in_isolation,national,Democratic Republic of the Congo,"",Ensemble,359,patients,point,FALSE,TRUE,high,"Indicateur,Ituri,Nord-Kivu,Sud-Kivu,Ensemble
Patients en isolement (Fin J),310,42,7,359",Institut National de Santé Publique,CC BY 4.0,data/csv/030_table_06_tableau_5_mouvement_des_patients_dans_le.csv
insp,030,2026-06-13,2026-06-13,patients_in_isolation,province,Democratic Republic of the Congo,Ituri,Ituri,310,patients,point,FALSE,TRUE,high,"Indicateur,Ituri,Nord-Kivu,Sud-Kivu,Ensemble
Patients en isolement (Fin J),310,42,7,359",Institut National de Santé Publique,CC BY 4.0,data/csv/030_table_06_tableau_5_mouvement_des_patients_dans_le.csv
insp,030,2026-06-13,2026-06-13,patients_in_isolation,province,Democratic Republic of the Congo,Nord-Kivu,Nord-Kivu,42,patients,point,FALSE,TRUE,high,"Indicateur,Ituri,Nord-Kivu,Sud-Kivu,Ensemble
Patients en isolement (Fin J),310,42,7,359",Institut National de Santé Publique,CC BY 4.0,data/csv/030_table_06_tableau_5_mouvement_des_patients_dans_le.csv
insp,030,2026-06-13,2026-06-13,patients_in_isolation,province,Democratic Republic of the Congo,Sud-Kivu,Sud-Kivu,7,patients,point,FALSE,TRUE,high,"Indicateur,Ituri,Nord-Kivu,Sud-Kivu,Ensemble
Patients en isolement (Fin J),310,42,7,359",Institut National de Santé Publique,CC BY 4.0,data/csv/030_table_06_tableau_5_mouvement_des_patients_dans_le.csv
insp,031,2026-06-14,2026-06-14,admissions,national,Democratic Republic of the Congo,"",Ensemble,54,patients,24h,FALSE,TRUE,high,"Indicateur,Ituri,Nord-Kivu,Sud-Kivu,Ensemble
Total admissions (24h),44,8,2,54",Institut National de Santé Publique,CC BY 4.0,data/csv/031_table_06_tableau_5_mouvement_des_patients_dans_le.csv
insp,031,2026-06-14,2026-06-14,admissions,province,Democratic Republic of the Congo,Ituri,Ituri,44,patients,24h,FALSE,TRUE,high,"Indicateur,Ituri,Nord-Kivu,Sud-Kivu,Ensemble
Total admissions (24h),44,8,2,54",Institut National de Santé Publique,CC BY 4.0,data/csv/031_table_06_tableau_5_mouvement_des_patients_dans_le.csv
insp,031,2026-06-14,2026-06-14,admissions,province,Democratic Republic of the Congo,Nord-Kivu,Nord-Kivu,8,patients,24h,FALSE,TRUE,high,"Indicateur,Ituri,Nord-Kivu,Sud-Kivu,Ensemble
Total admissions (24h),44,8,2,54",Institut National de Santé Publique,CC BY 4.0,data/csv/031_table_06_tableau_5_mouvement_des_patients_dans_le.csv
insp,031,2026-06-14,2026-06-14,admissions,province,Democratic Republic of the Congo,Sud-Kivu,Sud-Kivu,2,patients,24h,FALSE,TRUE,high,"Indicateur,Ituri,Nord-Kivu,Sud-Kivu,Ensemble
Total admissions (24h),44,8,2,54",Institut National de Santé Publique,CC BY 4.0,data/csv/031_table_06_tableau_5_mouvement_des_patients_dans_le.csv
who_afro,afro-05,2026-06-14,2026-06-14,bed_occupancy_pct,national,Democratic Republic of the Congo,"","",83.8,percent,point,FALSE,TRUE,high,"Overall bed occupancy reached 83.8%, including 94.8% in Ituri Province,",World Health Organization Regional Office for Africa,CC BY-NC-SA 3.0 IGO,https://iris.who.int/handle/10665/386445
insp,031,2026-06-14,2026-06-14,bed_occupancy_pct,national,Democratic Republic of the Congo,"",Ensemble,83.8,percent,point,FALSE,TRUE,low,"Indicateur,Ituri,Nord-Kivu,Sud-Kivu,Ensemble
Taux d'occupation global,""94,8%"",""62,0%"",""18,8%"",""83,8%""",Institut National de Santé Publique,CC BY 4.0,data/csv/031_table_06_tableau_5_mouvement_des_patients_dans_le.csv
who_afro,afro-05,2026-06-14,2026-06-14,bed_occupancy_pct,province,Democratic Republic of the Congo,Ituri,Ituri Province,94.8,percent,point,FALSE,TRUE,high,"Overall bed occupancy reached 83.8%, including 94.8% in Ituri Province,",World Health Organization Regional Office for Africa,CC BY-NC-SA 3.0 IGO,https://iris.who.int/handle/10665/386445
insp,031,2026-06-14,2026-06-14,bed_occupancy_pct,province,Democratic Republic of the Congo,Ituri,Ituri,94.8,percent,point,FALSE,TRUE,low,"Indicateur,Ituri,Nord-Kivu,Sud-Kivu,Ensemble
Taux d'occupation global,""94,8%"",""62,0%"",""18,8%"",""83,8%""",Institut National de Santé Publique,CC BY 4.0,data/csv/031_table_06_tableau_5_mouvement_des_patients_dans_le.csv
insp,031,2026-06-14,2026-06-14,bed_occupancy_pct,province,Democratic Republic of the Congo,Nord-Kivu,Nord-Kivu,62,percent,point,FALSE,TRUE,low,"Indicateur,Ituri,Nord-Kivu,Sud-Kivu,Ensemble
Taux d'occupation global,""94,8%"",""62,0%"",""18,8%"",""83,8%""",Institut National de Santé Publique,CC BY 4.0,data/csv/031_table_06_tableau_5_mouvement_des_patients_dans_le.csv
insp,031,2026-06-14,2026-06-14,bed_occupancy_pct,province,Democratic Republic of the Congo,Sud-Kivu,Sud-Kivu,18.8,percent,point,FALSE,TRUE,low,"Indicateur,Ituri,Nord-Kivu,Sud-Kivu,Ensemble
Taux d'occupation global,""94,8%"",""62,0%"",""18,8%"",""83,8%""",Institut National de Santé Publique,CC BY 4.0,data/csv/031_table_06_tableau_5_mouvement_des_patients_dans_le.csv
who_afro,afro-05,2026-06-14,2026-06-14,beds_capacity,facility,Uganda,Entebbe isolation facility,Entebbe isolation facility,56,beds,point,FALSE,TRUE,high,"facility in Kampala; 56 beds, including four critical care beds, at the Entebbe isolation facility;",World Health Organization Regional Office for Africa,CC BY-NC-SA 3.0 IGO,https://iris.who.int/handle/10665/386445
who_afro,afro-05,2026-06-14,2026-06-14,beds_capacity,facility,Uganda,Mulago Field Isolation Facility,Mulago Field Isolation Facility,32,beds,point,FALSE,TRUE,high,"at the Entebbe isolation facility; and an
additional 32 beds at the Mulago Field Isolation Facility.",World Health Organization Regional Office for Africa,CC BY-NC-SA 3.0 IGO,https://iris.who.int/handle/10665/386445
who_afro,afro-05,2026-06-14,2026-06-14,beds_capacity,facility,Uganda,Mulago isolation facility,Mulago isolation facility,84,beds,point,FALSE,TRUE,high,"In Uganda, treatment capacity included 84 beds, including 10 critical care beds, at the Mulago isolation
facility in Kampala;",World Health Organization Regional Office for Africa,CC BY-NC-SA 3.0 IGO,https://iris.who.int/handle/10665/386445
insp,032,2026-06-15,2026-06-14,beds_occupied,national,Democratic Republic of the Congo,"",Ensemble,362,beds,point,FALSE,TRUE,high,"Indicateur,Ituri,Nord-Kivu,Sud-Kivu,Ensemble
Patients au lit (J-1),312,44,6,362",Institut National de Santé Publique,CC BY 4.0,data/csv/032_table_06_tableau_6_mouvement_des_patients_dans_le.csv
insp,032,2026-06-15,2026-06-14,beds_occupied,province,Democratic Republic of the Congo,Ituri,Ituri,312,beds,point,FALSE,TRUE,high,"Indicateur,Ituri,Nord-Kivu,Sud-Kivu,Ensemble
Patients au lit (J-1),312,44,6,362",Institut National de Santé Publique,CC BY 4.0,data/csv/032_table_06_tableau_6_mouvement_des_patients_dans_le.csv
insp,032,2026-06-15,2026-06-14,beds_occupied,province,Democratic Republic of the Congo,Nord-Kivu,Nord-Kivu,44,beds,point,FALSE,TRUE,high,"Indicateur,Ituri,Nord-Kivu,Sud-Kivu,Ensemble
Patients au lit (J-1),312,44,6,362",Institut National de Santé Publique,CC BY 4.0,data/csv/032_table_06_tableau_6_mouvement_des_patients_dans_le.csv
insp,032,2026-06-15,2026-06-14,beds_occupied,province,Democratic Republic of the Congo,Sud-Kivu,Sud-Kivu,6,beds,point,FALSE,TRUE,high,"Indicateur,Ituri,Nord-Kivu,Sud-Kivu,Ensemble
Patients au lit (J-1),312,44,6,362",Institut National de Santé Publique,CC BY 4.0,data/csv/032_table_06_tableau_6_mouvement_des_patients_dans_le.csv
insp,031,2026-06-14,2026-06-14,deaths_in_facility,national,Democratic Republic of the Congo,"",Ensemble,9,patients,24h,FALSE,TRUE,high,"Indicateur,Ituri,Nord-Kivu,Sud-Kivu,Ensemble
Sorties (24h) Décédés (Suspects/Conf.),9,0,0,9",Institut National de Santé Publique,CC BY 4.0,data/csv/031_table_06_tableau_5_mouvement_des_patients_dans_le.csv
insp,031,2026-06-14,2026-06-14,deaths_in_facility,province,Democratic Republic of the Congo,Ituri,Ituri,9,patients,24h,FALSE,TRUE,high,"Indicateur,Ituri,Nord-Kivu,Sud-Kivu,Ensemble
Sorties (24h) Décédés (Suspects/Conf.),9,0,0,9",Institut National de Santé Publique,CC BY 4.0,data/csv/031_table_06_tableau_5_mouvement_des_patients_dans_le.csv
insp,031,2026-06-14,2026-06-14,deaths_in_facility,province,Democratic Republic of the Congo,Nord-Kivu,Nord-Kivu,0,patients,24h,FALSE,TRUE,high,"Indicateur,Ituri,Nord-Kivu,Sud-Kivu,Ensemble
Sorties (24h) Décédés (Suspects/Conf.),9,0,0,9",Institut National de Santé Publique,CC BY 4.0,data/csv/031_table_06_tableau_5_mouvement_des_patients_dans_le.csv
insp,031,2026-06-14,2026-06-14,deaths_in_facility,province,Democratic Republic of the Congo,Sud-Kivu,Sud-Kivu,0,patients,24h,FALSE,TRUE,high,"Indicateur,Ituri,Nord-Kivu,Sud-Kivu,Ensemble
Sorties (24h) Décédés (Suspects/Conf.),9,0,0,9",Institut National de Santé Publique,CC BY 4.0,data/csv/031_table_06_tableau_5_mouvement_des_patients_dans_le.csv
who_afro,afro-05,2026-06-14,2026-06-14,discharges_recovered,national,Democratic Republic of the Congo,"","",48,patients,cumulative,FALSE,TRUE,high,"A total of 48
patients had recovered as of 14 June 2026.",World Health Organization Regional Office for Africa,CC BY-NC-SA 3.0 IGO,https://iris.who.int/handle/10665/386445
who_afro,afro-05,2026-06-14,2026-06-14,discharges_recovered,national,Uganda,"","",5,patients,cumulative,FALSE,TRUE,high,"A total of five cases had recovered while 12 were
still in admission.",World Health Organization Regional Office for Africa,CC BY-NC-SA 3.0 IGO,https://iris.who.int/handle/10665/386445
insp,031,2026-06-14,2026-06-14,discharges_recovered,national,Democratic Republic of the Congo,"",Ensemble,8,patients,24h,FALSE,TRUE,high,"Indicateur,Ituri,Nord-Kivu,Sud-Kivu,Ensemble
Sorties (24h) Guéris,8,0,0,8",Institut National de Santé Publique,CC BY 4.0,data/csv/031_table_06_tableau_5_mouvement_des_patients_dans_le.csv
insp,031,2026-06-14,2026-06-14,discharges_recovered,province,Democratic Republic of the Congo,Ituri,Ituri,8,patients,24h,FALSE,TRUE,high,"Indicateur,Ituri,Nord-Kivu,Sud-Kivu,Ensemble
Sorties (24h) Guéris,8,0,0,8",Institut National de Santé Publique,CC BY 4.0,data/csv/031_table_06_tableau_5_mouvement_des_patients_dans_le.csv
insp,031,2026-06-14,2026-06-14,discharges_recovered,province,Democratic Republic of the Congo,Nord-Kivu,Nord-Kivu,0,patients,24h,FALSE,TRUE,high,"Indicateur,Ituri,Nord-Kivu,Sud-Kivu,Ensemble
Sorties (24h) Guéris,8,0,0,8",Institut National de Santé Publique,CC BY 4.0,data/csv/031_table_06_tableau_5_mouvement_des_patients_dans_le.csv
insp,031,2026-06-14,2026-06-14,discharges_recovered,province,Democratic Republic of the Congo,Sud-Kivu,Sud-Kivu,0,patients,24h,FALSE,TRUE,high,"Indicateur,Ituri,Nord-Kivu,Sud-Kivu,Ensemble
Sorties (24h) Guéris,8,0,0,8",Institut National de Santé Publique,CC BY 4.0,data/csv/031_table_06_tableau_5_mouvement_des_patients_dans_le.csv
insp,031,2026-06-14,2026-06-14,escapes,national,Democratic Republic of the Congo,"",Ensemble,1,patients,24h,FALSE,TRUE,high,"Indicateur,Ituri,Nord-Kivu,Sud-Kivu,Ensemble
Sorties (24h) Évadés (Suspects/Conf.),1,0,0,1",Institut National de Santé Publique,CC BY 4.0,data/csv/031_table_06_tableau_5_mouvement_des_patients_dans_le.csv
insp,031,2026-06-14,2026-06-14,escapes,province,Democratic Republic of the Congo,Ituri,Ituri,1,patients,24h,FALSE,TRUE,high,"Indicateur,Ituri,Nord-Kivu,Sud-Kivu,Ensemble
Sorties (24h) Évadés (Suspects/Conf.),1,0,0,1",Institut National de Santé Publique,CC BY 4.0,data/csv/031_table_06_tableau_5_mouvement_des_patients_dans_le.csv
insp,031,2026-06-14,2026-06-14,escapes,province,Democratic Republic of the Congo,Nord-Kivu,Nord-Kivu,0,patients,24h,FALSE,TRUE,high,"Indicateur,Ituri,Nord-Kivu,Sud-Kivu,Ensemble
Sorties (24h) Évadés (Suspects/Conf.),1,0,0,1",Institut National de Santé Publique,CC BY 4.0,data/csv/031_table_06_tableau_5_mouvement_des_patients_dans_le.csv
insp,031,2026-06-14,2026-06-14,escapes,province,Democratic Republic of the Congo,Sud-Kivu,Sud-Kivu,0,patients,24h,FALSE,TRUE,high,"Indicateur,Ituri,Nord-Kivu,Sud-Kivu,Ensemble
Sorties (24h) Évadés (Suspects/Conf.),1,0,0,1",Institut National de Santé Publique,CC BY 4.0,data/csv/031_table_06_tableau_5_mouvement_des_patients_dans_le.csv
who_afro,afro-05,2026-06-14,2026-06-14,laboratories_testing,national,Uganda,"","",4,laboratories,point,FALSE,TRUE,high,"In Uganda, Bundibugyo virus testing is being conducted through four operational laboratories,",World Health Organization Regional Office for Africa,CC BY-NC-SA 3.0 IGO,https://iris.who.int/handle/10665/386445
who_afro,afro-05,2026-06-14,2026-06-14,patients_in_isolation,national,Democratic Republic of the Congo,"","",363,patients,point,FALSE,TRUE,high,"As of 14 June 2026, a total of 363 patients
were in isolation and treatment centres",World Health Organization Regional Office for Africa,CC BY-NC-SA 3.0 IGO,https://iris.who.int/handle/10665/386445
who_afro,afro-05,2026-06-14,2026-06-14,patients_in_isolation,national,Uganda,"","",12,patients,point,FALSE,TRUE,high,"A total of five cases had recovered while 12 were
still in admission.",World Health Organization Regional Office for Africa,CC BY-NC-SA 3.0 IGO,https://iris.who.int/handle/10665/386445
insp,031,2026-06-14,2026-06-14,patients_in_isolation,national,Democratic Republic of the Congo,"",Ensemble,363,patients,point,FALSE,TRUE,high,"Indicateur,Ituri,Nord-Kivu,Sud-Kivu,Ensemble
Patients en isolement (Fin J),313,44,6,363",Institut National de Santé Publique,CC BY 4.0,data/csv/031_table_06_tableau_5_mouvement_des_patients_dans_le.csv
insp,031,2026-06-14,2026-06-14,patients_in_isolation,province,Democratic Republic of the Congo,Ituri,Ituri,313,patients,point,FALSE,TRUE,high,"Indicateur,Ituri,Nord-Kivu,Sud-Kivu,Ensemble
Patients en isolement (Fin J),313,44,6,363",Institut National de Santé Publique,CC BY 4.0,data/csv/031_table_06_tableau_5_mouvement_des_patients_dans_le.csv
insp,031,2026-06-14,2026-06-14,patients_in_isolation,province,Democratic Republic of the Congo,Nord-Kivu,Nord-Kivu,44,patients,point,FALSE,TRUE,high,"Indicateur,Ituri,Nord-Kivu,Sud-Kivu,Ensemble
Patients en isolement (Fin J),313,44,6,363",Institut National de Santé Publique,CC BY 4.0,data/csv/031_table_06_tableau_5_mouvement_des_patients_dans_le.csv
insp,031,2026-06-14,2026-06-14,patients_in_isolation,province,Democratic Republic of the Congo,Sud-Kivu,Sud-Kivu,6,patients,point,FALSE,TRUE,high,"Indicateur,Ituri,Nord-Kivu,Sud-Kivu,Ensemble
Patients en isolement (Fin J),313,44,6,363",Institut National de Santé Publique,CC BY 4.0,data/csv/031_table_06_tableau_5_mouvement_des_patients_dans_le.csv
insp,032,2026-06-15,2026-06-15,admissions,national,Democratic Republic of the Congo,"",Ensemble,61,patients,24h,FALSE,TRUE,high,"Indicateur,Ituri,Nord-Kivu,Sud-Kivu,Ensemble
Total admissions (24h),47,7,7,61",Institut National de Santé Publique,CC BY 4.0,data/csv/032_table_06_tableau_6_mouvement_des_patients_dans_le.csv
insp,032,2026-06-15,2026-06-15,admissions,province,Democratic Republic of the Congo,Ituri,Ituri,47,patients,24h,FALSE,TRUE,high,"Indicateur,Ituri,Nord-Kivu,Sud-Kivu,Ensemble
Total admissions (24h),47,7,7,61",Institut National de Santé Publique,CC BY 4.0,data/csv/032_table_06_tableau_6_mouvement_des_patients_dans_le.csv
insp,032,2026-06-15,2026-06-15,admissions,province,Democratic Republic of the Congo,Nord-Kivu,Nord-Kivu,7,patients,24h,FALSE,TRUE,high,"Indicateur,Ituri,Nord-Kivu,Sud-Kivu,Ensemble
Total admissions (24h),47,7,7,61",Institut National de Santé Publique,CC BY 4.0,data/csv/032_table_06_tableau_6_mouvement_des_patients_dans_le.csv
insp,032,2026-06-15,2026-06-15,admissions,province,Democratic Republic of the Congo,Sud-Kivu,Sud-Kivu,7,patients,24h,FALSE,TRUE,high,"Indicateur,Ituri,Nord-Kivu,Sud-Kivu,Ensemble
Total admissions (24h),47,7,7,61",Institut National de Santé Publique,CC BY 4.0,data/csv/032_table_06_tableau_6_mouvement_des_patients_dans_le.csv
insp,032,2026-06-15,2026-06-15,bed_occupancy_pct,national,Democratic Republic of the Congo,"",Ensemble,86.8,percent,point,FALSE,TRUE,low,"Indicateur,Ituri,Nord-Kivu,Sud-Kivu,Ensemble
Taux d'occupation global,""97,3%"",""63,4%"",""31,3%"",""86,8%""",Institut National de Santé Publique,CC BY 4.0,data/csv/032_table_06_tableau_6_mouvement_des_patients_dans_le.csv
insp,032,2026-06-15,2026-06-15,bed_occupancy_pct,province,Democratic Republic of the Congo,Ituri,Ituri,97.3,percent,point,FALSE,TRUE,low,"Indicateur,Ituri,Nord-Kivu,Sud-Kivu,Ensemble
Taux d'occupation global,""97,3%"",""63,4%"",""31,3%"",""86,8%""",Institut National de Santé Publique,CC BY 4.0,data/csv/032_table_06_tableau_6_mouvement_des_patients_dans_le.csv
insp,032,2026-06-15,2026-06-15,bed_occupancy_pct,province,Democratic Republic of the Congo,Nord-Kivu,Nord-Kivu,63.4,percent,point,FALSE,TRUE,low,"Indicateur,Ituri,Nord-Kivu,Sud-Kivu,Ensemble
Taux d'occupation global,""97,3%"",""63,4%"",""31,3%"",""86,8%""",Institut National de Santé Publique,CC BY 4.0,data/csv/032_table_06_tableau_6_mouvement_des_patients_dans_le.csv
insp,032,2026-06-15,2026-06-15,bed_occupancy_pct,province,Democratic Republic of the Congo,Sud-Kivu,Sud-Kivu,31.3,percent,point,FALSE,TRUE,low,"Indicateur,Ituri,Nord-Kivu,Sud-Kivu,Ensemble
Taux d'occupation global,""97,3%"",""63,4%"",""31,3%"",""86,8%""",Institut National de Santé Publique,CC BY 4.0,data/csv/032_table_06_tableau_6_mouvement_des_patients_dans_le.csv
insp,033,2026-06-16,2026-06-15,beds_occupied,national,Democratic Republic of the Congo,"",Ensemble,376,beds,point,FALSE,TRUE,high,"Indicateur,Ituri,Nord-Kivu,Sud-Kivu,Ensemble
Patients au lit (J-1),321,45,10,376",Institut National de Santé Publique,CC BY 4.0,data/csv/033_table_05_tableau_5_mouvement_des_patients_dans_le.csv
insp,033,2026-06-16,2026-06-15,beds_occupied,province,Democratic Republic of the Congo,Ituri,Ituri,321,beds,point,FALSE,TRUE,high,"Indicateur,Ituri,Nord-Kivu,Sud-Kivu,Ensemble
Patients au lit (J-1),321,45,10,376",Institut National de Santé Publique,CC BY 4.0,data/csv/033_table_05_tableau_5_mouvement_des_patients_dans_le.csv
insp,033,2026-06-16,2026-06-15,beds_occupied,province,Democratic Republic of the Congo,Nord-Kivu,Nord-Kivu,45,beds,point,FALSE,TRUE,high,"Indicateur,Ituri,Nord-Kivu,Sud-Kivu,Ensemble
Patients au lit (J-1),321,45,10,376",Institut National de Santé Publique,CC BY 4.0,data/csv/033_table_05_tableau_5_mouvement_des_patients_dans_le.csv
insp,033,2026-06-16,2026-06-15,beds_occupied,province,Democratic Republic of the Congo,Sud-Kivu,Sud-Kivu,10,beds,point,FALSE,TRUE,high,"Indicateur,Ituri,Nord-Kivu,Sud-Kivu,Ensemble
Patients au lit (J-1),321,45,10,376",Institut National de Santé Publique,CC BY 4.0,data/csv/033_table_05_tableau_5_mouvement_des_patients_dans_le.csv
insp,032,2026-06-15,2026-06-15,deaths_in_facility,national,Democratic Republic of the Congo,"",Ensemble,14,patients,24h,FALSE,TRUE,high,"Indicateur,Ituri,Nord-Kivu,Sud-Kivu,Ensemble
Sorties (24h) Décédés (Suspects/Conf.),14,0,0,14",Institut National de Santé Publique,CC BY 4.0,data/csv/032_table_06_tableau_6_mouvement_des_patients_dans_le.csv
insp,032,2026-06-15,2026-06-15,deaths_in_facility,province,Democratic Republic of the Congo,Ituri,Ituri,14,patients,24h,FALSE,TRUE,high,"Indicateur,Ituri,Nord-Kivu,Sud-Kivu,Ensemble
Sorties (24h) Décédés (Suspects/Conf.),14,0,0,14",Institut National de Santé Publique,CC BY 4.0,data/csv/032_table_06_tableau_6_mouvement_des_patients_dans_le.csv
insp,032,2026-06-15,2026-06-15,deaths_in_facility,province,Democratic Republic of the Congo,Nord-Kivu,Nord-Kivu,0,patients,24h,FALSE,TRUE,high,"Indicateur,Ituri,Nord-Kivu,Sud-Kivu,Ensemble
Sorties (24h) Décédés (Suspects/Conf.),14,0,0,14",Institut National de Santé Publique,CC BY 4.0,data/csv/032_table_06_tableau_6_mouvement_des_patients_dans_le.csv
insp,032,2026-06-15,2026-06-15,deaths_in_facility,province,Democratic Republic of the Congo,Sud-Kivu,Sud-Kivu,0,patients,24h,FALSE,TRUE,high,"Indicateur,Ituri,Nord-Kivu,Sud-Kivu,Ensemble
Sorties (24h) Décédés (Suspects/Conf.),14,0,0,14",Institut National de Santé Publique,CC BY 4.0,data/csv/032_table_06_tableau_6_mouvement_des_patients_dans_le.csv
insp,032,2026-06-15,2026-06-15,discharges_recovered,national,Democratic Republic of the Congo,"",Ensemble,1,patients,24h,FALSE,TRUE,high,"Indicateur,Ituri,Nord-Kivu,Sud-Kivu,Ensemble
Sorties (24h) Guéris,1,0,0,1",Institut National de Santé Publique,CC BY 4.0,data/csv/032_table_06_tableau_6_mouvement_des_patients_dans_le.csv
insp,032,2026-06-15,2026-06-15,discharges_recovered,province,Democratic Republic of the Congo,Ituri,Ituri,1,patients,24h,FALSE,TRUE,high,"Indicateur,Ituri,Nord-Kivu,Sud-Kivu,Ensemble
Sorties (24h) Guéris,1,0,0,1",Institut National de Santé Publique,CC BY 4.0,data/csv/032_table_06_tableau_6_mouvement_des_patients_dans_le.csv
insp,032,2026-06-15,2026-06-15,discharges_recovered,province,Democratic Republic of the Congo,Nord-Kivu,Nord-Kivu,0,patients,24h,FALSE,TRUE,high,"Indicateur,Ituri,Nord-Kivu,Sud-Kivu,Ensemble
Sorties (24h) Guéris,1,0,0,1",Institut National de Santé Publique,CC BY 4.0,data/csv/032_table_06_tableau_6_mouvement_des_patients_dans_le.csv
insp,032,2026-06-15,2026-06-15,discharges_recovered,province,Democratic Republic of the Congo,Sud-Kivu,Sud-Kivu,0,patients,24h,FALSE,TRUE,high,"Indicateur,Ituri,Nord-Kivu,Sud-Kivu,Ensemble
Sorties (24h) Guéris,1,0,0,1",Institut National de Santé Publique,CC BY 4.0,data/csv/032_table_06_tableau_6_mouvement_des_patients_dans_le.csv
insp,032,2026-06-15,2026-06-15,escapes,national,Democratic Republic of the Congo,"",Ensemble,6,patients,24h,FALSE,TRUE,high,"Indicateur,Ituri,Nord-Kivu,Sud-Kivu,Ensemble
Sorties (24h) Évadés (Suspects/Conf.),6,0,0,6",Institut National de Santé Publique,CC BY 4.0,data/csv/032_table_06_tableau_6_mouvement_des_patients_dans_le.csv
insp,032,2026-06-15,2026-06-15,escapes,province,Democratic Republic of the Congo,Ituri,Ituri,6,patients,24h,FALSE,TRUE,high,"Indicateur,Ituri,Nord-Kivu,Sud-Kivu,Ensemble
Sorties (24h) Évadés (Suspects/Conf.),6,0,0,6",Institut National de Santé Publique,CC BY 4.0,data/csv/032_table_06_tableau_6_mouvement_des_patients_dans_le.csv
insp,032,2026-06-15,2026-06-15,escapes,province,Democratic Republic of the Congo,Nord-Kivu,Nord-Kivu,0,patients,24h,FALSE,TRUE,high,"Indicateur,Ituri,Nord-Kivu,Sud-Kivu,Ensemble
Sorties (24h) Évadés (Suspects/Conf.),6,0,0,6",Institut National de Santé Publique,CC BY 4.0,data/csv/032_table_06_tableau_6_mouvement_des_patients_dans_le.csv
insp,032,2026-06-15,2026-06-15,escapes,province,Democratic Republic of the Congo,Sud-Kivu,Sud-Kivu,0,patients,24h,FALSE,TRUE,high,"Indicateur,Ituri,Nord-Kivu,Sud-Kivu,Ensemble
Sorties (24h) Évadés (Suspects/Conf.),6,0,0,6",Institut National de Santé Publique,CC BY 4.0,data/csv/032_table_06_tableau_6_mouvement_des_patients_dans_le.csv
insp,032,2026-06-15,2026-06-15,patients_in_isolation,national,Democratic Republic of the Congo,"",Ensemble,376,patients,point,FALSE,TRUE,high,"Indicateur,Ituri,Nord-Kivu,Sud-Kivu,Ensemble
Patients en isolement (Fin J),321,45,10,376",Institut National de Santé Publique,CC BY 4.0,data/csv/032_table_06_tableau_6_mouvement_des_patients_dans_le.csv
insp,032,2026-06-15,2026-06-15,patients_in_isolation,province,Democratic Republic of the Congo,Ituri,Ituri,321,patients,point,FALSE,TRUE,high,"Indicateur,Ituri,Nord-Kivu,Sud-Kivu,Ensemble
Patients en isolement (Fin J),321,45,10,376",Institut National de Santé Publique,CC BY 4.0,data/csv/032_table_06_tableau_6_mouvement_des_patients_dans_le.csv
insp,032,2026-06-15,2026-06-15,patients_in_isolation,province,Democratic Republic of the Congo,Nord-Kivu,Nord-Kivu,45,patients,point,FALSE,TRUE,high,"Indicateur,Ituri,Nord-Kivu,Sud-Kivu,Ensemble
Patients en isolement (Fin J),321,45,10,376",Institut National de Santé Publique,CC BY 4.0,data/csv/032_table_06_tableau_6_mouvement_des_patients_dans_le.csv
insp,032,2026-06-15,2026-06-15,patients_in_isolation,province,Democratic Republic of the Congo,Sud-Kivu,Sud-Kivu,10,patients,point,FALSE,TRUE,high,"Indicateur,Ituri,Nord-Kivu,Sud-Kivu,Ensemble
Patients en isolement (Fin J),321,45,10,376",Institut National de Santé Publique,CC BY 4.0,data/csv/032_table_06_tableau_6_mouvement_des_patients_dans_le.csv
insp,033,2026-06-16,2026-06-16,admissions,national,Democratic Republic of the Congo,"",Ensemble,67,patients,24h,FALSE,TRUE,high,"Indicateur,Ituri,Nord-Kivu,Sud-Kivu,Ensemble
Total admissions (24h),47,11,9,67",Institut National de Santé Publique,CC BY 4.0,data/csv/033_table_05_tableau_5_mouvement_des_patients_dans_le.csv
insp,033,2026-06-16,2026-06-16,admissions,province,Democratic Republic of the Congo,Ituri,Ituri,47,patients,24h,FALSE,TRUE,high,"Indicateur,Ituri,Nord-Kivu,Sud-Kivu,Ensemble
Total admissions (24h),47,11,9,67",Institut National de Santé Publique,CC BY 4.0,data/csv/033_table_05_tableau_5_mouvement_des_patients_dans_le.csv
insp,033,2026-06-16,2026-06-16,admissions,province,Democratic Republic of the Congo,Nord-Kivu,Nord-Kivu,11,patients,24h,FALSE,TRUE,high,"Indicateur,Ituri,Nord-Kivu,Sud-Kivu,Ensemble
Total admissions (24h),47,11,9,67",Institut National de Santé Publique,CC BY 4.0,data/csv/033_table_05_tableau_5_mouvement_des_patients_dans_le.csv
insp,033,2026-06-16,2026-06-16,admissions,province,Democratic Republic of the Congo,Sud-Kivu,Sud-Kivu,9,patients,24h,FALSE,TRUE,high,"Indicateur,Ituri,Nord-Kivu,Sud-Kivu,Ensemble
Total admissions (24h),47,11,9,67",Institut National de Santé Publique,CC BY 4.0,data/csv/033_table_05_tableau_5_mouvement_des_patients_dans_le.csv
insp,033,2026-06-16,2026-06-16,bed_occupancy_pct,national,Democratic Republic of the Congo,"",Ensemble,87.5,percent,point,FALSE,TRUE,low,"Indicateur,Ituri,Nord-Kivu,Sud-Kivu,Ensemble
Taux d'occupation global,""96,4%"",""64,8%"",""46,9%"",""87,5%""",Institut National de Santé Publique,CC BY 4.0,data/csv/033_table_05_tableau_5_mouvement_des_patients_dans_le.csv
insp,033,2026-06-16,2026-06-16,bed_occupancy_pct,province,Democratic Republic of the Congo,Ituri,Ituri,96.4,percent,point,FALSE,TRUE,low,"Indicateur,Ituri,Nord-Kivu,Sud-Kivu,Ensemble
Taux d'occupation global,""96,4%"",""64,8%"",""46,9%"",""87,5%""",Institut National de Santé Publique,CC BY 4.0,data/csv/033_table_05_tableau_5_mouvement_des_patients_dans_le.csv
insp,033,2026-06-16,2026-06-16,bed_occupancy_pct,province,Democratic Republic of the Congo,Nord-Kivu,Nord-Kivu,64.8,percent,point,FALSE,TRUE,low,"Indicateur,Ituri,Nord-Kivu,Sud-Kivu,Ensemble
Taux d'occupation global,""96,4%"",""64,8%"",""46,9%"",""87,5%""",Institut National de Santé Publique,CC BY 4.0,data/csv/033_table_05_tableau_5_mouvement_des_patients_dans_le.csv
insp,033,2026-06-16,2026-06-16,bed_occupancy_pct,province,Democratic Republic of the Congo,Sud-Kivu,Sud-Kivu,46.9,percent,point,FALSE,TRUE,low,"Indicateur,Ituri,Nord-Kivu,Sud-Kivu,Ensemble
Taux d'occupation global,""96,4%"",""64,8%"",""46,9%"",""87,5%""",Institut National de Santé Publique,CC BY 4.0,data/csv/033_table_05_tableau_5_mouvement_des_patients_dans_le.csv
insp,034,2026-06-17,2026-06-16,beds_occupied,national,Democratic Republic of the Congo,"",Ensemble,356,beds,point,FALSE,TRUE,high,"Indicateur,Ituri,Nord-Kivu,Sud-Kivu,Ensemble
Patients au lit (J-1),310,46,ND,356",Institut National de Santé Publique,CC BY 4.0,data/csv/034_table_06_tableau_6_mouvement_des_patients_dans_le.csv
insp,034,2026-06-17,2026-06-16,beds_occupied,province,Democratic Republic of the Congo,Ituri,Ituri,310,beds,point,FALSE,TRUE,high,"Indicateur,Ituri,Nord-Kivu,Sud-Kivu,Ensemble
Patients au lit (J-1),310,46,ND,356",Institut National de Santé Publique,CC BY 4.0,data/csv/034_table_06_tableau_6_mouvement_des_patients_dans_le.csv
insp,034,2026-06-17,2026-06-16,beds_occupied,province,Democratic Republic of the Congo,Nord-Kivu,Nord-Kivu,46,beds,point,FALSE,TRUE,high,"Indicateur,Ituri,Nord-Kivu,Sud-Kivu,Ensemble
Patients au lit (J-1),310,46,ND,356",Institut National de Santé Publique,CC BY 4.0,data/csv/034_table_06_tableau_6_mouvement_des_patients_dans_le.csv
insp,033,2026-06-16,2026-06-16,deaths_in_facility,national,Democratic Republic of the Congo,"",Ensemble,9,patients,24h,FALSE,TRUE,high,"Indicateur,Ituri,Nord-Kivu,Sud-Kivu,Ensemble
Sorties (24h) Décédés (Suspects/Conf.),8,1,0,9",Institut National de Santé Publique,CC BY 4.0,data/csv/033_table_05_tableau_5_mouvement_des_patients_dans_le.csv
insp,033,2026-06-16,2026-06-16,deaths_in_facility,province,Democratic Republic of the Congo,Ituri,Ituri,8,patients,24h,FALSE,TRUE,high,"Indicateur,Ituri,Nord-Kivu,Sud-Kivu,Ensemble
Sorties (24h) Décédés (Suspects/Conf.),8,1,0,9",Institut National de Santé Publique,CC BY 4.0,data/csv/033_table_05_tableau_5_mouvement_des_patients_dans_le.csv
insp,033,2026-06-16,2026-06-16,deaths_in_facility,province,Democratic Republic of the Congo,Nord-Kivu,Nord-Kivu,1,patients,24h,FALSE,TRUE,high,"Indicateur,Ituri,Nord-Kivu,Sud-Kivu,Ensemble
Sorties (24h) Décédés (Suspects/Conf.),8,1,0,9",Institut National de Santé Publique,CC BY 4.0,data/csv/033_table_05_tableau_5_mouvement_des_patients_dans_le.csv
insp,033,2026-06-16,2026-06-16,deaths_in_facility,province,Democratic Republic of the Congo,Sud-Kivu,Sud-Kivu,0,patients,24h,FALSE,TRUE,high,"Indicateur,Ituri,Nord-Kivu,Sud-Kivu,Ensemble
Sorties (24h) Décédés (Suspects/Conf.),8,1,0,9",Institut National de Santé Publique,CC BY 4.0,data/csv/033_table_05_tableau_5_mouvement_des_patients_dans_le.csv
insp,033,2026-06-16,2026-06-16,discharges_recovered,national,Democratic Republic of the Congo,"",Ensemble,18,patients,24h,FALSE,TRUE,high,"Indicateur,Ituri,Nord-Kivu,Sud-Kivu,Ensemble
Sorties (24h) Guéris,18,0,0,18",Institut National de Santé Publique,CC BY 4.0,data/csv/033_table_05_tableau_5_mouvement_des_patients_dans_le.csv
insp,033,2026-06-16,2026-06-16,discharges_recovered,province,Democratic Republic of the Congo,Ituri,Ituri,18,patients,24h,FALSE,TRUE,high,"Indicateur,Ituri,Nord-Kivu,Sud-Kivu,Ensemble
Sorties (24h) Guéris,18,0,0,18",Institut National de Santé Publique,CC BY 4.0,data/csv/033_table_05_tableau_5_mouvement_des_patients_dans_le.csv
insp,033,2026-06-16,2026-06-16,discharges_recovered,province,Democratic Republic of the Congo,Nord-Kivu,Nord-Kivu,0,patients,24h,FALSE,TRUE,high,"Indicateur,Ituri,Nord-Kivu,Sud-Kivu,Ensemble
Sorties (24h) Guéris,18,0,0,18",Institut National de Santé Publique,CC BY 4.0,data/csv/033_table_05_tableau_5_mouvement_des_patients_dans_le.csv
insp,033,2026-06-16,2026-06-16,discharges_recovered,province,Democratic Republic of the Congo,Sud-Kivu,Sud-Kivu,0,patients,24h,FALSE,TRUE,high,"Indicateur,Ituri,Nord-Kivu,Sud-Kivu,Ensemble
Sorties (24h) Guéris,18,0,0,18",Institut National de Santé Publique,CC BY 4.0,data/csv/033_table_05_tableau_5_mouvement_des_patients_dans_le.csv
insp,033,2026-06-16,2026-06-16,escapes,national,Democratic Republic of the Congo,"",Ensemble,1,patients,24h,FALSE,TRUE,high,"Indicateur,Ituri,Nord-Kivu,Sud-Kivu,Ensemble
Sorties (24h) Évadés (Suspects/Conf.),1,0,0,1",Institut National de Santé Publique,CC BY 4.0,data/csv/033_table_05_tableau_5_mouvement_des_patients_dans_le.csv
insp,033,2026-06-16,2026-06-16,escapes,province,Democratic Republic of the Congo,Ituri,Ituri,1,patients,24h,FALSE,TRUE,high,"Indicateur,Ituri,Nord-Kivu,Sud-Kivu,Ensemble
Sorties (24h) Évadés (Suspects/Conf.),1,0,0,1",Institut National de Santé Publique,CC BY 4.0,data/csv/033_table_05_tableau_5_mouvement_des_patients_dans_le.csv
insp,033,2026-06-16,2026-06-16,escapes,province,Democratic Republic of the Congo,Nord-Kivu,Nord-Kivu,0,patients,24h,FALSE,TRUE,high,"Indicateur,Ituri,Nord-Kivu,Sud-Kivu,Ensemble
Sorties (24h) Évadés (Suspects/Conf.),1,0,0,1",Institut National de Santé Publique,CC BY 4.0,data/csv/033_table_05_tableau_5_mouvement_des_patients_dans_le.csv
insp,033,2026-06-16,2026-06-16,escapes,province,Democratic Republic of the Congo,Sud-Kivu,Sud-Kivu,0,patients,24h,FALSE,TRUE,high,"Indicateur,Ituri,Nord-Kivu,Sud-Kivu,Ensemble
Sorties (24h) Évadés (Suspects/Conf.),1,0,0,1",Institut National de Santé Publique,CC BY 4.0,data/csv/033_table_05_tableau_5_mouvement_des_patients_dans_le.csv
insp,033,2026-06-16,2026-06-16,patients_in_isolation,national,Democratic Republic of the Congo,"",Ensemble,379,patients,point,FALSE,TRUE,high,"Indicateur,Ituri,Nord-Kivu,Sud-Kivu,Ensemble
Patients en isolement (Fin J),318,46,15,379",Institut National de Santé Publique,CC BY 4.0,data/csv/033_table_05_tableau_5_mouvement_des_patients_dans_le.csv
insp,033,2026-06-16,2026-06-16,patients_in_isolation,province,Democratic Republic of the Congo,Ituri,Ituri,318,patients,point,FALSE,TRUE,high,"Indicateur,Ituri,Nord-Kivu,Sud-Kivu,Ensemble
Patients en isolement (Fin J),318,46,15,379",Institut National de Santé Publique,CC BY 4.0,data/csv/033_table_05_tableau_5_mouvement_des_patients_dans_le.csv
insp,033,2026-06-16,2026-06-16,patients_in_isolation,province,Democratic Republic of the Congo,Nord-Kivu,Nord-Kivu,46,patients,point,FALSE,TRUE,high,"Indicateur,Ituri,Nord-Kivu,Sud-Kivu,Ensemble
Patients en isolement (Fin J),318,46,15,379",Institut National de Santé Publique,CC BY 4.0,data/csv/033_table_05_tableau_5_mouvement_des_patients_dans_le.csv
insp,033,2026-06-16,2026-06-16,patients_in_isolation,province,Democratic Republic of the Congo,Sud-Kivu,Sud-Kivu,15,patients,point,FALSE,TRUE,high,"Indicateur,Ituri,Nord-Kivu,Sud-Kivu,Ensemble
Patients en isolement (Fin J),318,46,15,379",Institut National de Santé Publique,CC BY 4.0,data/csv/033_table_05_tableau_5_mouvement_des_patients_dans_le.csv
insp,034,2026-06-17,2026-06-17,admissions,national,Democratic Republic of the Congo,"",Ensemble,67,patients,24h,FALSE,TRUE,high,"Indicateur,Ituri,Nord-Kivu,Sud-Kivu,Ensemble
Total admissions (24h),61,6,ND,67",Institut National de Santé Publique,CC BY 4.0,data/csv/034_table_06_tableau_6_mouvement_des_patients_dans_le.csv
insp,034,2026-06-17,2026-06-17,admissions,province,Democratic Republic of the Congo,Ituri,Ituri,61,patients,24h,FALSE,TRUE,high,"Indicateur,Ituri,Nord-Kivu,Sud-Kivu,Ensemble
Total admissions (24h),61,6,ND,67",Institut National de Santé Publique,CC BY 4.0,data/csv/034_table_06_tableau_6_mouvement_des_patients_dans_le.csv
insp,034,2026-06-17,2026-06-17,admissions,province,Democratic Republic of the Congo,Nord-Kivu,Nord-Kivu,6,patients,24h,FALSE,TRUE,high,"Indicateur,Ituri,Nord-Kivu,Sud-Kivu,Ensemble
Total admissions (24h),61,6,ND,67",Institut National de Santé Publique,CC BY 4.0,data/csv/034_table_06_tableau_6_mouvement_des_patients_dans_le.csv
insp,034,2026-06-17,2026-06-17,bed_occupancy_pct,national,Democratic Republic of the Congo,"",Ensemble,93.6,percent,point,FALSE,TRUE,low,"Indicateur,Ituri,Nord-Kivu,Sud-Kivu,Ensemble
Taux d'occupation global,""99,1%"",""67,6%"",NA,""93,6%""",Institut National de Santé Publique,CC BY 4.0,data/csv/034_table_06_tableau_6_mouvement_des_patients_dans_le.csv
insp,034,2026-06-17,2026-06-17,bed_occupancy_pct,province,Democratic Republic of the Congo,Ituri,Ituri,99.1,percent,point,FALSE,TRUE,low,"Indicateur,Ituri,Nord-Kivu,Sud-Kivu,Ensemble
Taux d'occupation global,""99,1%"",""67,6%"",NA,""93,6%""",Institut National de Santé Publique,CC BY 4.0,data/csv/034_table_06_tableau_6_mouvement_des_patients_dans_le.csv
insp,034,2026-06-17,2026-06-17,bed_occupancy_pct,province,Democratic Republic of the Congo,Nord-Kivu,Nord-Kivu,67.6,percent,point,FALSE,TRUE,low,"Indicateur,Ituri,Nord-Kivu,Sud-Kivu,Ensemble
Taux d'occupation global,""99,1%"",""67,6%"",NA,""93,6%""",Institut National de Santé Publique,CC BY 4.0,data/csv/034_table_06_tableau_6_mouvement_des_patients_dans_le.csv
insp,035,2026-06-18,2026-06-17,beds_occupied,national,Democratic Republic of the Congo,"",Ensemble,398,beds,point,FALSE,TRUE,high,"Indicateur,Ituri,Nord-Kivu,Sud-Kivu,Ensemble
Patients au lit (J-1),335,48,15,398",Institut National de Santé Publique,CC BY 4.0,data/csv/035_table_06_tableau_6_mouvement_des_patients_dans_le.csv
insp,035,2026-06-18,2026-06-17,beds_occupied,province,Democratic Republic of the Congo,Ituri,Ituri,335,beds,point,FALSE,TRUE,high,"Indicateur,Ituri,Nord-Kivu,Sud-Kivu,Ensemble
Patients au lit (J-1),335,48,15,398",Institut National de Santé Publique,CC BY 4.0,data/csv/035_table_06_tableau_6_mouvement_des_patients_dans_le.csv
insp,035,2026-06-18,2026-06-17,beds_occupied,province,Democratic Republic of the Congo,Nord-Kivu,Nord-Kivu,48,beds,point,FALSE,TRUE,high,"Indicateur,Ituri,Nord-Kivu,Sud-Kivu,Ensemble
Patients au lit (J-1),335,48,15,398",Institut National de Santé Publique,CC BY 4.0,data/csv/035_table_06_tableau_6_mouvement_des_patients_dans_le.csv
insp,035,2026-06-18,2026-06-17,beds_occupied,province,Democratic Republic of the Congo,Sud-Kivu,Sud-Kivu,15,beds,point,FALSE,TRUE,high,"Indicateur,Ituri,Nord-Kivu,Sud-Kivu,Ensemble
Patients au lit (J-1),335,48,15,398",Institut National de Santé Publique,CC BY 4.0,data/csv/035_table_06_tableau_6_mouvement_des_patients_dans_le.csv
insp,034,2026-06-17,2026-06-17,deaths_in_facility,national,Democratic Republic of the Congo,"",Ensemble,7,patients,24h,FALSE,TRUE,high,"Indicateur,Ituri,Nord-Kivu,Sud-Kivu,Ensemble
Sorties (24h) Décédés (Suspects/Conf.),7,0,ND,7",Institut National de Santé Publique,CC BY 4.0,data/csv/034_table_06_tableau_6_mouvement_des_patients_dans_le.csv
insp,034,2026-06-17,2026-06-17,deaths_in_facility,province,Democratic Republic of the Congo,Ituri,Ituri,7,patients,24h,FALSE,TRUE,high,"Indicateur,Ituri,Nord-Kivu,Sud-Kivu,Ensemble
Sorties (24h) Décédés (Suspects/Conf.),7,0,ND,7",Institut National de Santé Publique,CC BY 4.0,data/csv/034_table_06_tableau_6_mouvement_des_patients_dans_le.csv
insp,034,2026-06-17,2026-06-17,deaths_in_facility,province,Democratic Republic of the Congo,Nord-Kivu,Nord-Kivu,0,patients,24h,FALSE,TRUE,high,"Indicateur,Ituri,Nord-Kivu,Sud-Kivu,Ensemble
Sorties (24h) Décédés (Suspects/Conf.),7,0,ND,7",Institut National de Santé Publique,CC BY 4.0,data/csv/034_table_06_tableau_6_mouvement_des_patients_dans_le.csv
insp,034,2026-06-17,2026-06-17,discharges_recovered,national,Democratic Republic of the Congo,"",Ensemble,11,patients,24h,FALSE,TRUE,high,"Indicateur,Ituri,Nord-Kivu,Sud-Kivu,Ensemble
Sorties (24h) Guéris,11,0,ND,11",Institut National de Santé Publique,CC BY 4.0,data/csv/034_table_06_tableau_6_mouvement_des_patients_dans_le.csv
insp,034,2026-06-17,2026-06-17,discharges_recovered,province,Democratic Republic of the Congo,Ituri,Ituri,11,patients,24h,FALSE,TRUE,high,"Indicateur,Ituri,Nord-Kivu,Sud-Kivu,Ensemble
Sorties (24h) Guéris,11,0,ND,11",Institut National de Santé Publique,CC BY 4.0,data/csv/034_table_06_tableau_6_mouvement_des_patients_dans_le.csv
insp,034,2026-06-17,2026-06-17,discharges_recovered,province,Democratic Republic of the Congo,Nord-Kivu,Nord-Kivu,0,patients,24h,FALSE,TRUE,high,"Indicateur,Ituri,Nord-Kivu,Sud-Kivu,Ensemble
Sorties (24h) Guéris,11,0,ND,11",Institut National de Santé Publique,CC BY 4.0,data/csv/034_table_06_tableau_6_mouvement_des_patients_dans_le.csv
insp,034,2026-06-17,2026-06-17,escapes,national,Democratic Republic of the Congo,"",Ensemble,3,patients,24h,FALSE,TRUE,high,"Indicateur,Ituri,Nord-Kivu,Sud-Kivu,Ensemble
Sorties (24h) Évadés (Suspects/Conf.),3,0,ND,3",Institut National de Santé Publique,CC BY 4.0,data/csv/034_table_06_tableau_6_mouvement_des_patients_dans_le.csv
insp,034,2026-06-17,2026-06-17,escapes,province,Democratic Republic of the Congo,Ituri,Ituri,3,patients,24h,FALSE,TRUE,high,"Indicateur,Ituri,Nord-Kivu,Sud-Kivu,Ensemble
Sorties (24h) Évadés (Suspects/Conf.),3,0,ND,3",Institut National de Santé Publique,CC BY 4.0,data/csv/034_table_06_tableau_6_mouvement_des_patients_dans_le.csv
insp,034,2026-06-17,2026-06-17,escapes,province,Democratic Republic of the Congo,Nord-Kivu,Nord-Kivu,0,patients,24h,FALSE,TRUE,high,"Indicateur,Ituri,Nord-Kivu,Sud-Kivu,Ensemble
Sorties (24h) Évadés (Suspects/Conf.),3,0,ND,3",Institut National de Santé Publique,CC BY 4.0,data/csv/034_table_06_tableau_6_mouvement_des_patients_dans_le.csv
insp,034,2026-06-17,2026-06-17,patients_in_isolation,national,Democratic Republic of the Congo,"",Ensemble,383,patients,point,FALSE,TRUE,high,"Indicateur,Ituri,Nord-Kivu,Sud-Kivu,Ensemble
Patients en isolement (Fin J),335,48,ND,383",Institut National de Santé Publique,CC BY 4.0,data/csv/034_table_06_tableau_6_mouvement_des_patients_dans_le.csv
insp,034,2026-06-17,2026-06-17,patients_in_isolation,province,Democratic Republic of the Congo,Ituri,Ituri,335,patients,point,FALSE,TRUE,high,"Indicateur,Ituri,Nord-Kivu,Sud-Kivu,Ensemble
Patients en isolement (Fin J),335,48,ND,383",Institut National de Santé Publique,CC BY 4.0,data/csv/034_table_06_tableau_6_mouvement_des_patients_dans_le.csv
insp,034,2026-06-17,2026-06-17,patients_in_isolation,province,Democratic Republic of the Congo,Nord-Kivu,Nord-Kivu,48,patients,point,FALSE,TRUE,high,"Indicateur,Ituri,Nord-Kivu,Sud-Kivu,Ensemble
Patients en isolement (Fin J),335,48,ND,383",Institut National de Santé Publique,CC BY 4.0,data/csv/034_table_06_tableau_6_mouvement_des_patients_dans_le.csv
insp,035,2026-06-18,2026-06-18,admissions,national,Democratic Republic of the Congo,"",Ensemble,70,patients,24h,FALSE,TRUE,high,"Indicateur,Ituri,Nord-Kivu,Sud-Kivu,Ensemble
Total admissions (24h),53,8,9,70",Institut National de Santé Publique,CC BY 4.0,data/csv/035_table_06_tableau_6_mouvement_des_patients_dans_le.csv
insp,035,2026-06-18,2026-06-18,admissions,province,Democratic Republic of the Congo,Ituri,Ituri,53,patients,24h,FALSE,TRUE,high,"Indicateur,Ituri,Nord-Kivu,Sud-Kivu,Ensemble
Total admissions (24h),53,8,9,70",Institut National de Santé Publique,CC BY 4.0,data/csv/035_table_06_tableau_6_mouvement_des_patients_dans_le.csv
insp,035,2026-06-18,2026-06-18,admissions,province,Democratic Republic of the Congo,Nord-Kivu,Nord-Kivu,8,patients,24h,FALSE,TRUE,high,"Indicateur,Ituri,Nord-Kivu,Sud-Kivu,Ensemble
Total admissions (24h),53,8,9,70",Institut National de Santé Publique,CC BY 4.0,data/csv/035_table_06_tableau_6_mouvement_des_patients_dans_le.csv
insp,035,2026-06-18,2026-06-18,admissions,province,Democratic Republic of the Congo,Sud-Kivu,Sud-Kivu,9,patients,24h,FALSE,TRUE,high,"Indicateur,Ituri,Nord-Kivu,Sud-Kivu,Ensemble
Total admissions (24h),53,8,9,70",Institut National de Santé Publique,CC BY 4.0,data/csv/035_table_06_tableau_6_mouvement_des_patients_dans_le.csv
insp,035,2026-06-18,2026-06-18,bed_occupancy_pct,national,Democratic Republic of the Congo,"",Ensemble,94.3,percent,point,FALSE,TRUE,low,"Indicateur,Ituri,Nord-Kivu,Sud-Kivu,Ensemble
Taux d'occupation global,""103,3%"",""78,9%"",""34,4%"",""94,3%""",Institut National de Santé Publique,CC BY 4.0,data/csv/035_table_06_tableau_6_mouvement_des_patients_dans_le.csv
insp,035,2026-06-18,2026-06-18,bed_occupancy_pct,province,Democratic Republic of the Congo,Ituri,Ituri,103.3,percent,point,FALSE,TRUE,low,"Indicateur,Ituri,Nord-Kivu,Sud-Kivu,Ensemble
Taux d'occupation global,""103,3%"",""78,9%"",""34,4%"",""94,3%""",Institut National de Santé Publique,CC BY 4.0,data/csv/035_table_06_tableau_6_mouvement_des_patients_dans_le.csv
insp,035,2026-06-18,2026-06-18,bed_occupancy_pct,province,Democratic Republic of the Congo,Nord-Kivu,Nord-Kivu,78.9,percent,point,FALSE,TRUE,low,"Indicateur,Ituri,Nord-Kivu,Sud-Kivu,Ensemble
Taux d'occupation global,""103,3%"",""78,9%"",""34,4%"",""94,3%""",Institut National de Santé Publique,CC BY 4.0,data/csv/035_table_06_tableau_6_mouvement_des_patients_dans_le.csv
insp,035,2026-06-18,2026-06-18,bed_occupancy_pct,province,Democratic Republic of the Congo,Sud-Kivu,Sud-Kivu,34.4,percent,point,FALSE,TRUE,low,"Indicateur,Ituri,Nord-Kivu,Sud-Kivu,Ensemble
Taux d'occupation global,""103,3%"",""78,9%"",""34,4%"",""94,3%""",Institut National de Santé Publique,CC BY 4.0,data/csv/035_table_06_tableau_6_mouvement_des_patients_dans_le.csv
insp,036,2026-06-19,2026-06-18,beds_occupied,national,Democratic Republic of the Congo,"",Ensemble,342,beds,point,FALSE,TRUE,high,"Indicateur,Ituri,Nord-Kivu,Sud-Kivu,Ensemble
Patients au lit (J-1),286,56,ND,342",Institut National de Santé Publique,CC BY 4.0,data/csv/036_table_06_tableau_6_mouvement_des_patients_dans_le.csv
insp,036,2026-06-19,2026-06-18,beds_occupied,province,Democratic Republic of the Congo,Ituri,Ituri,286,beds,point,FALSE,TRUE,high,"Indicateur,Ituri,Nord-Kivu,Sud-Kivu,Ensemble
Patients au lit (J-1),286,56,ND,342",Institut National de Santé Publique,CC BY 4.0,data/csv/036_table_06_tableau_6_mouvement_des_patients_dans_le.csv
insp,036,2026-06-19,2026-06-18,beds_occupied,province,Democratic Republic of the Congo,Nord-Kivu,Nord-Kivu,56,beds,point,FALSE,TRUE,high,"Indicateur,Ituri,Nord-Kivu,Sud-Kivu,Ensemble
Patients au lit (J-1),286,56,ND,342",Institut National de Santé Publique,CC BY 4.0,data/csv/036_table_06_tableau_6_mouvement_des_patients_dans_le.csv
insp,035,2026-06-18,2026-06-18,deaths_in_facility,national,Democratic Republic of the Congo,"",Ensemble,16,patients,24h,FALSE,TRUE,high,"Indicateur,Ituri,Nord-Kivu,Sud-Kivu,Ensemble
Sorties (24h) Décédés (Suspects/Conf.),16,0,0,16",Institut National de Santé Publique,CC BY 4.0,data/csv/035_table_06_tableau_6_mouvement_des_patients_dans_le.csv
insp,035,2026-06-18,2026-06-18,deaths_in_facility,province,Democratic Republic of the Congo,Ituri,Ituri,16,patients,24h,FALSE,TRUE,high,"Indicateur,Ituri,Nord-Kivu,Sud-Kivu,Ensemble
Sorties (24h) Décédés (Suspects/Conf.),16,0,0,16",Institut National de Santé Publique,CC BY 4.0,data/csv/035_table_06_tableau_6_mouvement_des_patients_dans_le.csv
insp,035,2026-06-18,2026-06-18,deaths_in_facility,province,Democratic Republic of the Congo,Nord-Kivu,Nord-Kivu,0,patients,24h,FALSE,TRUE,high,"Indicateur,Ituri,Nord-Kivu,Sud-Kivu,Ensemble
Sorties (24h) Décédés (Suspects/Conf.),16,0,0,16",Institut National de Santé Publique,CC BY 4.0,data/csv/035_table_06_tableau_6_mouvement_des_patients_dans_le.csv
insp,035,2026-06-18,2026-06-18,deaths_in_facility,province,Democratic Republic of the Congo,Sud-Kivu,Sud-Kivu,0,patients,24h,FALSE,TRUE,high,"Indicateur,Ituri,Nord-Kivu,Sud-Kivu,Ensemble
Sorties (24h) Décédés (Suspects/Conf.),16,0,0,16",Institut National de Santé Publique,CC BY 4.0,data/csv/035_table_06_tableau_6_mouvement_des_patients_dans_le.csv
insp,035,2026-06-18,2026-06-18,discharges_recovered,national,Democratic Republic of the Congo,"",Ensemble,2,patients,24h,FALSE,TRUE,high,"Indicateur,Ituri,Nord-Kivu,Sud-Kivu,Ensemble
Sorties (24h) Guéris,2,0,0,2",Institut National de Santé Publique,CC BY 4.0,data/csv/035_table_06_tableau_6_mouvement_des_patients_dans_le.csv
insp,035,2026-06-18,2026-06-18,discharges_recovered,province,Democratic Republic of the Congo,Ituri,Ituri,2,patients,24h,FALSE,TRUE,high,"Indicateur,Ituri,Nord-Kivu,Sud-Kivu,Ensemble
Sorties (24h) Guéris,2,0,0,2",Institut National de Santé Publique,CC BY 4.0,data/csv/035_table_06_tableau_6_mouvement_des_patients_dans_le.csv
insp,035,2026-06-18,2026-06-18,discharges_recovered,province,Democratic Republic of the Congo,Nord-Kivu,Nord-Kivu,0,patients,24h,FALSE,TRUE,high,"Indicateur,Ituri,Nord-Kivu,Sud-Kivu,Ensemble
Sorties (24h) Guéris,2,0,0,2",Institut National de Santé Publique,CC BY 4.0,data/csv/035_table_06_tableau_6_mouvement_des_patients_dans_le.csv
insp,035,2026-06-18,2026-06-18,discharges_recovered,province,Democratic Republic of the Congo,Sud-Kivu,Sud-Kivu,0,patients,24h,FALSE,TRUE,high,"Indicateur,Ituri,Nord-Kivu,Sud-Kivu,Ensemble
Sorties (24h) Guéris,2,0,0,2",Institut National de Santé Publique,CC BY 4.0,data/csv/035_table_06_tableau_6_mouvement_des_patients_dans_le.csv
insp,035,2026-06-18,2026-06-18,escapes,national,Democratic Republic of the Congo,"",Ensemble,2,patients,24h,FALSE,TRUE,high,"Indicateur,Ituri,Nord-Kivu,Sud-Kivu,Ensemble
Sorties (24h) Évadés (Suspects/Conf.),2,0,0,2",Institut National de Santé Publique,CC BY 4.0,data/csv/035_table_06_tableau_6_mouvement_des_patients_dans_le.csv
insp,035,2026-06-18,2026-06-18,escapes,province,Democratic Republic of the Congo,Ituri,Ituri,2,patients,24h,FALSE,TRUE,high,"Indicateur,Ituri,Nord-Kivu,Sud-Kivu,Ensemble
Sorties (24h) Évadés (Suspects/Conf.),2,0,0,2",Institut National de Santé Publique,CC BY 4.0,data/csv/035_table_06_tableau_6_mouvement_des_patients_dans_le.csv
insp,035,2026-06-18,2026-06-18,escapes,province,Democratic Republic of the Congo,Nord-Kivu,Nord-Kivu,0,patients,24h,FALSE,TRUE,high,"Indicateur,Ituri,Nord-Kivu,Sud-Kivu,Ensemble
Sorties (24h) Évadés (Suspects/Conf.),2,0,0,2",Institut National de Santé Publique,CC BY 4.0,data/csv/035_table_06_tableau_6_mouvement_des_patients_dans_le.csv
insp,035,2026-06-18,2026-06-18,escapes,province,Democratic Republic of the Congo,Sud-Kivu,Sud-Kivu,0,patients,24h,FALSE,TRUE,high,"Indicateur,Ituri,Nord-Kivu,Sud-Kivu,Ensemble
Sorties (24h) Évadés (Suspects/Conf.),2,0,0,2",Institut National de Santé Publique,CC BY 4.0,data/csv/035_table_06_tableau_6_mouvement_des_patients_dans_le.csv
insp,035,2026-06-18,2026-06-18,patients_in_isolation,national,Democratic Republic of the Congo,"",Ensemble,416,patients,point,FALSE,TRUE,high,"Indicateur,Ituri,Nord-Kivu,Sud-Kivu,Ensemble
Patients en isolement (Fin J),349,56,11,416",Institut National de Santé Publique,CC BY 4.0,data/csv/035_table_06_tableau_6_mouvement_des_patients_dans_le.csv
insp,035,2026-06-18,2026-06-18,patients_in_isolation,province,Democratic Republic of the Congo,Ituri,Ituri,349,patients,point,FALSE,TRUE,high,"Indicateur,Ituri,Nord-Kivu,Sud-Kivu,Ensemble
Patients en isolement (Fin J),349,56,11,416",Institut National de Santé Publique,CC BY 4.0,data/csv/035_table_06_tableau_6_mouvement_des_patients_dans_le.csv
insp,035,2026-06-18,2026-06-18,patients_in_isolation,province,Democratic Republic of the Congo,Nord-Kivu,Nord-Kivu,56,patients,point,FALSE,TRUE,high,"Indicateur,Ituri,Nord-Kivu,Sud-Kivu,Ensemble
Patients en isolement (Fin J),349,56,11,416",Institut National de Santé Publique,CC BY 4.0,data/csv/035_table_06_tableau_6_mouvement_des_patients_dans_le.csv
insp,035,2026-06-18,2026-06-18,patients_in_isolation,province,Democratic Republic of the Congo,Sud-Kivu,Sud-Kivu,11,patients,point,FALSE,TRUE,high,"Indicateur,Ituri,Nord-Kivu,Sud-Kivu,Ensemble
Patients en isolement (Fin J),349,56,11,416",Institut National de Santé Publique,CC BY 4.0,data/csv/035_table_06_tableau_6_mouvement_des_patients_dans_le.csv
insp,036,2026-06-19,2026-06-19,admissions,national,Democratic Republic of the Congo,"",Ensemble,65,patients,24h,FALSE,TRUE,high,"Indicateur,Ituri,Nord-Kivu,Sud-Kivu,Ensemble
Total admissions (24h),59,6,ND,65",Institut National de Santé Publique,CC BY 4.0,data/csv/036_table_06_tableau_6_mouvement_des_patients_dans_le.csv
insp,036,2026-06-19,2026-06-19,admissions,province,Democratic Republic of the Congo,Ituri,Ituri,59,patients,24h,FALSE,TRUE,high,"Indicateur,Ituri,Nord-Kivu,Sud-Kivu,Ensemble
Total admissions (24h),59,6,ND,65",Institut National de Santé Publique,CC BY 4.0,data/csv/036_table_06_tableau_6_mouvement_des_patients_dans_le.csv
insp,036,2026-06-19,2026-06-19,admissions,province,Democratic Republic of the Congo,Nord-Kivu,Nord-Kivu,6,patients,24h,FALSE,TRUE,high,"Indicateur,Ituri,Nord-Kivu,Sud-Kivu,Ensemble
Total admissions (24h),59,6,ND,65",Institut National de Santé Publique,CC BY 4.0,data/csv/036_table_06_tableau_6_mouvement_des_patients_dans_le.csv
insp,036,2026-06-19,2026-06-19,bed_occupancy_pct,national,Democratic Republic of the Congo,"",Ensemble,88.3,percent,point,FALSE,TRUE,low,"Indicateur,Ituri,Nord-Kivu,Sud-Kivu,Ensemble
Taux d'occupation global,""90,8%"",""76,1%"",NA,""88,3%""",Institut National de Santé Publique,CC BY 4.0,data/csv/036_table_06_tableau_6_mouvement_des_patients_dans_le.csv
insp,036,2026-06-19,2026-06-19,bed_occupancy_pct,province,Democratic Republic of the Congo,Ituri,Ituri,90.8,percent,point,FALSE,TRUE,low,"Indicateur,Ituri,Nord-Kivu,Sud-Kivu,Ensemble
Taux d'occupation global,""90,8%"",""76,1%"",NA,""88,3%""",Institut National de Santé Publique,CC BY 4.0,data/csv/036_table_06_tableau_6_mouvement_des_patients_dans_le.csv
insp,036,2026-06-19,2026-06-19,bed_occupancy_pct,province,Democratic Republic of the Congo,Nord-Kivu,Nord-Kivu,76.1,percent,point,FALSE,TRUE,low,"Indicateur,Ituri,Nord-Kivu,Sud-Kivu,Ensemble
Taux d'occupation global,""90,8%"",""76,1%"",NA,""88,3%""",Institut National de Santé Publique,CC BY 4.0,data/csv/036_table_06_tableau_6_mouvement_des_patients_dans_le.csv
insp,037,2026-06-20,2026-06-19,beds_occupied,national,Democratic Republic of the Congo,"",Ensemble,373,beds,point,FALSE,TRUE,high,"Indicateur,Ituri,Nord-Kivu,Sud-Kivu,Ensemble
Patients au lit (J-1),307,54,12,373",Institut National de Santé Publique,CC BY 4.0,data/csv/037_table_06_tableau_6_mouvement_des_patients_dans_le.csv
insp,037,2026-06-20,2026-06-19,beds_occupied,province,Democratic Republic of the Congo,Ituri,Ituri,307,beds,point,FALSE,TRUE,high,"Indicateur,Ituri,Nord-Kivu,Sud-Kivu,Ensemble
Patients au lit (J-1),307,54,12,373",Institut National de Santé Publique,CC BY 4.0,data/csv/037_table_06_tableau_6_mouvement_des_patients_dans_le.csv
insp,037,2026-06-20,2026-06-19,beds_occupied,province,Democratic Republic of the Congo,Nord-Kivu,Nord-Kivu,54,beds,point,FALSE,TRUE,high,"Indicateur,Ituri,Nord-Kivu,Sud-Kivu,Ensemble
Patients au lit (J-1),307,54,12,373",Institut National de Santé Publique,CC BY 4.0,data/csv/037_table_06_tableau_6_mouvement_des_patients_dans_le.csv
insp,037,2026-06-20,2026-06-19,beds_occupied,province,Democratic Republic of the Congo,Sud-Kivu,Sud-Kivu,12,beds,point,FALSE,TRUE,high,"Indicateur,Ituri,Nord-Kivu,Sud-Kivu,Ensemble
Patients au lit (J-1),307,54,12,373",Institut National de Santé Publique,CC BY 4.0,data/csv/037_table_06_tableau_6_mouvement_des_patients_dans_le.csv
insp,036,2026-06-19,2026-06-19,deaths_in_facility,national,Democratic Republic of the Congo,"",Ensemble,5,patients,24h,FALSE,TRUE,high,"Indicateur,Ituri,Nord-Kivu,Sud-Kivu,Ensemble
Sorties (24h) Décédés (Suspects/Conf.),5,0,ND,5",Institut National de Santé Publique,CC BY 4.0,data/csv/036_table_06_tableau_6_mouvement_des_patients_dans_le.csv
insp,036,2026-06-19,2026-06-19,deaths_in_facility,province,Democratic Republic of the Congo,Ituri,Ituri,5,patients,24h,FALSE,TRUE,high,"Indicateur,Ituri,Nord-Kivu,Sud-Kivu,Ensemble
Sorties (24h) Décédés (Suspects/Conf.),5,0,ND,5",Institut National de Santé Publique,CC BY 4.0,data/csv/036_table_06_tableau_6_mouvement_des_patients_dans_le.csv
insp,036,2026-06-19,2026-06-19,deaths_in_facility,province,Democratic Republic of the Congo,Nord-Kivu,Nord-Kivu,0,patients,24h,FALSE,TRUE,high,"Indicateur,Ituri,Nord-Kivu,Sud-Kivu,Ensemble
Sorties (24h) Décédés (Suspects/Conf.),5,0,ND,5",Institut National de Santé Publique,CC BY 4.0,data/csv/036_table_06_tableau_6_mouvement_des_patients_dans_le.csv
insp,036,2026-06-19,2026-06-19,discharges_recovered,national,Democratic Republic of the Congo,"",Ensemble,12,patients,24h,FALSE,TRUE,high,"Indicateur,Ituri,Nord-Kivu,Sud-Kivu,Ensemble
Sorties (24h) Guéris,12,0,ND,12",Institut National de Santé Publique,CC BY 4.0,data/csv/036_table_06_tableau_6_mouvement_des_patients_dans_le.csv
insp,036,2026-06-19,2026-06-19,discharges_recovered,province,Democratic Republic of the Congo,Ituri,Ituri,12,patients,24h,FALSE,TRUE,high,"Indicateur,Ituri,Nord-Kivu,Sud-Kivu,Ensemble
Sorties (24h) Guéris,12,0,ND,12",Institut National de Santé Publique,CC BY 4.0,data/csv/036_table_06_tableau_6_mouvement_des_patients_dans_le.csv
insp,036,2026-06-19,2026-06-19,discharges_recovered,province,Democratic Republic of the Congo,Nord-Kivu,Nord-Kivu,0,patients,24h,FALSE,TRUE,high,"Indicateur,Ituri,Nord-Kivu,Sud-Kivu,Ensemble
Sorties (24h) Guéris,12,0,ND,12",Institut National de Santé Publique,CC BY 4.0,data/csv/036_table_06_tableau_6_mouvement_des_patients_dans_le.csv
insp,036,2026-06-19,2026-06-19,escapes,national,Democratic Republic of the Congo,"",Ensemble,5,patients,24h,FALSE,TRUE,high,"Indicateur,Ituri,Nord-Kivu,Sud-Kivu,Ensemble
Sorties (24h) Évadés (Suspects/Conf.),5,0,ND,5",Institut National de Santé Publique,CC BY 4.0,data/csv/036_table_06_tableau_6_mouvement_des_patients_dans_le.csv
insp,036,2026-06-19,2026-06-19,escapes,province,Democratic Republic of the Congo,Ituri,Ituri,5,patients,24h,FALSE,TRUE,high,"Indicateur,Ituri,Nord-Kivu,Sud-Kivu,Ensemble
Sorties (24h) Évadés (Suspects/Conf.),5,0,ND,5",Institut National de Santé Publique,CC BY 4.0,data/csv/036_table_06_tableau_6_mouvement_des_patients_dans_le.csv
insp,036,2026-06-19,2026-06-19,escapes,province,Democratic Republic of the Congo,Nord-Kivu,Nord-Kivu,0,patients,24h,FALSE,TRUE,high,"Indicateur,Ituri,Nord-Kivu,Sud-Kivu,Ensemble
Sorties (24h) Évadés (Suspects/Conf.),5,0,ND,5",Institut National de Santé Publique,CC BY 4.0,data/csv/036_table_06_tableau_6_mouvement_des_patients_dans_le.csv
insp,036,2026-06-19,2026-06-19,patients_in_isolation,national,Democratic Republic of the Congo,"",Ensemble,361,patients,point,FALSE,TRUE,high,"Indicateur,Ituri,Nord-Kivu,Sud-Kivu,Ensemble
Patients en isolement (Fin J),307,54,ND,361",Institut National de Santé Publique,CC BY 4.0,data/csv/036_table_06_tableau_6_mouvement_des_patients_dans_le.csv
insp,036,2026-06-19,2026-06-19,patients_in_isolation,province,Democratic Republic of the Congo,Ituri,Ituri,307,patients,point,FALSE,TRUE,high,"Indicateur,Ituri,Nord-Kivu,Sud-Kivu,Ensemble
Patients en isolement (Fin J),307,54,ND,361",Institut National de Santé Publique,CC BY 4.0,data/csv/036_table_06_tableau_6_mouvement_des_patients_dans_le.csv
insp,036,2026-06-19,2026-06-19,patients_in_isolation,province,Democratic Republic of the Congo,Nord-Kivu,Nord-Kivu,54,patients,point,FALSE,TRUE,high,"Indicateur,Ituri,Nord-Kivu,Sud-Kivu,Ensemble
Patients en isolement (Fin J),307,54,ND,361",Institut National de Santé Publique,CC BY 4.0,data/csv/036_table_06_tableau_6_mouvement_des_patients_dans_le.csv
insp,037,2026-06-20,2026-06-20,admissions,national,Democratic Republic of the Congo,"",Ensemble,67,patients,24h,FALSE,TRUE,high,"Indicateur,Ituri,Nord-Kivu,Sud-Kivu,Ensemble
Total admissions (24h),62,4,1,67",Institut National de Santé Publique,CC BY 4.0,data/csv/037_table_06_tableau_6_mouvement_des_patients_dans_le.csv
insp,037,2026-06-20,2026-06-20,admissions,province,Democratic Republic of the Congo,Ituri,Ituri,62,patients,24h,FALSE,TRUE,high,"Indicateur,Ituri,Nord-Kivu,Sud-Kivu,Ensemble
Total admissions (24h),62,4,1,67",Institut National de Santé Publique,CC BY 4.0,data/csv/037_table_06_tableau_6_mouvement_des_patients_dans_le.csv
insp,037,2026-06-20,2026-06-20,admissions,province,Democratic Republic of the Congo,Nord-Kivu,Nord-Kivu,4,patients,24h,FALSE,TRUE,high,"Indicateur,Ituri,Nord-Kivu,Sud-Kivu,Ensemble
Total admissions (24h),62,4,1,67",Institut National de Santé Publique,CC BY 4.0,data/csv/037_table_06_tableau_6_mouvement_des_patients_dans_le.csv
insp,037,2026-06-20,2026-06-20,admissions,province,Democratic Republic of the Congo,Sud-Kivu,Sud-Kivu,1,patients,24h,FALSE,TRUE,high,"Indicateur,Ituri,Nord-Kivu,Sud-Kivu,Ensemble
Total admissions (24h),62,4,1,67",Institut National de Santé Publique,CC BY 4.0,data/csv/037_table_06_tableau_6_mouvement_des_patients_dans_le.csv
insp,037,2026-06-20,2026-06-20,bed_occupancy_pct,national,Democratic Republic of the Congo,"",Ensemble,82.8,percent,point,FALSE,TRUE,low,"Indicateur,Ituri,Nord-Kivu,Sud-Kivu,Ensemble
Taux d'occupation global,""89,3%"",""73,2%"",""34,4%"",""82,8%""",Institut National de Santé Publique,CC BY 4.0,data/csv/037_table_06_tableau_6_mouvement_des_patients_dans_le.csv
insp,037,2026-06-20,2026-06-20,bed_occupancy_pct,province,Democratic Republic of the Congo,Ituri,Ituri,89.3,percent,point,FALSE,TRUE,low,"Indicateur,Ituri,Nord-Kivu,Sud-Kivu,Ensemble
Taux d'occupation global,""89,3%"",""73,2%"",""34,4%"",""82,8%""",Institut National de Santé Publique,CC BY 4.0,data/csv/037_table_06_tableau_6_mouvement_des_patients_dans_le.csv
insp,037,2026-06-20,2026-06-20,bed_occupancy_pct,province,Democratic Republic of the Congo,Nord-Kivu,Nord-Kivu,73.2,percent,point,FALSE,TRUE,low,"Indicateur,Ituri,Nord-Kivu,Sud-Kivu,Ensemble
Taux d'occupation global,""89,3%"",""73,2%"",""34,4%"",""82,8%""",Institut National de Santé Publique,CC BY 4.0,data/csv/037_table_06_tableau_6_mouvement_des_patients_dans_le.csv
insp,037,2026-06-20,2026-06-20,bed_occupancy_pct,province,Democratic Republic of the Congo,Sud-Kivu,Sud-Kivu,34.4,percent,point,FALSE,TRUE,low,"Indicateur,Ituri,Nord-Kivu,Sud-Kivu,Ensemble
Taux d'occupation global,""89,3%"",""73,2%"",""34,4%"",""82,8%""",Institut National de Santé Publique,CC BY 4.0,data/csv/037_table_06_tableau_6_mouvement_des_patients_dans_le.csv
insp,038,2026-06-21,2026-06-20,beds_occupied,national,Democratic Republic of the Congo,"",Ensemble,360,beds,point,FALSE,TRUE,high,"Indicateur,Ituri,Nord-Kivu,Sud-Kivu,Ensemble
Patients au lit (J-1),294,59,7,360",Institut National de Santé Publique,CC BY 4.0,data/csv/038_table_06_tableau_6_mouvement_des_patients_dans_le.csv
insp,038,2026-06-21,2026-06-20,beds_occupied,province,Democratic Republic of the Congo,Ituri,Ituri,294,beds,point,FALSE,TRUE,high,"Indicateur,Ituri,Nord-Kivu,Sud-Kivu,Ensemble
Patients au lit (J-1),294,59,7,360",Institut National de Santé Publique,CC BY 4.0,data/csv/038_table_06_tableau_6_mouvement_des_patients_dans_le.csv
insp,038,2026-06-21,2026-06-20,beds_occupied,province,Democratic Republic of the Congo,Nord-Kivu,Nord-Kivu,59,beds,point,FALSE,TRUE,high,"Indicateur,Ituri,Nord-Kivu,Sud-Kivu,Ensemble
Patients au lit (J-1),294,59,7,360",Institut National de Santé Publique,CC BY 4.0,data/csv/038_table_06_tableau_6_mouvement_des_patients_dans_le.csv
insp,038,2026-06-21,2026-06-20,beds_occupied,province,Democratic Republic of the Congo,Sud-Kivu,Sud-Kivu,7,beds,point,FALSE,TRUE,high,"Indicateur,Ituri,Nord-Kivu,Sud-Kivu,Ensemble
Patients au lit (J-1),294,59,7,360",Institut National de Santé Publique,CC BY 4.0,data/csv/038_table_06_tableau_6_mouvement_des_patients_dans_le.csv
insp,037,2026-06-20,2026-06-20,deaths_in_facility,national,Democratic Republic of the Congo,"",Ensemble,21,patients,24h,FALSE,TRUE,high,"Indicateur,Ituri,Nord-Kivu,Sud-Kivu,Ensemble
Sorties (24h) Décédés (Suspects/Conf.),21,0,0,21",Institut National de Santé Publique,CC BY 4.0,data/csv/037_table_06_tableau_6_mouvement_des_patients_dans_le.csv
insp,037,2026-06-20,2026-06-20,deaths_in_facility,province,Democratic Republic of the Congo,Ituri,Ituri,21,patients,24h,FALSE,TRUE,high,"Indicateur,Ituri,Nord-Kivu,Sud-Kivu,Ensemble
Sorties (24h) Décédés (Suspects/Conf.),21,0,0,21",Institut National de Santé Publique,CC BY 4.0,data/csv/037_table_06_tableau_6_mouvement_des_patients_dans_le.csv
insp,037,2026-06-20,2026-06-20,deaths_in_facility,province,Democratic Republic of the Congo,Nord-Kivu,Nord-Kivu,0,patients,24h,FALSE,TRUE,high,"Indicateur,Ituri,Nord-Kivu,Sud-Kivu,Ensemble
Sorties (24h) Décédés (Suspects/Conf.),21,0,0,21",Institut National de Santé Publique,CC BY 4.0,data/csv/037_table_06_tableau_6_mouvement_des_patients_dans_le.csv
insp,037,2026-06-20,2026-06-20,deaths_in_facility,province,Democratic Republic of the Congo,Sud-Kivu,Sud-Kivu,0,patients,24h,FALSE,TRUE,high,"Indicateur,Ituri,Nord-Kivu,Sud-Kivu,Ensemble
Sorties (24h) Décédés (Suspects/Conf.),21,0,0,21",Institut National de Santé Publique,CC BY 4.0,data/csv/037_table_06_tableau_6_mouvement_des_patients_dans_le.csv
insp,037,2026-06-20,2026-06-20,discharges_recovered,national,Democratic Republic of the Congo,"",Ensemble,8,patients,24h,FALSE,TRUE,high,"Indicateur,Ituri,Nord-Kivu,Sud-Kivu,Ensemble
Sorties (24h) Guéris,6,0,2,8",Institut National de Santé Publique,CC BY 4.0,data/csv/037_table_06_tableau_6_mouvement_des_patients_dans_le.csv
insp,037,2026-06-20,2026-06-20,discharges_recovered,province,Democratic Republic of the Congo,Ituri,Ituri,6,patients,24h,FALSE,TRUE,high,"Indicateur,Ituri,Nord-Kivu,Sud-Kivu,Ensemble
Sorties (24h) Guéris,6,0,2,8",Institut National de Santé Publique,CC BY 4.0,data/csv/037_table_06_tableau_6_mouvement_des_patients_dans_le.csv
insp,037,2026-06-20,2026-06-20,discharges_recovered,province,Democratic Republic of the Congo,Nord-Kivu,Nord-Kivu,0,patients,24h,FALSE,TRUE,high,"Indicateur,Ituri,Nord-Kivu,Sud-Kivu,Ensemble
Sorties (24h) Guéris,6,0,2,8",Institut National de Santé Publique,CC BY 4.0,data/csv/037_table_06_tableau_6_mouvement_des_patients_dans_le.csv
insp,037,2026-06-20,2026-06-20,discharges_recovered,province,Democratic Republic of the Congo,Sud-Kivu,Sud-Kivu,2,patients,24h,FALSE,TRUE,high,"Indicateur,Ituri,Nord-Kivu,Sud-Kivu,Ensemble
Sorties (24h) Guéris,6,0,2,8",Institut National de Santé Publique,CC BY 4.0,data/csv/037_table_06_tableau_6_mouvement_des_patients_dans_le.csv
insp,037,2026-06-20,2026-06-20,escapes,national,Democratic Republic of the Congo,"",Ensemble,6,patients,24h,FALSE,TRUE,high,"Indicateur,Ituri,Nord-Kivu,Sud-Kivu,Ensemble
Sorties (24h) Évadés (Suspects/Conf.),6,0,0,6",Institut National de Santé Publique,CC BY 4.0,data/csv/037_table_06_tableau_6_mouvement_des_patients_dans_le.csv
insp,037,2026-06-20,2026-06-20,escapes,province,Democratic Republic of the Congo,Ituri,Ituri,6,patients,24h,FALSE,TRUE,high,"Indicateur,Ituri,Nord-Kivu,Sud-Kivu,Ensemble
Sorties (24h) Évadés (Suspects/Conf.),6,0,0,6",Institut National de Santé Publique,CC BY 4.0,data/csv/037_table_06_tableau_6_mouvement_des_patients_dans_le.csv
insp,037,2026-06-20,2026-06-20,escapes,province,Democratic Republic of the Congo,Nord-Kivu,Nord-Kivu,0,patients,24h,FALSE,TRUE,high,"Indicateur,Ituri,Nord-Kivu,Sud-Kivu,Ensemble
Sorties (24h) Évadés (Suspects/Conf.),6,0,0,6",Institut National de Santé Publique,CC BY 4.0,data/csv/037_table_06_tableau_6_mouvement_des_patients_dans_le.csv
insp,037,2026-06-20,2026-06-20,escapes,province,Democratic Republic of the Congo,Sud-Kivu,Sud-Kivu,0,patients,24h,FALSE,TRUE,high,"Indicateur,Ituri,Nord-Kivu,Sud-Kivu,Ensemble
Sorties (24h) Évadés (Suspects/Conf.),6,0,0,6",Institut National de Santé Publique,CC BY 4.0,data/csv/037_table_06_tableau_6_mouvement_des_patients_dans_le.csv
insp,037,2026-06-20,2026-06-20,patients_in_isolation,national,Democratic Republic of the Congo,"",Ensemble,365,patients,point,FALSE,TRUE,high,"Indicateur,Ituri,Nord-Kivu,Sud-Kivu,Ensemble
Patients en isolement (Fin J),302,52,11,365",Institut National de Santé Publique,CC BY 4.0,data/csv/037_table_06_tableau_6_mouvement_des_patients_dans_le.csv
insp,037,2026-06-20,2026-06-20,patients_in_isolation,province,Democratic Republic of the Congo,Ituri,Ituri,302,patients,point,FALSE,TRUE,high,"Indicateur,Ituri,Nord-Kivu,Sud-Kivu,Ensemble
Patients en isolement (Fin J),302,52,11,365",Institut National de Santé Publique,CC BY 4.0,data/csv/037_table_06_tableau_6_mouvement_des_patients_dans_le.csv
insp,037,2026-06-20,2026-06-20,patients_in_isolation,province,Democratic Republic of the Congo,Nord-Kivu,Nord-Kivu,52,patients,point,FALSE,TRUE,high,"Indicateur,Ituri,Nord-Kivu,Sud-Kivu,Ensemble
Patients en isolement (Fin J),302,52,11,365",Institut National de Santé Publique,CC BY 4.0,data/csv/037_table_06_tableau_6_mouvement_des_patients_dans_le.csv
insp,037,2026-06-20,2026-06-20,patients_in_isolation,province,Democratic Republic of the Congo,Sud-Kivu,Sud-Kivu,11,patients,point,FALSE,TRUE,high,"Indicateur,Ituri,Nord-Kivu,Sud-Kivu,Ensemble
Patients en isolement (Fin J),302,52,11,365",Institut National de Santé Publique,CC BY 4.0,data/csv/037_table_06_tableau_6_mouvement_des_patients_dans_le.csv
who_afro,afro-06,2026-06-21,2026-06-21,admissions,national,Democratic Republic of the Congo,"","",67,patients,7d,FALSE,TRUE,high,"During the reporting period, 67 new admissions were recorded across treatment and isolation facilities, while
75 patients were discharged, including 21 deaths, 40 non-cases, and eight recoveries.",World Health Organization Regional Office for Africa,CC BY-NC-SA 3.0 IGO,https://iris.who.int/handle/10665/386544
insp,038,2026-06-21,2026-06-21,admissions,national,Democratic Republic of the Congo,"",Ensemble,70,patients,24h,FALSE,TRUE,high,"Indicateur,Ituri,Nord-Kivu,Sud-Kivu,Ensemble
Total admissions (24h),60,7,3,70",Institut National de Santé Publique,CC BY 4.0,data/csv/038_table_06_tableau_6_mouvement_des_patients_dans_le.csv
insp,038,2026-06-21,2026-06-21,admissions,province,Democratic Republic of the Congo,Ituri,Ituri,60,patients,24h,FALSE,TRUE,high,"Indicateur,Ituri,Nord-Kivu,Sud-Kivu,Ensemble
Total admissions (24h),60,7,3,70",Institut National de Santé Publique,CC BY 4.0,data/csv/038_table_06_tableau_6_mouvement_des_patients_dans_le.csv
insp,038,2026-06-21,2026-06-21,admissions,province,Democratic Republic of the Congo,Nord-Kivu,Nord-Kivu,7,patients,24h,FALSE,TRUE,high,"Indicateur,Ituri,Nord-Kivu,Sud-Kivu,Ensemble
Total admissions (24h),60,7,3,70",Institut National de Santé Publique,CC BY 4.0,data/csv/038_table_06_tableau_6_mouvement_des_patients_dans_le.csv
insp,038,2026-06-21,2026-06-21,admissions,province,Democratic Republic of the Congo,Sud-Kivu,Sud-Kivu,3,patients,24h,FALSE,TRUE,high,"Indicateur,Ituri,Nord-Kivu,Sud-Kivu,Ensemble
Total admissions (24h),60,7,3,70",Institut National de Santé Publique,CC BY 4.0,data/csv/038_table_06_tableau_6_mouvement_des_patients_dans_le.csv
who_afro,afro-06,2026-06-21,2026-06-21,bed_occupancy_pct,national,Democratic Republic of the Congo,"","",82.8,percent,point,FALSE,TRUE,high,"As of 21 June 2026, a total of 371 patients were in isolation or hospitalization, including 196
confirmed cases and 175 suspected cases, with a national bed occupancy rate of 82.8%.",World Health Organization Regional Office for Africa,CC BY-NC-SA 3.0 IGO,https://iris.who.int/handle/10665/386544
insp,038,2026-06-21,2026-06-21,bed_occupancy_pct,national,Democratic Republic of the Congo,"",Ensemble,84.1,percent,point,FALSE,TRUE,low,"Indicateur,Ituri,Nord-Kivu,Sud-Kivu,Ensemble
Taux d'occupation global,""88,2%"",""88,7%"",""31,3%"",""84,1%""",Institut National de Santé Publique,CC BY 4.0,data/csv/038_table_06_tableau_6_mouvement_des_patients_dans_le.csv
who_afro,afro-06,2026-06-21,2026-06-21,bed_occupancy_pct,province,Democratic Republic of the Congo,Ituri,Ituri Province,89.3,percent,point,FALSE,TRUE,high,"Occupancy remained
highest in Ituri Province (89.3%), reflecting sustained pressure on treatment capacity.",World Health Organization Regional Office for Africa,CC BY-NC-SA 3.0 IGO,https://iris.who.int/handle/10665/386544
insp,038,2026-06-21,2026-06-21,bed_occupancy_pct,province,Democratic Republic of the Congo,Ituri,Ituri,88.2,percent,point,FALSE,TRUE,low,"Indicateur,Ituri,Nord-Kivu,Sud-Kivu,Ensemble
Taux d'occupation global,""88,2%"",""88,7%"",""31,3%"",""84,1%""",Institut National de Santé Publique,CC BY 4.0,data/csv/038_table_06_tableau_6_mouvement_des_patients_dans_le.csv
insp,038,2026-06-21,2026-06-21,bed_occupancy_pct,province,Democratic Republic of the Congo,Nord-Kivu,Nord-Kivu,88.7,percent,point,FALSE,TRUE,low,"Indicateur,Ituri,Nord-Kivu,Sud-Kivu,Ensemble
Taux d'occupation global,""88,2%"",""88,7%"",""31,3%"",""84,1%""",Institut National de Santé Publique,CC BY 4.0,data/csv/038_table_06_tableau_6_mouvement_des_patients_dans_le.csv
insp,038,2026-06-21,2026-06-21,bed_occupancy_pct,province,Democratic Republic of the Congo,Sud-Kivu,Sud-Kivu,31.3,percent,point,FALSE,TRUE,low,"Indicateur,Ituri,Nord-Kivu,Sud-Kivu,Ensemble
Taux d'occupation global,""88,2%"",""88,7%"",""31,3%"",""84,1%""",Institut National de Santé Publique,CC BY 4.0,data/csv/038_table_06_tableau_6_mouvement_des_patients_dans_le.csv
who_afro,afro-06,2026-06-21,2026-06-21,beds_capacity,facility,Uganda,Entebbe isolation facility,Entebbe isolation facility,56,beds,point,FALSE,TRUE,high,"facility in Kampala; 56 beds, including four critical care beds, at the Entebbe isolation facility;",World Health Organization Regional Office for Africa,CC BY-NC-SA 3.0 IGO,https://iris.who.int/handle/10665/386544
who_afro,afro-06,2026-06-21,2026-06-21,beds_capacity,facility,Uganda,Mulago Field Isolation Facility,Mulago Field Isolation Facility,32,beds,point,FALSE,TRUE,high,"at the Entebbe isolation facility; and an
additional 32 beds at the Mulago Field Isolation Facility.",World Health Organization Regional Office for Africa,CC BY-NC-SA 3.0 IGO,https://iris.who.int/handle/10665/386544
who_afro,afro-06,2026-06-21,2026-06-21,beds_capacity,facility,Uganda,Mulago isolation facility,Mulago isolation facility,84,beds,point,FALSE,TRUE,high,"In Uganda, treatment capacity included 84 beds, including 10 critical care beds, at the Mulago isolation
facility in Kampala;",World Health Organization Regional Office for Africa,CC BY-NC-SA 3.0 IGO,https://iris.who.int/handle/10665/386544
insp,039,2026-06-22,2026-06-21,beds_occupied,national,Democratic Republic of the Congo,"",Ensemble,335,beds,point,FALSE,TRUE,high,"Indicateur,Ituri,Nord-Kivu,Sud-Kivu,Ensemble
Patients au lit (J-1),298,27,10,335",Institut National de Santé Publique,CC BY 4.0,data/csv/039_table_06_tableau_6_mouvement_des_patients_dans_le.csv
insp,039,2026-06-22,2026-06-21,beds_occupied,province,Democratic Republic of the Congo,Ituri,Ituri,298,beds,point,FALSE,TRUE,high,"Indicateur,Ituri,Nord-Kivu,Sud-Kivu,Ensemble
Patients au lit (J-1),298,27,10,335",Institut National de Santé Publique,CC BY 4.0,data/csv/039_table_06_tableau_6_mouvement_des_patients_dans_le.csv
insp,039,2026-06-22,2026-06-21,beds_occupied,province,Democratic Republic of the Congo,Nord-Kivu,Nord-Kivu,27,beds,point,FALSE,TRUE,high,"Indicateur,Ituri,Nord-Kivu,Sud-Kivu,Ensemble
Patients au lit (J-1),298,27,10,335",Institut National de Santé Publique,CC BY 4.0,data/csv/039_table_06_tableau_6_mouvement_des_patients_dans_le.csv
insp,039,2026-06-22,2026-06-21,beds_occupied,province,Democratic Republic of the Congo,Sud-Kivu,Sud-Kivu,10,beds,point,FALSE,TRUE,high,"Indicateur,Ituri,Nord-Kivu,Sud-Kivu,Ensemble
Patients au lit (J-1),298,27,10,335",Institut National de Santé Publique,CC BY 4.0,data/csv/039_table_06_tableau_6_mouvement_des_patients_dans_le.csv
who_afro,afro-06,2026-06-21,2026-06-21,deaths_in_facility,national,Democratic Republic of the Congo,"","",21,patients,7d,FALSE,TRUE,high,"During the reporting period, 67 new admissions were recorded across treatment and isolation facilities, while
75 patients were discharged, including 21 deaths, 40 non-cases, and eight recoveries.",World Health Organization Regional Office for Africa,CC BY-NC-SA 3.0 IGO,https://iris.who.int/handle/10665/386544
insp,038,2026-06-21,2026-06-21,deaths_in_facility,national,Democratic Republic of the Congo,"",Ensemble,14,patients,24h,FALSE,TRUE,high,"Indicateur,Ituri,Nord-Kivu,Sud-Kivu,Ensemble
Sorties (24h) Décédés (Suspects/Conf.),14,0,0,14",Institut National de Santé Publique,CC BY 4.0,data/csv/038_table_06_tableau_6_mouvement_des_patients_dans_le.csv
insp,038,2026-06-21,2026-06-21,deaths_in_facility,province,Democratic Republic of the Congo,Ituri,Ituri,14,patients,24h,FALSE,TRUE,high,"Indicateur,Ituri,Nord-Kivu,Sud-Kivu,Ensemble
Sorties (24h) Décédés (Suspects/Conf.),14,0,0,14",Institut National de Santé Publique,CC BY 4.0,data/csv/038_table_06_tableau_6_mouvement_des_patients_dans_le.csv
insp,038,2026-06-21,2026-06-21,deaths_in_facility,province,Democratic Republic of the Congo,Nord-Kivu,Nord-Kivu,0,patients,24h,FALSE,TRUE,high,"Indicateur,Ituri,Nord-Kivu,Sud-Kivu,Ensemble
Sorties (24h) Décédés (Suspects/Conf.),14,0,0,14",Institut National de Santé Publique,CC BY 4.0,data/csv/038_table_06_tableau_6_mouvement_des_patients_dans_le.csv
insp,038,2026-06-21,2026-06-21,deaths_in_facility,province,Democratic Republic of the Congo,Sud-Kivu,Sud-Kivu,0,patients,24h,FALSE,TRUE,high,"Indicateur,Ituri,Nord-Kivu,Sud-Kivu,Ensemble
Sorties (24h) Décédés (Suspects/Conf.),14,0,0,14",Institut National de Santé Publique,CC BY 4.0,data/csv/038_table_06_tableau_6_mouvement_des_patients_dans_le.csv
who_afro,afro-06,2026-06-21,2026-06-21,discharges_recovered,national,Democratic Republic of the Congo,"","",8,patients,7d,FALSE,TRUE,high,"During the reporting period, 67 new admissions were recorded across treatment and isolation facilities, while
75 patients were discharged, including 21 deaths, 40 non-cases, and eight recoveries.",World Health Organization Regional Office for Africa,CC BY-NC-SA 3.0 IGO,https://iris.who.int/handle/10665/386544
who_afro,afro-06,2026-06-21,2026-06-21,discharges_recovered,national,Democratic Republic of the Congo,"","",12,patients,24h,FALSE,TRUE,high,Twelve patients were declared recovered on 21 June 2026 after obtaining two negative control tests,World Health Organization Regional Office for Africa,CC BY-NC-SA 3.0 IGO,https://iris.who.int/handle/10665/386544
who_afro,afro-06,2026-06-21,2026-06-21,discharges_recovered,national,Democratic Republic of the Congo,"","",112,patients,cumulative,FALSE,TRUE,high,"bringing the cumulative number of recoveries to 112
nationally.",World Health Organization Regional Office for Africa,CC BY-NC-SA 3.0 IGO,https://iris.who.int/handle/10665/386544
who_afro,afro-06,2026-06-21,2026-06-21,discharges_recovered,national,Uganda,"","",14,patients,cumulative,FALSE,TRUE,high,A total of 14 cases had recovered while four were still in admission.,World Health Organization Regional Office for Africa,CC BY-NC-SA 3.0 IGO,https://iris.who.int/handle/10665/386544
insp,038,2026-06-21,2026-06-21,discharges_recovered,national,Democratic Republic of the Congo,"",Ensemble,12,patients,24h,FALSE,TRUE,high,"Indicateur,Ituri,Nord-Kivu,Sud-Kivu,Ensemble
Sorties (24h) Guéris,9,3,0,12",Institut National de Santé Publique,CC BY 4.0,data/csv/038_table_06_tableau_6_mouvement_des_patients_dans_le.csv
who_afro,afro-06,2026-06-21,2026-06-21,discharges_recovered,province,Democratic Republic of the Congo,Ituri,Ituri,9,patients,24h,FALSE,TRUE,high,including nine in Ituri and three in North Kivu,World Health Organization Regional Office for Africa,CC BY-NC-SA 3.0 IGO,https://iris.who.int/handle/10665/386544
insp,038,2026-06-21,2026-06-21,discharges_recovered,province,Democratic Republic of the Congo,Ituri,Ituri,9,patients,24h,FALSE,TRUE,high,"Indicateur,Ituri,Nord-Kivu,Sud-Kivu,Ensemble
Sorties (24h) Guéris,9,3,0,12",Institut National de Santé Publique,CC BY 4.0,data/csv/038_table_06_tableau_6_mouvement_des_patients_dans_le.csv
who_afro,afro-06,2026-06-21,2026-06-21,discharges_recovered,province,Democratic Republic of the Congo,Nord-Kivu,North Kivu,3,patients,24h,FALSE,TRUE,high,including nine in Ituri and three in North Kivu,World Health Organization Regional Office for Africa,CC BY-NC-SA 3.0 IGO,https://iris.who.int/handle/10665/386544
insp,038,2026-06-21,2026-06-21,discharges_recovered,province,Democratic Republic of the Congo,Nord-Kivu,Nord-Kivu,3,patients,24h,FALSE,TRUE,high,"Indicateur,Ituri,Nord-Kivu,Sud-Kivu,Ensemble
Sorties (24h) Guéris,9,3,0,12",Institut National de Santé Publique,CC BY 4.0,data/csv/038_table_06_tableau_6_mouvement_des_patients_dans_le.csv
insp,038,2026-06-21,2026-06-21,discharges_recovered,province,Democratic Republic of the Congo,Sud-Kivu,Sud-Kivu,0,patients,24h,FALSE,TRUE,high,"Indicateur,Ituri,Nord-Kivu,Sud-Kivu,Ensemble
Sorties (24h) Guéris,9,3,0,12",Institut National de Santé Publique,CC BY 4.0,data/csv/038_table_06_tableau_6_mouvement_des_patients_dans_le.csv
insp,038,2026-06-21,2026-06-21,escapes,national,Democratic Republic of the Congo,"",Ensemble,4,patients,24h,FALSE,TRUE,high,"Indicateur,Ituri,Nord-Kivu,Sud-Kivu,Ensemble
Sorties (24h) Évadés (Suspects/Conf.),4,0,0,4",Institut National de Santé Publique,CC BY 4.0,data/csv/038_table_06_tableau_6_mouvement_des_patients_dans_le.csv
who_afro,afro-06,2026-06-21,2026-06-21,escapes,province,Democratic Republic of the Congo,Ituri,Ituri Province,6,patients,7d,FALSE,TRUE,high,"Six patient
abscondments were also reported in Ituri Province, highlighting persistent challenges related to patient
retention",World Health Organization Regional Office for Africa,CC BY-NC-SA 3.0 IGO,https://iris.who.int/handle/10665/386544
insp,038,2026-06-21,2026-06-21,escapes,province,Democratic Republic of the Congo,Ituri,Ituri,4,patients,24h,FALSE,TRUE,high,"Indicateur,Ituri,Nord-Kivu,Sud-Kivu,Ensemble
Sorties (24h) Évadés (Suspects/Conf.),4,0,0,4",Institut National de Santé Publique,CC BY 4.0,data/csv/038_table_06_tableau_6_mouvement_des_patients_dans_le.csv
insp,038,2026-06-21,2026-06-21,escapes,province,Democratic Republic of the Congo,Nord-Kivu,Nord-Kivu,0,patients,24h,FALSE,TRUE,high,"Indicateur,Ituri,Nord-Kivu,Sud-Kivu,Ensemble
Sorties (24h) Évadés (Suspects/Conf.),4,0,0,4",Institut National de Santé Publique,CC BY 4.0,data/csv/038_table_06_tableau_6_mouvement_des_patients_dans_le.csv
insp,038,2026-06-21,2026-06-21,escapes,province,Democratic Republic of the Congo,Sud-Kivu,Sud-Kivu,0,patients,24h,FALSE,TRUE,high,"Indicateur,Ituri,Nord-Kivu,Sud-Kivu,Ensemble
Sorties (24h) Évadés (Suspects/Conf.),4,0,0,4",Institut National de Santé Publique,CC BY 4.0,data/csv/038_table_06_tableau_6_mouvement_des_patients_dans_le.csv
who_afro,afro-06,2026-06-21,2026-06-21,laboratories_testing,national,Uganda,"","",4,laboratories,point,FALSE,TRUE,high,"In Uganda, Bundibugyo virus testing is being conducted through four operational laboratories",World Health Organization Regional Office for Africa,CC BY-NC-SA 3.0 IGO,https://iris.who.int/handle/10665/386544
who_afro,afro-06,2026-06-21,2026-06-21,patients_in_isolation,national,Democratic Republic of the Congo,"","",371,patients,point,FALSE,TRUE,high,"As of 21 June 2026, a total of 371 patients were in isolation or hospitalization, including 196
confirmed cases and 175 suspected cases, with a national bed occupancy rate of 82.8%.",World Health Organization Regional Office for Africa,CC BY-NC-SA 3.0 IGO,https://iris.who.int/handle/10665/386544
who_afro,afro-06,2026-06-21,2026-06-21,patients_in_isolation,national,Uganda,"","",4,patients,point,FALSE,TRUE,high,A total of 14 cases had recovered while four were still in admission.,World Health Organization Regional Office for Africa,CC BY-NC-SA 3.0 IGO,https://iris.who.int/handle/10665/386544
insp,038,2026-06-21,2026-06-21,patients_in_isolation,national,Democratic Republic of the Congo,"",Ensemble,371,patients,point,FALSE,TRUE,high,"Indicateur,Ituri,Nord-Kivu,Sud-Kivu,Ensemble
Patients en isolement (Fin J),298,63,10,371",Institut National de Santé Publique,CC BY 4.0,data/csv/038_table_06_tableau_6_mouvement_des_patients_dans_le.csv
insp,038,2026-06-21,2026-06-21,patients_in_isolation,province,Democratic Republic of the Congo,Ituri,Ituri,298,patients,point,FALSE,TRUE,high,"Indicateur,Ituri,Nord-Kivu,Sud-Kivu,Ensemble
Patients en isolement (Fin J),298,63,10,371",Institut National de Santé Publique,CC BY 4.0,data/csv/038_table_06_tableau_6_mouvement_des_patients_dans_le.csv
insp,038,2026-06-21,2026-06-21,patients_in_isolation,province,Democratic Republic of the Congo,Nord-Kivu,Nord-Kivu,63,patients,point,FALSE,TRUE,high,"Indicateur,Ituri,Nord-Kivu,Sud-Kivu,Ensemble
Patients en isolement (Fin J),298,63,10,371",Institut National de Santé Publique,CC BY 4.0,data/csv/038_table_06_tableau_6_mouvement_des_patients_dans_le.csv
insp,038,2026-06-21,2026-06-21,patients_in_isolation,province,Democratic Republic of the Congo,Sud-Kivu,Sud-Kivu,10,patients,point,FALSE,TRUE,high,"Indicateur,Ituri,Nord-Kivu,Sud-Kivu,Ensemble
Patients en isolement (Fin J),298,63,10,371",Institut National de Santé Publique,CC BY 4.0,data/csv/038_table_06_tableau_6_mouvement_des_patients_dans_le.csv
insp,039,2026-06-22,2026-06-22,admissions,national,Democratic Republic of the Congo,"",Ensemble,93,patients,24h,FALSE,TRUE,high,"Indicateur,Ituri,Nord-Kivu,Sud-Kivu,Ensemble
Total admissions (24h),57,36,0,93",Institut National de Santé Publique,CC BY 4.0,data/csv/039_table_06_tableau_6_mouvement_des_patients_dans_le.csv
insp,039,2026-06-22,2026-06-22,admissions,province,Democratic Republic of the Congo,Ituri,Ituri,57,patients,24h,FALSE,TRUE,high,"Indicateur,Ituri,Nord-Kivu,Sud-Kivu,Ensemble
Total admissions (24h),57,36,0,93",Institut National de Santé Publique,CC BY 4.0,data/csv/039_table_06_tableau_6_mouvement_des_patients_dans_le.csv
insp,039,2026-06-22,2026-06-22,admissions,province,Democratic Republic of the Congo,Nord-Kivu,Nord-Kivu,36,patients,24h,FALSE,TRUE,high,"Indicateur,Ituri,Nord-Kivu,Sud-Kivu,Ensemble
Total admissions (24h),57,36,0,93",Institut National de Santé Publique,CC BY 4.0,data/csv/039_table_06_tableau_6_mouvement_des_patients_dans_le.csv
insp,039,2026-06-22,2026-06-22,admissions,province,Democratic Republic of the Congo,Sud-Kivu,Sud-Kivu,0,patients,24h,FALSE,TRUE,high,"Indicateur,Ituri,Nord-Kivu,Sud-Kivu,Ensemble
Total admissions (24h),57,36,0,93",Institut National de Santé Publique,CC BY 4.0,data/csv/039_table_06_tableau_6_mouvement_des_patients_dans_le.csv
insp,039,2026-06-22,2026-06-22,bed_occupancy_pct,national,Democratic Republic of the Congo,"",Ensemble,76.8,percent,point,FALSE,TRUE,low,"Indicateur,Ituri,Nord-Kivu,Sud-Kivu,Ensemble
Taux d'occupation global,""87,0%"",""54,4%"",""31,3%"",""76,8%""",Institut National de Santé Publique,CC BY 4.0,data/csv/039_table_06_tableau_6_mouvement_des_patients_dans_le.csv
insp,039,2026-06-22,2026-06-22,bed_occupancy_pct,province,Democratic Republic of the Congo,Ituri,Ituri,87,percent,point,FALSE,TRUE,low,"Indicateur,Ituri,Nord-Kivu,Sud-Kivu,Ensemble
Taux d'occupation global,""87,0%"",""54,4%"",""31,3%"",""76,8%""",Institut National de Santé Publique,CC BY 4.0,data/csv/039_table_06_tableau_6_mouvement_des_patients_dans_le.csv
insp,039,2026-06-22,2026-06-22,bed_occupancy_pct,province,Democratic Republic of the Congo,Nord-Kivu,Nord-Kivu,54.4,percent,point,FALSE,TRUE,low,"Indicateur,Ituri,Nord-Kivu,Sud-Kivu,Ensemble
Taux d'occupation global,""87,0%"",""54,4%"",""31,3%"",""76,8%""",Institut National de Santé Publique,CC BY 4.0,data/csv/039_table_06_tableau_6_mouvement_des_patients_dans_le.csv
insp,039,2026-06-22,2026-06-22,bed_occupancy_pct,province,Democratic Republic of the Congo,Sud-Kivu,Sud-Kivu,31.3,percent,point,FALSE,TRUE,low,"Indicateur,Ituri,Nord-Kivu,Sud-Kivu,Ensemble
Taux d'occupation global,""87,0%"",""54,4%"",""31,3%"",""76,8%""",Institut National de Santé Publique,CC BY 4.0,data/csv/039_table_06_tableau_6_mouvement_des_patients_dans_le.csv
insp,040,2026-06-23,2026-06-22,beds_occupied,national,Democratic Republic of the Congo,"",Ensemble,387,beds,point,FALSE,TRUE,high,"Indicateur,Ituri,Nord-Kivu,Sud-Kivu,Ensemble
Patients au lit (J-1),321,56,10,387",Institut National de Santé Publique,CC BY 4.0,data/csv/040_table_06_tableau_6_mouvement_des_patients_dans_le.csv
insp,040,2026-06-23,2026-06-22,beds_occupied,province,Democratic Republic of the Congo,Ituri,Ituri,321,beds,point,FALSE,TRUE,high,"Indicateur,Ituri,Nord-Kivu,Sud-Kivu,Ensemble
Patients au lit (J-1),321,56,10,387",Institut National de Santé Publique,CC BY 4.0,data/csv/040_table_06_tableau_6_mouvement_des_patients_dans_le.csv
insp,040,2026-06-23,2026-06-22,beds_occupied,province,Democratic Republic of the Congo,Nord-Kivu,Nord-Kivu,56,beds,point,FALSE,TRUE,high,"Indicateur,Ituri,Nord-Kivu,Sud-Kivu,Ensemble
Patients au lit (J-1),321,56,10,387",Institut National de Santé Publique,CC BY 4.0,data/csv/040_table_06_tableau_6_mouvement_des_patients_dans_le.csv
insp,040,2026-06-23,2026-06-22,beds_occupied,province,Democratic Republic of the Congo,Sud-Kivu,Sud-Kivu,10,beds,point,FALSE,TRUE,high,"Indicateur,Ituri,Nord-Kivu,Sud-Kivu,Ensemble
Patients au lit (J-1),321,56,10,387",Institut National de Santé Publique,CC BY 4.0,data/csv/040_table_06_tableau_6_mouvement_des_patients_dans_le.csv
insp,039,2026-06-22,2026-06-22,deaths_in_facility,national,Democratic Republic of the Congo,"",Ensemble,14,patients,24h,FALSE,TRUE,high,"Indicateur,Ituri,Nord-Kivu,Sud-Kivu,Ensemble
Sorties (24h) Décédés (Suspects/Conf.),14,0,0,14",Institut National de Santé Publique,CC BY 4.0,data/csv/039_table_06_tableau_6_mouvement_des_patients_dans_le.csv
insp,039,2026-06-22,2026-06-22,deaths_in_facility,province,Democratic Republic of the Congo,Ituri,Ituri,14,patients,24h,FALSE,TRUE,high,"Indicateur,Ituri,Nord-Kivu,Sud-Kivu,Ensemble
Sorties (24h) Décédés (Suspects/Conf.),14,0,0,14",Institut National de Santé Publique,CC BY 4.0,data/csv/039_table_06_tableau_6_mouvement_des_patients_dans_le.csv
insp,039,2026-06-22,2026-06-22,deaths_in_facility,province,Democratic Republic of the Congo,Nord-Kivu,Nord-Kivu,0,patients,24h,FALSE,TRUE,high,"Indicateur,Ituri,Nord-Kivu,Sud-Kivu,Ensemble
Sorties (24h) Décédés (Suspects/Conf.),14,0,0,14",Institut National de Santé Publique,CC BY 4.0,data/csv/039_table_06_tableau_6_mouvement_des_patients_dans_le.csv
insp,039,2026-06-22,2026-06-22,deaths_in_facility,province,Democratic Republic of the Congo,Sud-Kivu,Sud-Kivu,0,patients,24h,FALSE,TRUE,high,"Indicateur,Ituri,Nord-Kivu,Sud-Kivu,Ensemble
Sorties (24h) Décédés (Suspects/Conf.),14,0,0,14",Institut National de Santé Publique,CC BY 4.0,data/csv/039_table_06_tableau_6_mouvement_des_patients_dans_le.csv
insp,039,2026-06-22,2026-06-22,discharges_recovered,national,Democratic Republic of the Congo,"",Ensemble,3,patients,24h,FALSE,TRUE,high,"Indicateur,Ituri,Nord-Kivu,Sud-Kivu,Ensemble
Sorties (24h) Guéris,3,0,0,3",Institut National de Santé Publique,CC BY 4.0,data/csv/039_table_06_tableau_6_mouvement_des_patients_dans_le.csv
insp,039,2026-06-22,2026-06-22,discharges_recovered,province,Democratic Republic of the Congo,Ituri,Ituri,3,patients,24h,FALSE,TRUE,high,"Indicateur,Ituri,Nord-Kivu,Sud-Kivu,Ensemble
Sorties (24h) Guéris,3,0,0,3",Institut National de Santé Publique,CC BY 4.0,data/csv/039_table_06_tableau_6_mouvement_des_patients_dans_le.csv
insp,039,2026-06-22,2026-06-22,discharges_recovered,province,Democratic Republic of the Congo,Nord-Kivu,Nord-Kivu,0,patients,24h,FALSE,TRUE,high,"Indicateur,Ituri,Nord-Kivu,Sud-Kivu,Ensemble
Sorties (24h) Guéris,3,0,0,3",Institut National de Santé Publique,CC BY 4.0,data/csv/039_table_06_tableau_6_mouvement_des_patients_dans_le.csv
insp,039,2026-06-22,2026-06-22,discharges_recovered,province,Democratic Republic of the Congo,Sud-Kivu,Sud-Kivu,0,patients,24h,FALSE,TRUE,high,"Indicateur,Ituri,Nord-Kivu,Sud-Kivu,Ensemble
Sorties (24h) Guéris,3,0,0,3",Institut National de Santé Publique,CC BY 4.0,data/csv/039_table_06_tableau_6_mouvement_des_patients_dans_le.csv
insp,039,2026-06-22,2026-06-22,escapes,national,Democratic Republic of the Congo,"",Ensemble,1,patients,24h,FALSE,TRUE,high,"Indicateur,Ituri,Nord-Kivu,Sud-Kivu,Ensemble
Sorties (24h) Évadés (Suspects/Conf.),1,0,0,1",Institut National de Santé Publique,CC BY 4.0,data/csv/039_table_06_tableau_6_mouvement_des_patients_dans_le.csv
insp,039,2026-06-22,2026-06-22,escapes,province,Democratic Republic of the Congo,Ituri,Ituri,1,patients,24h,FALSE,TRUE,high,"Indicateur,Ituri,Nord-Kivu,Sud-Kivu,Ensemble
Sorties (24h) Évadés (Suspects/Conf.),1,0,0,1",Institut National de Santé Publique,CC BY 4.0,data/csv/039_table_06_tableau_6_mouvement_des_patients_dans_le.csv
insp,039,2026-06-22,2026-06-22,escapes,province,Democratic Republic of the Congo,Nord-Kivu,Nord-Kivu,0,patients,24h,FALSE,TRUE,high,"Indicateur,Ituri,Nord-Kivu,Sud-Kivu,Ensemble
Sorties (24h) Évadés (Suspects/Conf.),1,0,0,1",Institut National de Santé Publique,CC BY 4.0,data/csv/039_table_06_tableau_6_mouvement_des_patients_dans_le.csv
insp,039,2026-06-22,2026-06-22,escapes,province,Democratic Republic of the Congo,Sud-Kivu,Sud-Kivu,0,patients,24h,FALSE,TRUE,high,"Indicateur,Ituri,Nord-Kivu,Sud-Kivu,Ensemble
Sorties (24h) Évadés (Suspects/Conf.),1,0,0,1",Institut National de Santé Publique,CC BY 4.0,data/csv/039_table_06_tableau_6_mouvement_des_patients_dans_le.csv
insp,039,2026-06-22,2026-06-22,patients_in_isolation,national,Democratic Republic of the Congo,"",Ensemble,387,patients,point,FALSE,TRUE,high,"Indicateur,Ituri,Nord-Kivu,Sud-Kivu,Ensemble
Patients en isolement (Fin J),321,56,10,387",Institut National de Santé Publique,CC BY 4.0,data/csv/039_table_06_tableau_6_mouvement_des_patients_dans_le.csv
insp,039,2026-06-22,2026-06-22,patients_in_isolation,province,Democratic Republic of the Congo,Ituri,Ituri,321,patients,point,FALSE,TRUE,high,"Indicateur,Ituri,Nord-Kivu,Sud-Kivu,Ensemble
Patients en isolement (Fin J),321,56,10,387",Institut National de Santé Publique,CC BY 4.0,data/csv/039_table_06_tableau_6_mouvement_des_patients_dans_le.csv
insp,039,2026-06-22,2026-06-22,patients_in_isolation,province,Democratic Republic of the Congo,Nord-Kivu,Nord-Kivu,56,patients,point,FALSE,TRUE,high,"Indicateur,Ituri,Nord-Kivu,Sud-Kivu,Ensemble
Patients en isolement (Fin J),321,56,10,387",Institut National de Santé Publique,CC BY 4.0,data/csv/039_table_06_tableau_6_mouvement_des_patients_dans_le.csv
insp,039,2026-06-22,2026-06-22,patients_in_isolation,province,Democratic Republic of the Congo,Sud-Kivu,Sud-Kivu,10,patients,point,FALSE,TRUE,high,"Indicateur,Ituri,Nord-Kivu,Sud-Kivu,Ensemble
Patients en isolement (Fin J),321,56,10,387",Institut National de Santé Publique,CC BY 4.0,data/csv/039_table_06_tableau_6_mouvement_des_patients_dans_le.csv
insp,040,2026-06-23,2026-06-23,admissions,national,Democratic Republic of the Congo,"",Ensemble,61,patients,24h,FALSE,TRUE,high,"Indicateur,Ituri,Nord-Kivu,Sud-Kivu,Ensemble
Total admissions (24h),46,8,7,61",Institut National de Santé Publique,CC BY 4.0,data/csv/040_table_06_tableau_6_mouvement_des_patients_dans_le.csv
insp,040,2026-06-23,2026-06-23,admissions,province,Democratic Republic of the Congo,Ituri,Ituri,46,patients,24h,FALSE,TRUE,high,"Indicateur,Ituri,Nord-Kivu,Sud-Kivu,Ensemble
Total admissions (24h),46,8,7,61",Institut National de Santé Publique,CC BY 4.0,data/csv/040_table_06_tableau_6_mouvement_des_patients_dans_le.csv
insp,040,2026-06-23,2026-06-23,admissions,province,Democratic Republic of the Congo,Nord-Kivu,Nord-Kivu,8,patients,24h,FALSE,TRUE,high,"Indicateur,Ituri,Nord-Kivu,Sud-Kivu,Ensemble
Total admissions (24h),46,8,7,61",Institut National de Santé Publique,CC BY 4.0,data/csv/040_table_06_tableau_6_mouvement_des_patients_dans_le.csv
insp,040,2026-06-23,2026-06-23,admissions,province,Democratic Republic of the Congo,Sud-Kivu,Sud-Kivu,7,patients,24h,FALSE,TRUE,high,"Indicateur,Ituri,Nord-Kivu,Sud-Kivu,Ensemble
Total admissions (24h),46,8,7,61",Institut National de Santé Publique,CC BY 4.0,data/csv/040_table_06_tableau_6_mouvement_des_patients_dans_le.csv
insp,040,2026-06-23,2026-06-23,bed_occupancy_pct,national,Democratic Republic of the Congo,"",Ensemble,81,percent,point,FALSE,TRUE,low,"Indicateur,Ituri,Nord-Kivu,Sud-Kivu,Ensemble
Taux d'occupation global,""91,3%"",""57,3%"",""37,5%"",""81,0%""",Institut National de Santé Publique,CC BY 4.0,data/csv/040_table_06_tableau_6_mouvement_des_patients_dans_le.csv
insp,040,2026-06-23,2026-06-23,bed_occupancy_pct,province,Democratic Republic of the Congo,Ituri,Ituri,91.3,percent,point,FALSE,TRUE,low,"Indicateur,Ituri,Nord-Kivu,Sud-Kivu,Ensemble
Taux d'occupation global,""91,3%"",""57,3%"",""37,5%"",""81,0%""",Institut National de Santé Publique,CC BY 4.0,data/csv/040_table_06_tableau_6_mouvement_des_patients_dans_le.csv
insp,040,2026-06-23,2026-06-23,bed_occupancy_pct,province,Democratic Republic of the Congo,Nord-Kivu,Nord-Kivu,57.3,percent,point,FALSE,TRUE,low,"Indicateur,Ituri,Nord-Kivu,Sud-Kivu,Ensemble
Taux d'occupation global,""91,3%"",""57,3%"",""37,5%"",""81,0%""",Institut National de Santé Publique,CC BY 4.0,data/csv/040_table_06_tableau_6_mouvement_des_patients_dans_le.csv
insp,040,2026-06-23,2026-06-23,bed_occupancy_pct,province,Democratic Republic of the Congo,Sud-Kivu,Sud-Kivu,37.5,percent,point,FALSE,TRUE,low,"Indicateur,Ituri,Nord-Kivu,Sud-Kivu,Ensemble
Taux d'occupation global,""91,3%"",""57,3%"",""37,5%"",""81,0%""",Institut National de Santé Publique,CC BY 4.0,data/csv/040_table_06_tableau_6_mouvement_des_patients_dans_le.csv
insp,041,2026-06-24,2026-06-23,beds_occupied,national,Democratic Republic of the Congo,"",Ensemble,390,beds,point,FALSE,TRUE,high,"Indicateur,Ituri,Nord-Kivu*,Sud-Kivu,Ensemble
Patients au lit (J-1),322,56,12,390",Institut National de Santé Publique,CC BY 4.0,data/csv/041_table_06_tableau_6_mouvement_des_patients_dans_le.csv
insp,041,2026-06-24,2026-06-23,beds_occupied,province,Democratic Republic of the Congo,Ituri,Ituri,322,beds,point,FALSE,TRUE,high,"Indicateur,Ituri,Nord-Kivu*,Sud-Kivu,Ensemble
Patients au lit (J-1),322,56,12,390",Institut National de Santé Publique,CC BY 4.0,data/csv/041_table_06_tableau_6_mouvement_des_patients_dans_le.csv
insp,041,2026-06-24,2026-06-23,beds_occupied,province,Democratic Republic of the Congo,Nord-Kivu,Nord-Kivu*,56,beds,point,FALSE,TRUE,high,"Indicateur,Ituri,Nord-Kivu*,Sud-Kivu,Ensemble
Patients au lit (J-1),322,56,12,390",Institut National de Santé Publique,CC BY 4.0,data/csv/041_table_06_tableau_6_mouvement_des_patients_dans_le.csv
insp,041,2026-06-24,2026-06-23,beds_occupied,province,Democratic Republic of the Congo,Sud-Kivu,Sud-Kivu,12,beds,point,FALSE,TRUE,high,"Indicateur,Ituri,Nord-Kivu*,Sud-Kivu,Ensemble
Patients au lit (J-1),322,56,12,390",Institut National de Santé Publique,CC BY 4.0,data/csv/041_table_06_tableau_6_mouvement_des_patients_dans_le.csv
insp,040,2026-06-23,2026-06-23,deaths_in_facility,national,Democratic Republic of the Congo,"",Ensemble,9,patients,24h,FALSE,TRUE,high,"Indicateur,Ituri,Nord-Kivu,Sud-Kivu,Ensemble
Sorties (24h) Décédés (Suspects/Conf.),9,0,0,9",Institut National de Santé Publique,CC BY 4.0,data/csv/040_table_06_tableau_6_mouvement_des_patients_dans_le.csv
insp,040,2026-06-23,2026-06-23,deaths_in_facility,province,Democratic Republic of the Congo,Ituri,Ituri,9,patients,24h,FALSE,TRUE,high,"Indicateur,Ituri,Nord-Kivu,Sud-Kivu,Ensemble
Sorties (24h) Décédés (Suspects/Conf.),9,0,0,9",Institut National de Santé Publique,CC BY 4.0,data/csv/040_table_06_tableau_6_mouvement_des_patients_dans_le.csv
insp,040,2026-06-23,2026-06-23,deaths_in_facility,province,Democratic Republic of the Congo,Nord-Kivu,Nord-Kivu,0,patients,24h,FALSE,TRUE,high,"Indicateur,Ituri,Nord-Kivu,Sud-Kivu,Ensemble
Sorties (24h) Décédés (Suspects/Conf.),9,0,0,9",Institut National de Santé Publique,CC BY 4.0,data/csv/040_table_06_tableau_6_mouvement_des_patients_dans_le.csv
insp,040,2026-06-23,2026-06-23,deaths_in_facility,province,Democratic Republic of the Congo,Sud-Kivu,Sud-Kivu,0,patients,24h,FALSE,TRUE,high,"Indicateur,Ituri,Nord-Kivu,Sud-Kivu,Ensemble
Sorties (24h) Décédés (Suspects/Conf.),9,0,0,9",Institut National de Santé Publique,CC BY 4.0,data/csv/040_table_06_tableau_6_mouvement_des_patients_dans_le.csv
insp,040,2026-06-23,2026-06-23,discharges_recovered,national,Democratic Republic of the Congo,"",Ensemble,7,patients,24h,FALSE,TRUE,high,"Indicateur,Ituri,Nord-Kivu,Sud-Kivu,Ensemble
Sorties (24h) Guéris,7,0,0,7",Institut National de Santé Publique,CC BY 4.0,data/csv/040_table_06_tableau_6_mouvement_des_patients_dans_le.csv
insp,040,2026-06-23,2026-06-23,discharges_recovered,province,Democratic Republic of the Congo,Ituri,Ituri,7,patients,24h,FALSE,TRUE,high,"Indicateur,Ituri,Nord-Kivu,Sud-Kivu,Ensemble
Sorties (24h) Guéris,7,0,0,7",Institut National de Santé Publique,CC BY 4.0,data/csv/040_table_06_tableau_6_mouvement_des_patients_dans_le.csv
insp,040,2026-06-23,2026-06-23,discharges_recovered,province,Democratic Republic of the Congo,Nord-Kivu,Nord-Kivu,0,patients,24h,FALSE,TRUE,high,"Indicateur,Ituri,Nord-Kivu,Sud-Kivu,Ensemble
Sorties (24h) Guéris,7,0,0,7",Institut National de Santé Publique,CC BY 4.0,data/csv/040_table_06_tableau_6_mouvement_des_patients_dans_le.csv
insp,040,2026-06-23,2026-06-23,discharges_recovered,province,Democratic Republic of the Congo,Sud-Kivu,Sud-Kivu,0,patients,24h,FALSE,TRUE,high,"Indicateur,Ituri,Nord-Kivu,Sud-Kivu,Ensemble
Sorties (24h) Guéris,7,0,0,7",Institut National de Santé Publique,CC BY 4.0,data/csv/040_table_06_tableau_6_mouvement_des_patients_dans_le.csv
insp,040,2026-06-23,2026-06-23,escapes,national,Democratic Republic of the Congo,"",Ensemble,0,patients,24h,FALSE,TRUE,high,"Indicateur,Ituri,Nord-Kivu,Sud-Kivu,Ensemble
Sorties (24h) Évadés (Suspects/Conf.),0,0,0,0",Institut National de Santé Publique,CC BY 4.0,data/csv/040_table_06_tableau_6_mouvement_des_patients_dans_le.csv
insp,040,2026-06-23,2026-06-23,escapes,province,Democratic Republic of the Congo,Ituri,Ituri,0,patients,24h,FALSE,TRUE,high,"Indicateur,Ituri,Nord-Kivu,Sud-Kivu,Ensemble
Sorties (24h) Évadés (Suspects/Conf.),0,0,0,0",Institut National de Santé Publique,CC BY 4.0,data/csv/040_table_06_tableau_6_mouvement_des_patients_dans_le.csv
insp,040,2026-06-23,2026-06-23,escapes,province,Democratic Republic of the Congo,Nord-Kivu,Nord-Kivu,0,patients,24h,FALSE,TRUE,high,"Indicateur,Ituri,Nord-Kivu,Sud-Kivu,Ensemble
Sorties (24h) Évadés (Suspects/Conf.),0,0,0,0",Institut National de Santé Publique,CC BY 4.0,data/csv/040_table_06_tableau_6_mouvement_des_patients_dans_le.csv
insp,040,2026-06-23,2026-06-23,escapes,province,Democratic Republic of the Congo,Sud-Kivu,Sud-Kivu,0,patients,24h,FALSE,TRUE,high,"Indicateur,Ituri,Nord-Kivu,Sud-Kivu,Ensemble
Sorties (24h) Évadés (Suspects/Conf.),0,0,0,0",Institut National de Santé Publique,CC BY 4.0,data/csv/040_table_06_tableau_6_mouvement_des_patients_dans_le.csv
insp,040,2026-06-23,2026-06-23,patients_in_isolation,national,Democratic Republic of the Congo,"",Ensemble,408,patients,point,FALSE,TRUE,high,"Indicateur,Ituri,Nord-Kivu,Sud-Kivu,Ensemble
Patients en isolement (Fin J),337,59,12,408",Institut National de Santé Publique,CC BY 4.0,data/csv/040_table_06_tableau_6_mouvement_des_patients_dans_le.csv
insp,040,2026-06-23,2026-06-23,patients_in_isolation,province,Democratic Republic of the Congo,Ituri,Ituri,337,patients,point,FALSE,TRUE,high,"Indicateur,Ituri,Nord-Kivu,Sud-Kivu,Ensemble
Patients en isolement (Fin J),337,59,12,408",Institut National de Santé Publique,CC BY 4.0,data/csv/040_table_06_tableau_6_mouvement_des_patients_dans_le.csv
insp,040,2026-06-23,2026-06-23,patients_in_isolation,province,Democratic Republic of the Congo,Nord-Kivu,Nord-Kivu,59,patients,point,FALSE,TRUE,high,"Indicateur,Ituri,Nord-Kivu,Sud-Kivu,Ensemble
Patients en isolement (Fin J),337,59,12,408",Institut National de Santé Publique,CC BY 4.0,data/csv/040_table_06_tableau_6_mouvement_des_patients_dans_le.csv
insp,040,2026-06-23,2026-06-23,patients_in_isolation,province,Democratic Republic of the Congo,Sud-Kivu,Sud-Kivu,12,patients,point,FALSE,TRUE,high,"Indicateur,Ituri,Nord-Kivu,Sud-Kivu,Ensemble
Patients en isolement (Fin J),337,59,12,408",Institut National de Santé Publique,CC BY 4.0,data/csv/040_table_06_tableau_6_mouvement_des_patients_dans_le.csv
insp,041,2026-06-24,2026-06-24,admissions,national,Democratic Republic of the Congo,"",Ensemble,73,patients,24h,FALSE,TRUE,high,"Indicateur,Ituri,Nord-Kivu*,Sud-Kivu,Ensemble
Total admissions (24h),59,8,6,73",Institut National de Santé Publique,CC BY 4.0,data/csv/041_table_06_tableau_6_mouvement_des_patients_dans_le.csv
insp,041,2026-06-24,2026-06-24,admissions,province,Democratic Republic of the Congo,Ituri,Ituri,59,patients,24h,FALSE,TRUE,high,"Indicateur,Ituri,Nord-Kivu*,Sud-Kivu,Ensemble
Total admissions (24h),59,8,6,73",Institut National de Santé Publique,CC BY 4.0,data/csv/041_table_06_tableau_6_mouvement_des_patients_dans_le.csv
insp,041,2026-06-24,2026-06-24,admissions,province,Democratic Republic of the Congo,Nord-Kivu,Nord-Kivu*,8,patients,24h,FALSE,TRUE,high,"Indicateur,Ituri,Nord-Kivu*,Sud-Kivu,Ensemble
Total admissions (24h),59,8,6,73",Institut National de Santé Publique,CC BY 4.0,data/csv/041_table_06_tableau_6_mouvement_des_patients_dans_le.csv
insp,041,2026-06-24,2026-06-24,admissions,province,Democratic Republic of the Congo,Sud-Kivu,Sud-Kivu,6,patients,24h,FALSE,TRUE,high,"Indicateur,Ituri,Nord-Kivu*,Sud-Kivu,Ensemble
Total admissions (24h),59,8,6,73",Institut National de Santé Publique,CC BY 4.0,data/csv/041_table_06_tableau_6_mouvement_des_patients_dans_le.csv
insp,041,2026-06-24,2026-06-24,bed_occupancy_pct,national,Democratic Republic of the Congo,"",Ensemble,74.9,percent,point,FALSE,TRUE,low,"Indicateur,Ituri,Nord-Kivu*,Sud-Kivu,Ensemble
Taux d'occupation global,""85,3%"",""57,3%"",""29,5%"",""74,9%""",Institut National de Santé Publique,CC BY 4.0,data/csv/041_table_06_tableau_6_mouvement_des_patients_dans_le.csv
insp,041,2026-06-24,2026-06-24,bed_occupancy_pct,province,Democratic Republic of the Congo,Ituri,Ituri,85.3,percent,point,FALSE,TRUE,low,"Indicateur,Ituri,Nord-Kivu*,Sud-Kivu,Ensemble
Taux d'occupation global,""85,3%"",""57,3%"",""29,5%"",""74,9%""",Institut National de Santé Publique,CC BY 4.0,data/csv/041_table_06_tableau_6_mouvement_des_patients_dans_le.csv
insp,041,2026-06-24,2026-06-24,bed_occupancy_pct,province,Democratic Republic of the Congo,Nord-Kivu,Nord-Kivu*,57.3,percent,point,FALSE,TRUE,low,"Indicateur,Ituri,Nord-Kivu*,Sud-Kivu,Ensemble
Taux d'occupation global,""85,3%"",""57,3%"",""29,5%"",""74,9%""",Institut National de Santé Publique,CC BY 4.0,data/csv/041_table_06_tableau_6_mouvement_des_patients_dans_le.csv
insp,041,2026-06-24,2026-06-24,bed_occupancy_pct,province,Democratic Republic of the Congo,Sud-Kivu,Sud-Kivu,29.5,percent,point,FALSE,TRUE,low,"Indicateur,Ituri,Nord-Kivu*,Sud-Kivu,Ensemble
Taux d'occupation global,""85,3%"",""57,3%"",""29,5%"",""74,9%""",Institut National de Santé Publique,CC BY 4.0,data/csv/041_table_06_tableau_6_mouvement_des_patients_dans_le.csv
insp,042,2026-06-25,2026-06-24,beds_occupied,national,Democratic Republic of the Congo,"",Ensemble,382,beds,point,FALSE,TRUE,high,"Indicateur,Ituri,Nord-Kivu,Sud-Kivu,Ensemble
Patients au lit (J-1),313,56,13,382",Institut National de Santé Publique,CC BY 4.0,data/csv/042_table_06_tableau_6_mouvement_des_patients_dans_le.csv
insp,042,2026-06-25,2026-06-24,beds_occupied,province,Democratic Republic of the Congo,Ituri,Ituri,313,beds,point,FALSE,TRUE,high,"Indicateur,Ituri,Nord-Kivu,Sud-Kivu,Ensemble
Patients au lit (J-1),313,56,13,382",Institut National de Santé Publique,CC BY 4.0,data/csv/042_table_06_tableau_6_mouvement_des_patients_dans_le.csv
insp,042,2026-06-25,2026-06-24,beds_occupied,province,Democratic Republic of the Congo,Nord-Kivu,Nord-Kivu,56,beds,point,FALSE,TRUE,high,"Indicateur,Ituri,Nord-Kivu,Sud-Kivu,Ensemble
Patients au lit (J-1),313,56,13,382",Institut National de Santé Publique,CC BY 4.0,data/csv/042_table_06_tableau_6_mouvement_des_patients_dans_le.csv
insp,042,2026-06-25,2026-06-24,beds_occupied,province,Democratic Republic of the Congo,Sud-Kivu,Sud-Kivu,13,beds,point,FALSE,TRUE,high,"Indicateur,Ituri,Nord-Kivu,Sud-Kivu,Ensemble
Patients au lit (J-1),313,56,13,382",Institut National de Santé Publique,CC BY 4.0,data/csv/042_table_06_tableau_6_mouvement_des_patients_dans_le.csv
insp,041,2026-06-24,2026-06-24,deaths_in_facility,national,Democratic Republic of the Congo,"",Ensemble,14,patients,24h,FALSE,TRUE,high,"Indicateur,Ituri,Nord-Kivu*,Sud-Kivu,Ensemble
Sorties (24h) Décédés (Suspects/Conf.),14,0,0,14",Institut National de Santé Publique,CC BY 4.0,data/csv/041_table_06_tableau_6_mouvement_des_patients_dans_le.csv
insp,041,2026-06-24,2026-06-24,deaths_in_facility,province,Democratic Republic of the Congo,Ituri,Ituri,14,patients,24h,FALSE,TRUE,high,"Indicateur,Ituri,Nord-Kivu*,Sud-Kivu,Ensemble
Sorties (24h) Décédés (Suspects/Conf.),14,0,0,14",Institut National de Santé Publique,CC BY 4.0,data/csv/041_table_06_tableau_6_mouvement_des_patients_dans_le.csv
insp,041,2026-06-24,2026-06-24,deaths_in_facility,province,Democratic Republic of the Congo,Nord-Kivu,Nord-Kivu*,0,patients,24h,FALSE,TRUE,high,"Indicateur,Ituri,Nord-Kivu*,Sud-Kivu,Ensemble
Sorties (24h) Décédés (Suspects/Conf.),14,0,0,14",Institut National de Santé Publique,CC BY 4.0,data/csv/041_table_06_tableau_6_mouvement_des_patients_dans_le.csv
insp,041,2026-06-24,2026-06-24,deaths_in_facility,province,Democratic Republic of the Congo,Sud-Kivu,Sud-Kivu,0,patients,24h,FALSE,TRUE,high,"Indicateur,Ituri,Nord-Kivu*,Sud-Kivu,Ensemble
Sorties (24h) Décédés (Suspects/Conf.),14,0,0,14",Institut National de Santé Publique,CC BY 4.0,data/csv/041_table_06_tableau_6_mouvement_des_patients_dans_le.csv
insp,041,2026-06-24,2026-06-24,discharges_recovered,national,Democratic Republic of the Congo,"",Ensemble,16,patients,24h,FALSE,TRUE,high,"Indicateur,Ituri,Nord-Kivu*,Sud-Kivu,Ensemble
Sorties (24h) Guéris,16,0,0,16",Institut National de Santé Publique,CC BY 4.0,data/csv/041_table_06_tableau_6_mouvement_des_patients_dans_le.csv
insp,041,2026-06-24,2026-06-24,discharges_recovered,province,Democratic Republic of the Congo,Ituri,Ituri,16,patients,24h,FALSE,TRUE,high,"Indicateur,Ituri,Nord-Kivu*,Sud-Kivu,Ensemble
Sorties (24h) Guéris,16,0,0,16",Institut National de Santé Publique,CC BY 4.0,data/csv/041_table_06_tableau_6_mouvement_des_patients_dans_le.csv
insp,041,2026-06-24,2026-06-24,discharges_recovered,province,Democratic Republic of the Congo,Nord-Kivu,Nord-Kivu*,0,patients,24h,FALSE,TRUE,high,"Indicateur,Ituri,Nord-Kivu*,Sud-Kivu,Ensemble
Sorties (24h) Guéris,16,0,0,16",Institut National de Santé Publique,CC BY 4.0,data/csv/041_table_06_tableau_6_mouvement_des_patients_dans_le.csv
insp,041,2026-06-24,2026-06-24,discharges_recovered,province,Democratic Republic of the Congo,Sud-Kivu,Sud-Kivu,0,patients,24h,FALSE,TRUE,high,"Indicateur,Ituri,Nord-Kivu*,Sud-Kivu,Ensemble
Sorties (24h) Guéris,16,0,0,16",Institut National de Santé Publique,CC BY 4.0,data/csv/041_table_06_tableau_6_mouvement_des_patients_dans_le.csv
insp,041,2026-06-24,2026-06-24,escapes,national,Democratic Republic of the Congo,"",Ensemble,1,patients,24h,FALSE,TRUE,high,"Indicateur,Ituri,Nord-Kivu*,Sud-Kivu,Ensemble
Sorties (24h) Évadés (Suspects/Conf.),1,0,0,1",Institut National de Santé Publique,CC BY 4.0,data/csv/041_table_06_tableau_6_mouvement_des_patients_dans_le.csv
insp,041,2026-06-24,2026-06-24,escapes,province,Democratic Republic of the Congo,Ituri,Ituri,1,patients,24h,FALSE,TRUE,high,"Indicateur,Ituri,Nord-Kivu*,Sud-Kivu,Ensemble
Sorties (24h) Évadés (Suspects/Conf.),1,0,0,1",Institut National de Santé Publique,CC BY 4.0,data/csv/041_table_06_tableau_6_mouvement_des_patients_dans_le.csv
insp,041,2026-06-24,2026-06-24,escapes,province,Democratic Republic of the Congo,Nord-Kivu,Nord-Kivu*,0,patients,24h,FALSE,TRUE,high,"Indicateur,Ituri,Nord-Kivu*,Sud-Kivu,Ensemble
Sorties (24h) Évadés (Suspects/Conf.),1,0,0,1",Institut National de Santé Publique,CC BY 4.0,data/csv/041_table_06_tableau_6_mouvement_des_patients_dans_le.csv
insp,041,2026-06-24,2026-06-24,escapes,province,Democratic Republic of the Congo,Sud-Kivu,Sud-Kivu,0,patients,24h,FALSE,TRUE,high,"Indicateur,Ituri,Nord-Kivu*,Sud-Kivu,Ensemble
Sorties (24h) Évadés (Suspects/Conf.),1,0,0,1",Institut National de Santé Publique,CC BY 4.0,data/csv/041_table_06_tableau_6_mouvement_des_patients_dans_le.csv
insp,041,2026-06-24,2026-06-24,patients_in_isolation,national,Democratic Republic of the Congo,"",Ensemble,385,patients,point,FALSE,TRUE,high,"Indicateur,Ituri,Nord-Kivu*,Sud-Kivu,Ensemble
Patients en isolement (Fin J),313,59,13,385",Institut National de Santé Publique,CC BY 4.0,data/csv/041_table_06_tableau_6_mouvement_des_patients_dans_le.csv
insp,041,2026-06-24,2026-06-24,patients_in_isolation,province,Democratic Republic of the Congo,Ituri,Ituri,313,patients,point,FALSE,TRUE,high,"Indicateur,Ituri,Nord-Kivu*,Sud-Kivu,Ensemble
Patients en isolement (Fin J),313,59,13,385",Institut National de Santé Publique,CC BY 4.0,data/csv/041_table_06_tableau_6_mouvement_des_patients_dans_le.csv
insp,041,2026-06-24,2026-06-24,patients_in_isolation,province,Democratic Republic of the Congo,Nord-Kivu,Nord-Kivu*,59,patients,point,FALSE,TRUE,high,"Indicateur,Ituri,Nord-Kivu*,Sud-Kivu,Ensemble
Patients en isolement (Fin J),313,59,13,385",Institut National de Santé Publique,CC BY 4.0,data/csv/041_table_06_tableau_6_mouvement_des_patients_dans_le.csv
insp,041,2026-06-24,2026-06-24,patients_in_isolation,province,Democratic Republic of the Congo,Sud-Kivu,Sud-Kivu,13,patients,point,FALSE,TRUE,high,"Indicateur,Ituri,Nord-Kivu*,Sud-Kivu,Ensemble
Patients en isolement (Fin J),313,59,13,385",Institut National de Santé Publique,CC BY 4.0,data/csv/041_table_06_tableau_6_mouvement_des_patients_dans_le.csv
insp,042,2026-06-25,2026-06-25,admissions,national,Democratic Republic of the Congo,"",Ensemble,76,patients,24h,FALSE,TRUE,high,"Indicateur,Ituri,Nord-Kivu,Sud-Kivu,Ensemble
Total admissions (24h),60,12,4,76",Institut National de Santé Publique,CC BY 4.0,data/csv/042_table_06_tableau_6_mouvement_des_patients_dans_le.csv
insp,042,2026-06-25,2026-06-25,admissions,province,Democratic Republic of the Congo,Ituri,Ituri,60,patients,24h,FALSE,TRUE,high,"Indicateur,Ituri,Nord-Kivu,Sud-Kivu,Ensemble
Total admissions (24h),60,12,4,76",Institut National de Santé Publique,CC BY 4.0,data/csv/042_table_06_tableau_6_mouvement_des_patients_dans_le.csv
insp,042,2026-06-25,2026-06-25,admissions,province,Democratic Republic of the Congo,Nord-Kivu,Nord-Kivu,12,patients,24h,FALSE,TRUE,high,"Indicateur,Ituri,Nord-Kivu,Sud-Kivu,Ensemble
Total admissions (24h),60,12,4,76",Institut National de Santé Publique,CC BY 4.0,data/csv/042_table_06_tableau_6_mouvement_des_patients_dans_le.csv
insp,042,2026-06-25,2026-06-25,admissions,province,Democratic Republic of the Congo,Sud-Kivu,Sud-Kivu,4,patients,24h,FALSE,TRUE,high,"Indicateur,Ituri,Nord-Kivu,Sud-Kivu,Ensemble
Total admissions (24h),60,12,4,76",Institut National de Santé Publique,CC BY 4.0,data/csv/042_table_06_tableau_6_mouvement_des_patients_dans_le.csv
insp,042,2026-06-25,2026-06-25,bed_occupancy_pct,national,Democratic Republic of the Congo,"",Ensemble,80.7,percent,point,FALSE,TRUE,low,"Indicateur,Ituri,Nord-Kivu,Sud-Kivu,Ensemble
Taux d'occupation global,""89,8%"",""66,0%"",""38,6%"",""80,7%""",Institut National de Santé Publique,CC BY 4.0,data/csv/042_table_06_tableau_6_mouvement_des_patients_dans_le.csv
insp,042,2026-06-25,2026-06-25,bed_occupancy_pct,province,Democratic Republic of the Congo,Ituri,Ituri,89.8,percent,point,FALSE,TRUE,low,"Indicateur,Ituri,Nord-Kivu,Sud-Kivu,Ensemble
Taux d'occupation global,""89,8%"",""66,0%"",""38,6%"",""80,7%""",Institut National de Santé Publique,CC BY 4.0,data/csv/042_table_06_tableau_6_mouvement_des_patients_dans_le.csv
insp,042,2026-06-25,2026-06-25,bed_occupancy_pct,province,Democratic Republic of the Congo,Nord-Kivu,Nord-Kivu,66,percent,point,FALSE,TRUE,low,"Indicateur,Ituri,Nord-Kivu,Sud-Kivu,Ensemble
Taux d'occupation global,""89,8%"",""66,0%"",""38,6%"",""80,7%""",Institut National de Santé Publique,CC BY 4.0,data/csv/042_table_06_tableau_6_mouvement_des_patients_dans_le.csv
insp,042,2026-06-25,2026-06-25,bed_occupancy_pct,province,Democratic Republic of the Congo,Sud-Kivu,Sud-Kivu,38.6,percent,point,FALSE,TRUE,low,"Indicateur,Ituri,Nord-Kivu,Sud-Kivu,Ensemble
Taux d'occupation global,""89,8%"",""66,0%"",""38,6%"",""80,7%""",Institut National de Santé Publique,CC BY 4.0,data/csv/042_table_06_tableau_6_mouvement_des_patients_dans_le.csv
insp,042,2026-06-25,2026-06-25,deaths_in_facility,national,Democratic Republic of the Congo,"",Ensemble,7,patients,24h,FALSE,TRUE,high,"Indicateur,Ituri,Nord-Kivu,Sud-Kivu,Ensemble
Sorties (24h) Décédés (Suspects/Conf.),7,0,0,7",Institut National de Santé Publique,CC BY 4.0,data/csv/042_table_06_tableau_6_mouvement_des_patients_dans_le.csv
insp,042,2026-06-25,2026-06-25,deaths_in_facility,province,Democratic Republic of the Congo,Ituri,Ituri,7,patients,24h,FALSE,TRUE,high,"Indicateur,Ituri,Nord-Kivu,Sud-Kivu,Ensemble
Sorties (24h) Décédés (Suspects/Conf.),7,0,0,7",Institut National de Santé Publique,CC BY 4.0,data/csv/042_table_06_tableau_6_mouvement_des_patients_dans_le.csv
insp,042,2026-06-25,2026-06-25,deaths_in_facility,province,Democratic Republic of the Congo,Nord-Kivu,Nord-Kivu,0,patients,24h,FALSE,TRUE,high,"Indicateur,Ituri,Nord-Kivu,Sud-Kivu,Ensemble
Sorties (24h) Décédés (Suspects/Conf.),7,0,0,7",Institut National de Santé Publique,CC BY 4.0,data/csv/042_table_06_tableau_6_mouvement_des_patients_dans_le.csv
insp,042,2026-06-25,2026-06-25,deaths_in_facility,province,Democratic Republic of the Congo,Sud-Kivu,Sud-Kivu,0,patients,24h,FALSE,TRUE,high,"Indicateur,Ituri,Nord-Kivu,Sud-Kivu,Ensemble
Sorties (24h) Décédés (Suspects/Conf.),7,0,0,7",Institut National de Santé Publique,CC BY 4.0,data/csv/042_table_06_tableau_6_mouvement_des_patients_dans_le.csv
insp,042,2026-06-25,2026-06-25,discharges_recovered,national,Democratic Republic of the Congo,"",Ensemble,10,patients,24h,FALSE,TRUE,high,"Indicateur,Ituri,Nord-Kivu,Sud-Kivu,Ensemble
Sorties (24h) Guéris,10,0,0,10",Institut National de Santé Publique,CC BY 4.0,data/csv/042_table_06_tableau_6_mouvement_des_patients_dans_le.csv
insp,042,2026-06-25,2026-06-25,discharges_recovered,province,Democratic Republic of the Congo,Ituri,Ituri,10,patients,24h,FALSE,TRUE,high,"Indicateur,Ituri,Nord-Kivu,Sud-Kivu,Ensemble
Sorties (24h) Guéris,10,0,0,10",Institut National de Santé Publique,CC BY 4.0,data/csv/042_table_06_tableau_6_mouvement_des_patients_dans_le.csv
insp,042,2026-06-25,2026-06-25,discharges_recovered,province,Democratic Republic of the Congo,Nord-Kivu,Nord-Kivu,0,patients,24h,FALSE,TRUE,high,"Indicateur,Ituri,Nord-Kivu,Sud-Kivu,Ensemble
Sorties (24h) Guéris,10,0,0,10",Institut National de Santé Publique,CC BY 4.0,data/csv/042_table_06_tableau_6_mouvement_des_patients_dans_le.csv
insp,042,2026-06-25,2026-06-25,discharges_recovered,province,Democratic Republic of the Congo,Sud-Kivu,Sud-Kivu,0,patients,24h,FALSE,TRUE,high,"Indicateur,Ituri,Nord-Kivu,Sud-Kivu,Ensemble
Sorties (24h) Guéris,10,0,0,10",Institut National de Santé Publique,CC BY 4.0,data/csv/042_table_06_tableau_6_mouvement_des_patients_dans_le.csv
insp,042,2026-06-25,2026-06-25,escapes,national,Democratic Republic of the Congo,"",Ensemble,1,patients,24h,FALSE,TRUE,high,"Indicateur,Ituri,Nord-Kivu,Sud-Kivu,Ensemble
Sorties (24h) Évadés (Suspects/Conf.),1,0,0,1",Institut National de Santé Publique,CC BY 4.0,data/csv/042_table_06_tableau_6_mouvement_des_patients_dans_le.csv
insp,042,2026-06-25,2026-06-25,escapes,province,Democratic Republic of the Congo,Ituri,Ituri,1,patients,24h,FALSE,TRUE,high,"Indicateur,Ituri,Nord-Kivu,Sud-Kivu,Ensemble
Sorties (24h) Évadés (Suspects/Conf.),1,0,0,1",Institut National de Santé Publique,CC BY 4.0,data/csv/042_table_06_tableau_6_mouvement_des_patients_dans_le.csv
insp,042,2026-06-25,2026-06-25,escapes,province,Democratic Republic of the Congo,Nord-Kivu,Nord-Kivu,0,patients,24h,FALSE,TRUE,high,"Indicateur,Ituri,Nord-Kivu,Sud-Kivu,Ensemble
Sorties (24h) Évadés (Suspects/Conf.),1,0,0,1",Institut National de Santé Publique,CC BY 4.0,data/csv/042_table_06_tableau_6_mouvement_des_patients_dans_le.csv
insp,042,2026-06-25,2026-06-25,escapes,province,Democratic Republic of the Congo,Sud-Kivu,Sud-Kivu,0,patients,24h,FALSE,TRUE,high,"Indicateur,Ituri,Nord-Kivu,Sud-Kivu,Ensemble
Sorties (24h) Évadés (Suspects/Conf.),1,0,0,1",Institut National de Santé Publique,CC BY 4.0,data/csv/042_table_06_tableau_6_mouvement_des_patients_dans_le.csv
insp,042,2026-06-25,2026-06-25,patients_in_isolation,national,Democratic Republic of the Congo,"",Ensemble,419,patients,point,FALSE,TRUE,high,"Indicateur,Ituri,Nord-Kivu,Sud-Kivu,Ensemble
Patients en isolement (Fin J),334,68,17,419",Institut National de Santé Publique,CC BY 4.0,data/csv/042_table_06_tableau_6_mouvement_des_patients_dans_le.csv
insp,042,2026-06-25,2026-06-25,patients_in_isolation,province,Democratic Republic of the Congo,Ituri,Ituri,334,patients,point,FALSE,TRUE,high,"Indicateur,Ituri,Nord-Kivu,Sud-Kivu,Ensemble
Patients en isolement (Fin J),334,68,17,419",Institut National de Santé Publique,CC BY 4.0,data/csv/042_table_06_tableau_6_mouvement_des_patients_dans_le.csv
insp,042,2026-06-25,2026-06-25,patients_in_isolation,province,Democratic Republic of the Congo,Nord-Kivu,Nord-Kivu,68,patients,point,FALSE,TRUE,high,"Indicateur,Ituri,Nord-Kivu,Sud-Kivu,Ensemble
Patients en isolement (Fin J),334,68,17,419",Institut National de Santé Publique,CC BY 4.0,data/csv/042_table_06_tableau_6_mouvement_des_patients_dans_le.csv
insp,042,2026-06-25,2026-06-25,patients_in_isolation,province,Democratic Republic of the Congo,Sud-Kivu,Sud-Kivu,17,patients,point,FALSE,TRUE,high,"Indicateur,Ituri,Nord-Kivu,Sud-Kivu,Ensemble
Patients en isolement (Fin J),334,68,17,419",Institut National de Santé Publique,CC BY 4.0,data/csv/042_table_06_tableau_6_mouvement_des_patients_dans_le.csv
insp,044,2026-06-27,2026-06-26,beds_occupied,national,Democratic Republic of the Congo,"",Ensemble,484,beds,point,FALSE,TRUE,high,"Indicateur,Ituri,Nord-Kivu*,Sud-Kivu,Ensemble
Patients au lit (J-1),333,134,17,484",Institut National de Santé Publique,CC BY 4.0,data/csv/044_table_06_tableau_6_mouvement_des_patients_dans_le.csv
insp,044,2026-06-27,2026-06-26,beds_occupied,province,Democratic Republic of the Congo,Ituri,Ituri,333,beds,point,FALSE,TRUE,high,"Indicateur,Ituri,Nord-Kivu*,Sud-Kivu,Ensemble
Patients au lit (J-1),333,134,17,484",Institut National de Santé Publique,CC BY 4.0,data/csv/044_table_06_tableau_6_mouvement_des_patients_dans_le.csv
insp,044,2026-06-27,2026-06-26,beds_occupied,province,Democratic Republic of the Congo,Nord-Kivu,Nord-Kivu*,134,beds,point,FALSE,TRUE,high,"Indicateur,Ituri,Nord-Kivu*,Sud-Kivu,Ensemble
Patients au lit (J-1),333,134,17,484",Institut National de Santé Publique,CC BY 4.0,data/csv/044_table_06_tableau_6_mouvement_des_patients_dans_le.csv
insp,044,2026-06-27,2026-06-26,beds_occupied,province,Democratic Republic of the Congo,Sud-Kivu,Sud-Kivu,17,beds,point,FALSE,TRUE,high,"Indicateur,Ituri,Nord-Kivu*,Sud-Kivu,Ensemble
Patients au lit (J-1),333,134,17,484",Institut National de Santé Publique,CC BY 4.0,data/csv/044_table_06_tableau_6_mouvement_des_patients_dans_le.csv
insp,044,2026-06-27,2026-06-27,admissions,national,Democratic Republic of the Congo,"",Ensemble,74,patients,24h,FALSE,TRUE,high,"Indicateur,Ituri,Nord-Kivu*,Sud-Kivu,Ensemble
Total admissions (24h),50,20,4,74",Institut National de Santé Publique,CC BY 4.0,data/csv/044_table_06_tableau_6_mouvement_des_patients_dans_le.csv
insp,044,2026-06-27,2026-06-27,admissions,province,Democratic Republic of the Congo,Ituri,Ituri,50,patients,24h,FALSE,TRUE,high,"Indicateur,Ituri,Nord-Kivu*,Sud-Kivu,Ensemble
Total admissions (24h),50,20,4,74",Institut National de Santé Publique,CC BY 4.0,data/csv/044_table_06_tableau_6_mouvement_des_patients_dans_le.csv
insp,044,2026-06-27,2026-06-27,admissions,province,Democratic Republic of the Congo,Nord-Kivu,Nord-Kivu*,20,patients,24h,FALSE,TRUE,high,"Indicateur,Ituri,Nord-Kivu*,Sud-Kivu,Ensemble
Total admissions (24h),50,20,4,74",Institut National de Santé Publique,CC BY 4.0,data/csv/044_table_06_tableau_6_mouvement_des_patients_dans_le.csv
insp,044,2026-06-27,2026-06-27,admissions,province,Democratic Republic of the Congo,Sud-Kivu,Sud-Kivu,4,patients,24h,FALSE,TRUE,high,"Indicateur,Ituri,Nord-Kivu*,Sud-Kivu,Ensemble
Total admissions (24h),50,20,4,74",Institut National de Santé Publique,CC BY 4.0,data/csv/044_table_06_tableau_6_mouvement_des_patients_dans_le.csv
insp,044,2026-06-27,2026-06-27,bed_occupancy_pct,national,Democratic Republic of the Congo,"",Ensemble,96.7,percent,point,FALSE,TRUE,low,"Indicateur,Ituri,Nord-Kivu*,Sud-Kivu,Ensemble
Taux d'occupation global,""90,9%"",""138,8%"",""47,7%"",""96,7%""",Institut National de Santé Publique,CC BY 4.0,data/csv/044_table_06_tableau_6_mouvement_des_patients_dans_le.csv
insp,044,2026-06-27,2026-06-27,bed_occupancy_pct,province,Democratic Republic of the Congo,Ituri,Ituri,90.9,percent,point,FALSE,TRUE,low,"Indicateur,Ituri,Nord-Kivu*,Sud-Kivu,Ensemble
Taux d'occupation global,""90,9%"",""138,8%"",""47,7%"",""96,7%""",Institut National de Santé Publique,CC BY 4.0,data/csv/044_table_06_tableau_6_mouvement_des_patients_dans_le.csv
insp,044,2026-06-27,2026-06-27,bed_occupancy_pct,province,Democratic Republic of the Congo,Nord-Kivu,Nord-Kivu*,138.8,percent,point,FALSE,TRUE,low,"Indicateur,Ituri,Nord-Kivu*,Sud-Kivu,Ensemble
Taux d'occupation global,""90,9%"",""138,8%"",""47,7%"",""96,7%""",Institut National de Santé Publique,CC BY 4.0,data/csv/044_table_06_tableau_6_mouvement_des_patients_dans_le.csv
insp,044,2026-06-27,2026-06-27,bed_occupancy_pct,province,Democratic Republic of the Congo,Sud-Kivu,Sud-Kivu,47.7,percent,point,FALSE,TRUE,low,"Indicateur,Ituri,Nord-Kivu*,Sud-Kivu,Ensemble
Taux d'occupation global,""90,9%"",""138,8%"",""47,7%"",""96,7%""",Institut National de Santé Publique,CC BY 4.0,data/csv/044_table_06_tableau_6_mouvement_des_patients_dans_le.csv
insp,044,2026-06-27,2026-06-27,deaths_in_facility,national,Democratic Republic of the Congo,"",Ensemble,16,patients,24h,FALSE,TRUE,high,"Indicateur,Ituri,Nord-Kivu*,Sud-Kivu,Ensemble
Sorties (24h) Décédés (Suspects/Conf.),15,1,0,16",Institut National de Santé Publique,CC BY 4.0,data/csv/044_table_06_tableau_6_mouvement_des_patients_dans_le.csv
insp,044,2026-06-27,2026-06-27,deaths_in_facility,province,Democratic Republic of the Congo,Ituri,Ituri,15,patients,24h,FALSE,TRUE,high,"Indicateur,Ituri,Nord-Kivu*,Sud-Kivu,Ensemble
Sorties (24h) Décédés (Suspects/Conf.),15,1,0,16",Institut National de Santé Publique,CC BY 4.0,data/csv/044_table_06_tableau_6_mouvement_des_patients_dans_le.csv
insp,044,2026-06-27,2026-06-27,deaths_in_facility,province,Democratic Republic of the Congo,Nord-Kivu,Nord-Kivu*,1,patients,24h,FALSE,TRUE,high,"Indicateur,Ituri,Nord-Kivu*,Sud-Kivu,Ensemble
Sorties (24h) Décédés (Suspects/Conf.),15,1,0,16",Institut National de Santé Publique,CC BY 4.0,data/csv/044_table_06_tableau_6_mouvement_des_patients_dans_le.csv
insp,044,2026-06-27,2026-06-27,deaths_in_facility,province,Democratic Republic of the Congo,Sud-Kivu,Sud-Kivu,0,patients,24h,FALSE,TRUE,high,"Indicateur,Ituri,Nord-Kivu*,Sud-Kivu,Ensemble
Sorties (24h) Décédés (Suspects/Conf.),15,1,0,16",Institut National de Santé Publique,CC BY 4.0,data/csv/044_table_06_tableau_6_mouvement_des_patients_dans_le.csv
insp,044,2026-06-27,2026-06-27,discharges_recovered,national,Democratic Republic of the Congo,"",Ensemble,15,patients,24h,FALSE,TRUE,high,"Indicateur,Ituri,Nord-Kivu*,Sud-Kivu,Ensemble
Sorties (24h) Guéris,15,0,0,15",Institut National de Santé Publique,CC BY 4.0,data/csv/044_table_06_tableau_6_mouvement_des_patients_dans_le.csv
insp,044,2026-06-27,2026-06-27,discharges_recovered,province,Democratic Republic of the Congo,Ituri,Ituri,15,patients,24h,FALSE,TRUE,high,"Indicateur,Ituri,Nord-Kivu*,Sud-Kivu,Ensemble
Sorties (24h) Guéris,15,0,0,15",Institut National de Santé Publique,CC BY 4.0,data/csv/044_table_06_tableau_6_mouvement_des_patients_dans_le.csv
insp,044,2026-06-27,2026-06-27,discharges_recovered,province,Democratic Republic of the Congo,Nord-Kivu,Nord-Kivu*,0,patients,24h,FALSE,TRUE,high,"Indicateur,Ituri,Nord-Kivu*,Sud-Kivu,Ensemble
Sorties (24h) Guéris,15,0,0,15",Institut National de Santé Publique,CC BY 4.0,data/csv/044_table_06_tableau_6_mouvement_des_patients_dans_le.csv
insp,044,2026-06-27,2026-06-27,discharges_recovered,province,Democratic Republic of the Congo,Sud-Kivu,Sud-Kivu,0,patients,24h,FALSE,TRUE,high,"Indicateur,Ituri,Nord-Kivu*,Sud-Kivu,Ensemble
Sorties (24h) Guéris,15,0,0,15",Institut National de Santé Publique,CC BY 4.0,data/csv/044_table_06_tableau_6_mouvement_des_patients_dans_le.csv
insp,044,2026-06-27,2026-06-27,escapes,national,Democratic Republic of the Congo,"",Ensemble,1,patients,24h,FALSE,TRUE,high,"Indicateur,Ituri,Nord-Kivu*,Sud-Kivu,Ensemble
Sorties (24h) Évadés (Suspects/Conf.),1,0,0,1",Institut National de Santé Publique,CC BY 4.0,data/csv/044_table_06_tableau_6_mouvement_des_patients_dans_le.csv
insp,044,2026-06-27,2026-06-27,escapes,province,Democratic Republic of the Congo,Ituri,Ituri,1,patients,24h,FALSE,TRUE,high,"Indicateur,Ituri,Nord-Kivu*,Sud-Kivu,Ensemble
Sorties (24h) Évadés (Suspects/Conf.),1,0,0,1",Institut National de Santé Publique,CC BY 4.0,data/csv/044_table_06_tableau_6_mouvement_des_patients_dans_le.csv
insp,044,2026-06-27,2026-06-27,escapes,province,Democratic Republic of the Congo,Nord-Kivu,Nord-Kivu*,0,patients,24h,FALSE,TRUE,high,"Indicateur,Ituri,Nord-Kivu*,Sud-Kivu,Ensemble
Sorties (24h) Évadés (Suspects/Conf.),1,0,0,1",Institut National de Santé Publique,CC BY 4.0,data/csv/044_table_06_tableau_6_mouvement_des_patients_dans_le.csv
insp,044,2026-06-27,2026-06-27,escapes,province,Democratic Republic of the Congo,Sud-Kivu,Sud-Kivu,0,patients,24h,FALSE,TRUE,high,"Indicateur,Ituri,Nord-Kivu*,Sud-Kivu,Ensemble
Sorties (24h) Évadés (Suspects/Conf.),1,0,0,1",Institut National de Santé Publique,CC BY 4.0,data/csv/044_table_06_tableau_6_mouvement_des_patients_dans_le.csv
insp,044,2026-06-27,2026-06-27,patients_in_isolation,national,Democratic Republic of the Congo,"",Ensemble,502,patients,point,FALSE,TRUE,high,"Indicateur,Ituri,Nord-Kivu*,Sud-Kivu,Ensemble
Patients en isolement (Fin J),338,143,21,502",Institut National de Santé Publique,CC BY 4.0,data/csv/044_table_06_tableau_6_mouvement_des_patients_dans_le.csv
insp,044,2026-06-27,2026-06-27,patients_in_isolation,province,Democratic Republic of the Congo,Ituri,Ituri,338,patients,point,FALSE,TRUE,high,"Indicateur,Ituri,Nord-Kivu*,Sud-Kivu,Ensemble
Patients en isolement (Fin J),338,143,21,502",Institut National de Santé Publique,CC BY 4.0,data/csv/044_table_06_tableau_6_mouvement_des_patients_dans_le.csv
insp,044,2026-06-27,2026-06-27,patients_in_isolation,province,Democratic Republic of the Congo,Nord-Kivu,Nord-Kivu*,143,patients,point,FALSE,TRUE,high,"Indicateur,Ituri,Nord-Kivu*,Sud-Kivu,Ensemble
Patients en isolement (Fin J),338,143,21,502",Institut National de Santé Publique,CC BY 4.0,data/csv/044_table_06_tableau_6_mouvement_des_patients_dans_le.csv
insp,044,2026-06-27,2026-06-27,patients_in_isolation,province,Democratic Republic of the Congo,Sud-Kivu,Sud-Kivu,21,patients,point,FALSE,TRUE,high,"Indicateur,Ituri,Nord-Kivu*,Sud-Kivu,Ensemble
Patients en isolement (Fin J),338,143,21,502",Institut National de Santé Publique,CC BY 4.0,data/csv/044_table_06_tableau_6_mouvement_des_patients_dans_le.csv
who_afro,afro-07,2026-06-28,2026-06-28,bed_occupancy_pct,national,Democratic Republic of the Congo,"","",96.2,percent,point,FALSE,TRUE,high,"As of 28 June 2026, a total of 615 patients remained in isolation or hospitalization across treatment facilities, including 229 confirmed and 386 suspected cases, with an overall bed occupancy rate of 96.2%.",World Health Organization Regional Office for Africa,CC BY-NC-SA 3.0 IGO,https://iris.who.int/handle/10665/386596
who_afro,afro-07,2026-06-28,2026-06-28,bed_occupancy_pct,province,Democratic Republic of the Congo,Ituri,Ituri,91.7,percent,point,FALSE,TRUE,high,Occupancy remained particularly high in North Kivu (138.8%) and Ituri (91.7%),World Health Organization Regional Office for Africa,CC BY-NC-SA 3.0 IGO,https://iris.who.int/handle/10665/386596
who_afro,afro-07,2026-06-28,2026-06-28,bed_occupancy_pct,province,Democratic Republic of the Congo,Nord-Kivu,North Kivu,138.8,percent,point,FALSE,TRUE,high,Occupancy remained particularly high in North Kivu (138.8%) and Ituri (91.7%),World Health Organization Regional Office for Africa,CC BY-NC-SA 3.0 IGO,https://iris.who.int/handle/10665/386596
who_afro,afro-07,2026-06-28,2026-06-28,beds_capacity,facility,Uganda,Entebbe isolation facility,Entebbe isolation facility,56,beds,point,FALSE,TRUE,high,"In Uganda, treatment capacity includes 84 beds at the Mulago isolation facility in Kampala, 56 beds at the Entebbe isolation facility, and an additional 32 beds at the Mulago Field Isolation Facility.",World Health Organization Regional Office for Africa,CC BY-NC-SA 3.0 IGO,https://iris.who.int/handle/10665/386596
who_afro,afro-07,2026-06-28,2026-06-28,beds_capacity,facility,Uganda,Mulago Field Isolation Facility,Mulago Field Isolation Facility,32,beds,point,FALSE,TRUE,high,"In Uganda, treatment capacity includes 84 beds at the Mulago isolation facility in Kampala, 56 beds at the Entebbe isolation facility, and an additional 32 beds at the Mulago Field Isolation Facility.",World Health Organization Regional Office for Africa,CC BY-NC-SA 3.0 IGO,https://iris.who.int/handle/10665/386596
who_afro,afro-07,2026-06-28,2026-06-28,beds_capacity,facility,Uganda,Mulago isolation facility,Mulago isolation facility,84,beds,point,FALSE,TRUE,high,"In Uganda, treatment capacity includes 84 beds at the Mulago isolation facility in Kampala, 56 beds at the Entebbe isolation facility, and an additional 32 beds at the Mulago Field Isolation Facility.",World Health Organization Regional Office for Africa,CC BY-NC-SA 3.0 IGO,https://iris.who.int/handle/10665/386596
who_afro,afro-07,2026-06-28,2026-06-28,beds_capacity,national,Democratic Republic of the Congo,"","",654,beds,point,FALSE,TRUE,high,with 654 beds established across 35 affected health zones in the Democratic Republic of the Congo.,World Health Organization Regional Office for Africa,CC BY-NC-SA 3.0 IGO,https://iris.who.int/handle/10665/386596
insp,046,2026-06-29,2026-06-28,beds_occupied,national,Democratic Republic of the Congo,"",Ensemble,610,beds,point,FALSE,TRUE,high,"Indicateur,Ituri1,Nord-Kivu,Sud-Kivu,Ensemble
Patients au lit (J-1),449,138,23,610",Institut National de Santé Publique,CC BY 4.0,data/csv/046_table_06_tableau_6_mouvement_des_patients_dans_le.csv
insp,046,2026-06-29,2026-06-28,beds_occupied,province,Democratic Republic of the Congo,Ituri,Ituri1,449,beds,point,FALSE,TRUE,high,"Indicateur,Ituri1,Nord-Kivu,Sud-Kivu,Ensemble
Patients au lit (J-1),449,138,23,610",Institut National de Santé Publique,CC BY 4.0,data/csv/046_table_06_tableau_6_mouvement_des_patients_dans_le.csv
insp,046,2026-06-29,2026-06-28,beds_occupied,province,Democratic Republic of the Congo,Nord-Kivu,Nord-Kivu,138,beds,point,FALSE,TRUE,high,"Indicateur,Ituri1,Nord-Kivu,Sud-Kivu,Ensemble
Patients au lit (J-1),449,138,23,610",Institut National de Santé Publique,CC BY 4.0,data/csv/046_table_06_tableau_6_mouvement_des_patients_dans_le.csv
insp,046,2026-06-29,2026-06-28,beds_occupied,province,Democratic Republic of the Congo,Sud-Kivu,Sud-Kivu,23,beds,point,FALSE,TRUE,high,"Indicateur,Ituri1,Nord-Kivu,Sud-Kivu,Ensemble
Patients au lit (J-1),449,138,23,610",Institut National de Santé Publique,CC BY 4.0,data/csv/046_table_06_tableau_6_mouvement_des_patients_dans_le.csv
who_afro,afro-07,2026-06-28,2026-06-28,discharges_recovered,national,Democratic Republic of the Congo,"","",180,patients,cumulative,FALSE,TRUE,high,"The cumulative number of recoveries has increased to 180, including 170 in Ituri, eight in North Kivu, and two in South Kivu.",World Health Organization Regional Office for Africa,CC BY-NC-SA 3.0 IGO,https://iris.who.int/handle/10665/386596
who_afro,afro-07,2026-06-28,2026-06-28,discharges_recovered,national,Uganda,"","",15,patients,cumulative,FALSE,TRUE,high,"A total of 15 patients have recovered and been discharged, while three remain admitted for care.",World Health Organization Regional Office for Africa,CC BY-NC-SA 3.0 IGO,https://iris.who.int/handle/10665/386596
who_afro,afro-08,2026-07-05,2026-06-28,discharges_recovered,national,Democratic Republic of the Congo,"","",180,patients,cumulative,FALSE,TRUE,high,cumulative recoveries increasing from 180 on 28 June to 273 by 05 July 2026.,World Health Organization Regional Office for Africa,CC BY-NC-SA 3.0 IGO,https://iris.who.int/handle/10665/386672
who_afro,afro-07,2026-06-28,2026-06-28,discharges_recovered,province,Democratic Republic of the Congo,Ituri,Ituri,170,patients,cumulative,FALSE,TRUE,high,"The cumulative number of recoveries has increased to 180, including 170 in Ituri, eight in North Kivu, and two in South Kivu.",World Health Organization Regional Office for Africa,CC BY-NC-SA 3.0 IGO,https://iris.who.int/handle/10665/386596
who_afro,afro-07,2026-06-28,2026-06-28,discharges_recovered,province,Democratic Republic of the Congo,Nord-Kivu,North Kivu,8,patients,cumulative,FALSE,TRUE,high,"The cumulative number of recoveries has increased to 180, including 170 in Ituri, eight in North Kivu, and two in South Kivu.",World Health Organization Regional Office for Africa,CC BY-NC-SA 3.0 IGO,https://iris.who.int/handle/10665/386596
who_afro,afro-07,2026-06-28,2026-06-28,discharges_recovered,province,Democratic Republic of the Congo,Sud-Kivu,South Kivu,2,patients,cumulative,FALSE,TRUE,high,"The cumulative number of recoveries has increased to 180, including 170 in Ituri, eight in North Kivu, and two in South Kivu.",World Health Organization Regional Office for Africa,CC BY-NC-SA 3.0 IGO,https://iris.who.int/handle/10665/386596
who_afro,afro-07,2026-06-28,2026-06-28,laboratories_testing,national,Uganda,"","",4,laboratories,point,FALSE,TRUE,high,"In Uganda, Bundibugyo virus testing is being conducted through four operational laboratories",World Health Organization Regional Office for Africa,CC BY-NC-SA 3.0 IGO,https://iris.who.int/handle/10665/386596
who_afro,afro-07,2026-06-28,2026-06-28,patients_in_isolation,national,Democratic Republic of the Congo,"","",615,patients,point,FALSE,TRUE,high,"As of 28 June 2026, a total of 615 patients remained in isolation or hospitalization across treatment facilities",World Health Organization Regional Office for Africa,CC BY-NC-SA 3.0 IGO,https://iris.who.int/handle/10665/386596
who_afro,afro-07,2026-06-28,2026-06-28,patients_in_isolation,national,Uganda,"","",3,patients,point,FALSE,TRUE,high,"A total of 15 patients have recovered and been discharged, while three remain admitted for care.",World Health Organization Regional Office for Africa,CC BY-NC-SA 3.0 IGO,https://iris.who.int/handle/10665/386596
insp,046,2026-06-29,2026-06-29,admissions,national,Democratic Republic of the Congo,"",Ensemble,82,patients,24h,FALSE,TRUE,high,"Indicateur,Ituri1,Nord-Kivu,Sud-Kivu,Ensemble
Total admissions (24h),68,11,3,82",Institut National de Santé Publique,CC BY 4.0,data/csv/046_table_06_tableau_6_mouvement_des_patients_dans_le.csv
insp,046,2026-06-29,2026-06-29,admissions,province,Democratic Republic of the Congo,Ituri,Ituri1,68,patients,24h,FALSE,TRUE,high,"Indicateur,Ituri1,Nord-Kivu,Sud-Kivu,Ensemble
Total admissions (24h),68,11,3,82",Institut National de Santé Publique,CC BY 4.0,data/csv/046_table_06_tableau_6_mouvement_des_patients_dans_le.csv
insp,046,2026-06-29,2026-06-29,admissions,province,Democratic Republic of the Congo,Nord-Kivu,Nord-Kivu,11,patients,24h,FALSE,TRUE,high,"Indicateur,Ituri1,Nord-Kivu,Sud-Kivu,Ensemble
Total admissions (24h),68,11,3,82",Institut National de Santé Publique,CC BY 4.0,data/csv/046_table_06_tableau_6_mouvement_des_patients_dans_le.csv
insp,046,2026-06-29,2026-06-29,admissions,province,Democratic Republic of the Congo,Sud-Kivu,Sud-Kivu,3,patients,24h,FALSE,TRUE,high,"Indicateur,Ituri1,Nord-Kivu,Sud-Kivu,Ensemble
Total admissions (24h),68,11,3,82",Institut National de Santé Publique,CC BY 4.0,data/csv/046_table_06_tableau_6_mouvement_des_patients_dans_le.csv
insp,046,2026-06-29,2026-06-29,bed_occupancy_pct,national,Democratic Republic of the Congo,"",Ensemble,92.7,percent,point,FALSE,TRUE,low,"Indicateur,Ituri1,Nord-Kivu,Sud-Kivu,Ensemble
Taux d'occupation global,102%,125%,""51,1%"",""92,7%""",Institut National de Santé Publique,CC BY 4.0,data/csv/046_table_06_tableau_6_mouvement_des_patients_dans_le.csv
insp,046,2026-06-29,2026-06-29,bed_occupancy_pct,province,Democratic Republic of the Congo,Ituri,Ituri1,102,percent,point,FALSE,TRUE,high,"Indicateur,Ituri1,Nord-Kivu,Sud-Kivu,Ensemble
Taux d'occupation global,102%,125%,""51,1%"",""92,7%""",Institut National de Santé Publique,CC BY 4.0,data/csv/046_table_06_tableau_6_mouvement_des_patients_dans_le.csv
insp,046,2026-06-29,2026-06-29,bed_occupancy_pct,province,Democratic Republic of the Congo,Nord-Kivu,Nord-Kivu,125,percent,point,FALSE,TRUE,high,"Indicateur,Ituri1,Nord-Kivu,Sud-Kivu,Ensemble
Taux d'occupation global,102%,125%,""51,1%"",""92,7%""",Institut National de Santé Publique,CC BY 4.0,data/csv/046_table_06_tableau_6_mouvement_des_patients_dans_le.csv
insp,046,2026-06-29,2026-06-29,bed_occupancy_pct,province,Democratic Republic of the Congo,Sud-Kivu,Sud-Kivu,51.1,percent,point,FALSE,TRUE,low,"Indicateur,Ituri1,Nord-Kivu,Sud-Kivu,Ensemble
Taux d'occupation global,102%,125%,""51,1%"",""92,7%""",Institut National de Santé Publique,CC BY 4.0,data/csv/046_table_06_tableau_6_mouvement_des_patients_dans_le.csv
insp,046,2026-06-29,2026-06-29,deaths_in_facility,national,Democratic Republic of the Congo,"",Ensemble,18,patients,24h,FALSE,TRUE,high,"Indicateur,Ituri1,Nord-Kivu,Sud-Kivu,Ensemble
""Sorties (24h) Décédés (Suspects/Conf,)"",17,1,0,18",Institut National de Santé Publique,CC BY 4.0,data/csv/046_table_06_tableau_6_mouvement_des_patients_dans_le.csv
insp,046,2026-06-29,2026-06-29,deaths_in_facility,province,Democratic Republic of the Congo,Ituri,Ituri1,17,patients,24h,FALSE,TRUE,high,"Indicateur,Ituri1,Nord-Kivu,Sud-Kivu,Ensemble
""Sorties (24h) Décédés (Suspects/Conf,)"",17,1,0,18",Institut National de Santé Publique,CC BY 4.0,data/csv/046_table_06_tableau_6_mouvement_des_patients_dans_le.csv
insp,046,2026-06-29,2026-06-29,deaths_in_facility,province,Democratic Republic of the Congo,Nord-Kivu,Nord-Kivu,1,patients,24h,FALSE,TRUE,high,"Indicateur,Ituri1,Nord-Kivu,Sud-Kivu,Ensemble
""Sorties (24h) Décédés (Suspects/Conf,)"",17,1,0,18",Institut National de Santé Publique,CC BY 4.0,data/csv/046_table_06_tableau_6_mouvement_des_patients_dans_le.csv
insp,046,2026-06-29,2026-06-29,deaths_in_facility,province,Democratic Republic of the Congo,Sud-Kivu,Sud-Kivu,0,patients,24h,FALSE,TRUE,high,"Indicateur,Ituri1,Nord-Kivu,Sud-Kivu,Ensemble
""Sorties (24h) Décédés (Suspects/Conf,)"",17,1,0,18",Institut National de Santé Publique,CC BY 4.0,data/csv/046_table_06_tableau_6_mouvement_des_patients_dans_le.csv
insp,046,2026-06-29,2026-06-29,discharges_recovered,national,Democratic Republic of the Congo,"",Ensemble,9,patients,24h,FALSE,TRUE,high,"Indicateur,Ituri1,Nord-Kivu,Sud-Kivu,Ensemble
Sorties (24h) Guéris,6,3,0,9",Institut National de Santé Publique,CC BY 4.0,data/csv/046_table_06_tableau_6_mouvement_des_patients_dans_le.csv
insp,046,2026-06-29,2026-06-29,discharges_recovered,province,Democratic Republic of the Congo,Ituri,Ituri1,6,patients,24h,FALSE,TRUE,high,"Indicateur,Ituri1,Nord-Kivu,Sud-Kivu,Ensemble
Sorties (24h) Guéris,6,3,0,9",Institut National de Santé Publique,CC BY 4.0,data/csv/046_table_06_tableau_6_mouvement_des_patients_dans_le.csv
insp,046,2026-06-29,2026-06-29,discharges_recovered,province,Democratic Republic of the Congo,Nord-Kivu,Nord-Kivu,3,patients,24h,FALSE,TRUE,high,"Indicateur,Ituri1,Nord-Kivu,Sud-Kivu,Ensemble
Sorties (24h) Guéris,6,3,0,9",Institut National de Santé Publique,CC BY 4.0,data/csv/046_table_06_tableau_6_mouvement_des_patients_dans_le.csv
insp,046,2026-06-29,2026-06-29,discharges_recovered,province,Democratic Republic of the Congo,Sud-Kivu,Sud-Kivu,0,patients,24h,FALSE,TRUE,high,"Indicateur,Ituri1,Nord-Kivu,Sud-Kivu,Ensemble
Sorties (24h) Guéris,6,3,0,9",Institut National de Santé Publique,CC BY 4.0,data/csv/046_table_06_tableau_6_mouvement_des_patients_dans_le.csv
insp,046,2026-06-29,2026-06-29,escapes,national,Democratic Republic of the Congo,"",Ensemble,5,patients,24h,FALSE,TRUE,high,"Indicateur,Ituri1,Nord-Kivu,Sud-Kivu,Ensemble
""Sorties (24h) Évadés (Suspects/Conf,)"",3,2,0,5",Institut National de Santé Publique,CC BY 4.0,data/csv/046_table_06_tableau_6_mouvement_des_patients_dans_le.csv
insp,046,2026-06-29,2026-06-29,escapes,province,Democratic Republic of the Congo,Ituri,Ituri1,3,patients,24h,FALSE,TRUE,high,"Indicateur,Ituri1,Nord-Kivu,Sud-Kivu,Ensemble
""Sorties (24h) Évadés (Suspects/Conf,)"",3,2,0,5",Institut National de Santé Publique,CC BY 4.0,data/csv/046_table_06_tableau_6_mouvement_des_patients_dans_le.csv
insp,046,2026-06-29,2026-06-29,escapes,province,Democratic Republic of the Congo,Nord-Kivu,Nord-Kivu,2,patients,24h,FALSE,TRUE,high,"Indicateur,Ituri1,Nord-Kivu,Sud-Kivu,Ensemble
""Sorties (24h) Évadés (Suspects/Conf,)"",3,2,0,5",Institut National de Santé Publique,CC BY 4.0,data/csv/046_table_06_tableau_6_mouvement_des_patients_dans_le.csv
insp,046,2026-06-29,2026-06-29,escapes,province,Democratic Republic of the Congo,Sud-Kivu,Sud-Kivu,0,patients,24h,FALSE,TRUE,high,"Indicateur,Ituri1,Nord-Kivu,Sud-Kivu,Ensemble
""Sorties (24h) Évadés (Suspects/Conf,)"",3,2,0,5",Institut National de Santé Publique,CC BY 4.0,data/csv/046_table_06_tableau_6_mouvement_des_patients_dans_le.csv
insp,046,2026-06-29,2026-06-29,patients_in_isolation,national,Democratic Republic of the Congo,"",Ensemble,609,patients,point,FALSE,TRUE,high,"Indicateur,Ituri1,Nord-Kivu,Sud-Kivu,Ensemble
Patients en isolement (Fin J),451,135,23,609",Institut National de Santé Publique,CC BY 4.0,data/csv/046_table_06_tableau_6_mouvement_des_patients_dans_le.csv
insp,046,2026-06-29,2026-06-29,patients_in_isolation,province,Democratic Republic of the Congo,Ituri,Ituri1,451,patients,point,FALSE,TRUE,high,"Indicateur,Ituri1,Nord-Kivu,Sud-Kivu,Ensemble
Patients en isolement (Fin J),451,135,23,609",Institut National de Santé Publique,CC BY 4.0,data/csv/046_table_06_tableau_6_mouvement_des_patients_dans_le.csv
insp,046,2026-06-29,2026-06-29,patients_in_isolation,province,Democratic Republic of the Congo,Nord-Kivu,Nord-Kivu,135,patients,point,FALSE,TRUE,high,"Indicateur,Ituri1,Nord-Kivu,Sud-Kivu,Ensemble
Patients en isolement (Fin J),451,135,23,609",Institut National de Santé Publique,CC BY 4.0,data/csv/046_table_06_tableau_6_mouvement_des_patients_dans_le.csv
insp,046,2026-06-29,2026-06-29,patients_in_isolation,province,Democratic Republic of the Congo,Sud-Kivu,Sud-Kivu,23,patients,point,FALSE,TRUE,high,"Indicateur,Ituri1,Nord-Kivu,Sud-Kivu,Ensemble
Patients en isolement (Fin J),451,135,23,609",Institut National de Santé Publique,CC BY 4.0,data/csv/046_table_06_tableau_6_mouvement_des_patients_dans_le.csv
insp,049,2026-07-02,2026-07-01,beds_occupied,national,Democratic Republic of the Congo,"",Ensemble,644,beds,point,FALSE,TRUE,high,"Indicateur,Ituri,Nord-Kivu,Sud-Kivu,Ensemble
Patients au lit (J-1),487,135,22,644",Institut National de Santé Publique,CC BY 4.0,data/csv/049_table_06_tableau_6_mouvement_des_patients_dans_le.csv
insp,049,2026-07-02,2026-07-01,beds_occupied,province,Democratic Republic of the Congo,Ituri,Ituri,487,beds,point,FALSE,TRUE,high,"Indicateur,Ituri,Nord-Kivu,Sud-Kivu,Ensemble
Patients au lit (J-1),487,135,22,644",Institut National de Santé Publique,CC BY 4.0,data/csv/049_table_06_tableau_6_mouvement_des_patients_dans_le.csv
insp,049,2026-07-02,2026-07-01,beds_occupied,province,Democratic Republic of the Congo,Nord-Kivu,Nord-Kivu,135,beds,point,FALSE,TRUE,high,"Indicateur,Ituri,Nord-Kivu,Sud-Kivu,Ensemble
Patients au lit (J-1),487,135,22,644",Institut National de Santé Publique,CC BY 4.0,data/csv/049_table_06_tableau_6_mouvement_des_patients_dans_le.csv
insp,049,2026-07-02,2026-07-01,beds_occupied,province,Democratic Republic of the Congo,Sud-Kivu,Sud-Kivu,22,beds,point,FALSE,TRUE,high,"Indicateur,Ituri,Nord-Kivu,Sud-Kivu,Ensemble
Patients au lit (J-1),487,135,22,644",Institut National de Santé Publique,CC BY 4.0,data/csv/049_table_06_tableau_6_mouvement_des_patients_dans_le.csv
insp,049,2026-07-02,2026-07-02,admissions,national,Democratic Republic of the Congo,"",Ensemble,72,patients,24h,FALSE,TRUE,high,"Indicateur,Ituri,Nord-Kivu,Sud-Kivu,Ensemble
Total admissions (24h),51,21,0,72",Institut National de Santé Publique,CC BY 4.0,data/csv/049_table_06_tableau_6_mouvement_des_patients_dans_le.csv
insp,049,2026-07-02,2026-07-02,admissions,province,Democratic Republic of the Congo,Ituri,Ituri,51,patients,24h,FALSE,TRUE,high,"Indicateur,Ituri,Nord-Kivu,Sud-Kivu,Ensemble
Total admissions (24h),51,21,0,72",Institut National de Santé Publique,CC BY 4.0,data/csv/049_table_06_tableau_6_mouvement_des_patients_dans_le.csv
insp,049,2026-07-02,2026-07-02,admissions,province,Democratic Republic of the Congo,Nord-Kivu,Nord-Kivu,21,patients,24h,FALSE,TRUE,high,"Indicateur,Ituri,Nord-Kivu,Sud-Kivu,Ensemble
Total admissions (24h),51,21,0,72",Institut National de Santé Publique,CC BY 4.0,data/csv/049_table_06_tableau_6_mouvement_des_patients_dans_le.csv
insp,049,2026-07-02,2026-07-02,admissions,province,Democratic Republic of the Congo,Sud-Kivu,Sud-Kivu,0,patients,24h,FALSE,TRUE,high,"Indicateur,Ituri,Nord-Kivu,Sud-Kivu,Ensemble
Total admissions (24h),51,21,0,72",Institut National de Santé Publique,CC BY 4.0,data/csv/049_table_06_tableau_6_mouvement_des_patients_dans_le.csv
insp,049,2026-07-02,2026-07-02,bed_occupancy_pct,national,Democratic Republic of the Congo,"",Ensemble,89.4,percent,point,FALSE,TRUE,low,"Indicateur,Ituri,Nord-Kivu,Sud-Kivu,Ensemble
Taux d'occupation global,90%,136%,""42,2%"",""89,4%""",Institut National de Santé Publique,CC BY 4.0,data/csv/049_table_06_tableau_6_mouvement_des_patients_dans_le.csv
insp,049,2026-07-02,2026-07-02,bed_occupancy_pct,province,Democratic Republic of the Congo,Ituri,Ituri,90,percent,point,FALSE,TRUE,high,"Indicateur,Ituri,Nord-Kivu,Sud-Kivu,Ensemble
Taux d'occupation global,90%,136%,""42,2%"",""89,4%""",Institut National de Santé Publique,CC BY 4.0,data/csv/049_table_06_tableau_6_mouvement_des_patients_dans_le.csv
insp,049,2026-07-02,2026-07-02,bed_occupancy_pct,province,Democratic Republic of the Congo,Nord-Kivu,Nord-Kivu,136,percent,point,FALSE,TRUE,high,"Indicateur,Ituri,Nord-Kivu,Sud-Kivu,Ensemble
Taux d'occupation global,90%,136%,""42,2%"",""89,4%""",Institut National de Santé Publique,CC BY 4.0,data/csv/049_table_06_tableau_6_mouvement_des_patients_dans_le.csv
insp,049,2026-07-02,2026-07-02,bed_occupancy_pct,province,Democratic Republic of the Congo,Sud-Kivu,Sud-Kivu,42.2,percent,point,FALSE,TRUE,low,"Indicateur,Ituri,Nord-Kivu,Sud-Kivu,Ensemble
Taux d'occupation global,90%,136%,""42,2%"",""89,4%""",Institut National de Santé Publique,CC BY 4.0,data/csv/049_table_06_tableau_6_mouvement_des_patients_dans_le.csv
insp,049,2026-07-02,2026-07-02,deaths_in_facility,national,Democratic Republic of the Congo,"",Ensemble,16,patients,24h,FALSE,TRUE,high,"Indicateur,Ituri,Nord-Kivu,Sud-Kivu,Ensemble
Sorties (24h) Décédés (Suspects/Conf),15,1,0,16",Institut National de Santé Publique,CC BY 4.0,data/csv/049_table_06_tableau_6_mouvement_des_patients_dans_le.csv
insp,049,2026-07-02,2026-07-02,deaths_in_facility,province,Democratic Republic of the Congo,Ituri,Ituri,15,patients,24h,FALSE,TRUE,high,"Indicateur,Ituri,Nord-Kivu,Sud-Kivu,Ensemble
Sorties (24h) Décédés (Suspects/Conf),15,1,0,16",Institut National de Santé Publique,CC BY 4.0,data/csv/049_table_06_tableau_6_mouvement_des_patients_dans_le.csv
insp,049,2026-07-02,2026-07-02,deaths_in_facility,province,Democratic Republic of the Congo,Nord-Kivu,Nord-Kivu,1,patients,24h,FALSE,TRUE,high,"Indicateur,Ituri,Nord-Kivu,Sud-Kivu,Ensemble
Sorties (24h) Décédés (Suspects/Conf),15,1,0,16",Institut National de Santé Publique,CC BY 4.0,data/csv/049_table_06_tableau_6_mouvement_des_patients_dans_le.csv
insp,049,2026-07-02,2026-07-02,deaths_in_facility,province,Democratic Republic of the Congo,Sud-Kivu,Sud-Kivu,0,patients,24h,FALSE,TRUE,high,"Indicateur,Ituri,Nord-Kivu,Sud-Kivu,Ensemble
Sorties (24h) Décédés (Suspects/Conf),15,1,0,16",Institut National de Santé Publique,CC BY 4.0,data/csv/049_table_06_tableau_6_mouvement_des_patients_dans_le.csv
insp,049,2026-07-02,2026-07-02,discharges_recovered,national,Democratic Republic of the Congo,"",Ensemble,16,patients,24h,FALSE,TRUE,high,"Indicateur,Ituri,Nord-Kivu,Sud-Kivu,Ensemble
Sorties (24h) Guéris,15,1,0,16",Institut National de Santé Publique,CC BY 4.0,data/csv/049_table_06_tableau_6_mouvement_des_patients_dans_le.csv
insp,049,2026-07-02,2026-07-02,discharges_recovered,province,Democratic Republic of the Congo,Ituri,Ituri,15,patients,24h,FALSE,TRUE,high,"Indicateur,Ituri,Nord-Kivu,Sud-Kivu,Ensemble
Sorties (24h) Guéris,15,1,0,16",Institut National de Santé Publique,CC BY 4.0,data/csv/049_table_06_tableau_6_mouvement_des_patients_dans_le.csv
insp,049,2026-07-02,2026-07-02,discharges_recovered,province,Democratic Republic of the Congo,Nord-Kivu,Nord-Kivu,1,patients,24h,FALSE,TRUE,high,"Indicateur,Ituri,Nord-Kivu,Sud-Kivu,Ensemble
Sorties (24h) Guéris,15,1,0,16",Institut National de Santé Publique,CC BY 4.0,data/csv/049_table_06_tableau_6_mouvement_des_patients_dans_le.csv
insp,049,2026-07-02,2026-07-02,discharges_recovered,province,Democratic Republic of the Congo,Sud-Kivu,Sud-Kivu,0,patients,24h,FALSE,TRUE,high,"Indicateur,Ituri,Nord-Kivu,Sud-Kivu,Ensemble
Sorties (24h) Guéris,15,1,0,16",Institut National de Santé Publique,CC BY 4.0,data/csv/049_table_06_tableau_6_mouvement_des_patients_dans_le.csv
insp,049,2026-07-02,2026-07-02,escapes,national,Democratic Republic of the Congo,"",Ensemble,1,patients,24h,FALSE,TRUE,high,"Indicateur,Ituri,Nord-Kivu,Sud-Kivu,Ensemble
Sorties (24h) Évadés (Suspects/Conf.),1,0,0,1",Institut National de Santé Publique,CC BY 4.0,data/csv/049_table_06_tableau_6_mouvement_des_patients_dans_le.csv
insp,049,2026-07-02,2026-07-02,escapes,province,Democratic Republic of the Congo,Ituri,Ituri,1,patients,24h,FALSE,TRUE,high,"Indicateur,Ituri,Nord-Kivu,Sud-Kivu,Ensemble
Sorties (24h) Évadés (Suspects/Conf.),1,0,0,1",Institut National de Santé Publique,CC BY 4.0,data/csv/049_table_06_tableau_6_mouvement_des_patients_dans_le.csv
insp,049,2026-07-02,2026-07-02,escapes,province,Democratic Republic of the Congo,Nord-Kivu,Nord-Kivu,0,patients,24h,FALSE,TRUE,high,"Indicateur,Ituri,Nord-Kivu,Sud-Kivu,Ensemble
Sorties (24h) Évadés (Suspects/Conf.),1,0,0,1",Institut National de Santé Publique,CC BY 4.0,data/csv/049_table_06_tableau_6_mouvement_des_patients_dans_le.csv
insp,049,2026-07-02,2026-07-02,escapes,province,Democratic Republic of the Congo,Sud-Kivu,Sud-Kivu,0,patients,24h,FALSE,TRUE,high,"Indicateur,Ituri,Nord-Kivu,Sud-Kivu,Ensemble
Sorties (24h) Évadés (Suspects/Conf.),1,0,0,1",Institut National de Santé Publique,CC BY 4.0,data/csv/049_table_06_tableau_6_mouvement_des_patients_dans_le.csv
insp,049,2026-07-02,2026-07-02,patients_in_isolation,national,Democratic Republic of the Congo,"",Ensemble,628,patients,point,FALSE,TRUE,high,"Indicateur,Ituri,Nord-Kivu,Sud-Kivu,Ensemble
Patients en isolement (Fin J),462,147,19,628",Institut National de Santé Publique,CC BY 4.0,data/csv/049_table_06_tableau_6_mouvement_des_patients_dans_le.csv
insp,049,2026-07-02,2026-07-02,patients_in_isolation,province,Democratic Republic of the Congo,Ituri,Ituri,462,patients,point,FALSE,TRUE,high,"Indicateur,Ituri,Nord-Kivu,Sud-Kivu,Ensemble
Patients en isolement (Fin J),462,147,19,628",Institut National de Santé Publique,CC BY 4.0,data/csv/049_table_06_tableau_6_mouvement_des_patients_dans_le.csv
insp,049,2026-07-02,2026-07-02,patients_in_isolation,province,Democratic Republic of the Congo,Nord-Kivu,Nord-Kivu,147,patients,point,FALSE,TRUE,high,"Indicateur,Ituri,Nord-Kivu,Sud-Kivu,Ensemble
Patients en isolement (Fin J),462,147,19,628",Institut National de Santé Publique,CC BY 4.0,data/csv/049_table_06_tableau_6_mouvement_des_patients_dans_le.csv
insp,049,2026-07-02,2026-07-02,patients_in_isolation,province,Democratic Republic of the Congo,Sud-Kivu,Sud-Kivu,19,patients,point,FALSE,TRUE,high,"Indicateur,Ituri,Nord-Kivu,Sud-Kivu,Ensemble
Patients en isolement (Fin J),462,147,19,628",Institut National de Santé Publique,CC BY 4.0,data/csv/049_table_06_tableau_6_mouvement_des_patients_dans_le.csv
insp,052,2026-07-05,2026-07-04,beds_occupied,national,Democratic Republic of the Congo,"",Ensemble,630,beds,point,FALSE,TRUE,high,"Indicateur,Ituri,Nord-Kivu,Sud-Kivu,Ensemble
Patients au lit (J-1),462,147,21,630",Institut National de Santé Publique,CC BY 4.0,data/csv/052_table_07_tableau_7_mouvement_des_patients_dans_le.csv
insp,052,2026-07-05,2026-07-04,beds_occupied,province,Democratic Republic of the Congo,Ituri,Ituri,462,beds,point,FALSE,TRUE,high,"Indicateur,Ituri,Nord-Kivu,Sud-Kivu,Ensemble
Patients au lit (J-1),462,147,21,630",Institut National de Santé Publique,CC BY 4.0,data/csv/052_table_07_tableau_7_mouvement_des_patients_dans_le.csv
insp,052,2026-07-05,2026-07-04,beds_occupied,province,Democratic Republic of the Congo,Nord-Kivu,Nord-Kivu,147,beds,point,FALSE,TRUE,high,"Indicateur,Ituri,Nord-Kivu,Sud-Kivu,Ensemble
Patients au lit (J-1),462,147,21,630",Institut National de Santé Publique,CC BY 4.0,data/csv/052_table_07_tableau_7_mouvement_des_patients_dans_le.csv
insp,052,2026-07-05,2026-07-04,beds_occupied,province,Democratic Republic of the Congo,Sud-Kivu,Sud-Kivu,21,beds,point,FALSE,TRUE,high,"Indicateur,Ituri,Nord-Kivu,Sud-Kivu,Ensemble
Patients au lit (J-1),462,147,21,630",Institut National de Santé Publique,CC BY 4.0,data/csv/052_table_07_tableau_7_mouvement_des_patients_dans_le.csv
insp,052,2026-07-05,2026-07-05,admissions,national,Democratic Republic of the Congo,"",Ensemble,104,patients,24h,FALSE,TRUE,high,"Indicateur,Ituri,Nord-Kivu,Sud-Kivu,Ensemble
Total admissions (24h),79,19,6,104",Institut National de Santé Publique,CC BY 4.0,data/csv/052_table_07_tableau_7_mouvement_des_patients_dans_le.csv
insp,052,2026-07-05,2026-07-05,admissions,province,Democratic Republic of the Congo,Ituri,Ituri,79,patients,24h,FALSE,TRUE,high,"Indicateur,Ituri,Nord-Kivu,Sud-Kivu,Ensemble
Total admissions (24h),79,19,6,104",Institut National de Santé Publique,CC BY 4.0,data/csv/052_table_07_tableau_7_mouvement_des_patients_dans_le.csv
insp,052,2026-07-05,2026-07-05,admissions,province,Democratic Republic of the Congo,Nord-Kivu,Nord-Kivu,19,patients,24h,FALSE,TRUE,high,"Indicateur,Ituri,Nord-Kivu,Sud-Kivu,Ensemble
Total admissions (24h),79,19,6,104",Institut National de Santé Publique,CC BY 4.0,data/csv/052_table_07_tableau_7_mouvement_des_patients_dans_le.csv
insp,052,2026-07-05,2026-07-05,admissions,province,Democratic Republic of the Congo,Sud-Kivu,Sud-Kivu,6,patients,24h,FALSE,TRUE,high,"Indicateur,Ituri,Nord-Kivu,Sud-Kivu,Ensemble
Total admissions (24h),79,19,6,104",Institut National de Santé Publique,CC BY 4.0,data/csv/052_table_07_tableau_7_mouvement_des_patients_dans_le.csv
who_afro,afro-08,2026-07-05,2026-07-05,bed_occupancy_pct,national,Democratic Republic of the Congo,"","",94.2,percent,point,FALSE,TRUE,high,Official isolation occupancy remained critically high at approximately 94.2% nationally,World Health Organization Regional Office for Africa,CC BY-NC-SA 3.0 IGO,https://iris.who.int/handle/10665/386672
insp,052,2026-07-05,2026-07-05,bed_occupancy_pct,national,Democratic Republic of the Congo,"",Ensemble,94.2,percent,point,FALSE,TRUE,low,"Indicateur,Ituri,Nord-Kivu,Sud-Kivu,Ensemble
Taux d'occupation global,""89,3%"",""137,0%"",""47,7%"",""94,2%""",Institut National de Santé Publique,CC BY 4.0,data/csv/052_table_07_tableau_7_mouvement_des_patients_dans_le.csv
insp,052,2026-07-05,2026-07-05,bed_occupancy_pct,province,Democratic Republic of the Congo,Ituri,Ituri,89.3,percent,point,FALSE,TRUE,low,"Indicateur,Ituri,Nord-Kivu,Sud-Kivu,Ensemble
Taux d'occupation global,""89,3%"",""137,0%"",""47,7%"",""94,2%""",Institut National de Santé Publique,CC BY 4.0,data/csv/052_table_07_tableau_7_mouvement_des_patients_dans_le.csv
insp,052,2026-07-05,2026-07-05,bed_occupancy_pct,province,Democratic Republic of the Congo,Nord-Kivu,Nord-Kivu,137,percent,point,FALSE,TRUE,low,"Indicateur,Ituri,Nord-Kivu,Sud-Kivu,Ensemble
Taux d'occupation global,""89,3%"",""137,0%"",""47,7%"",""94,2%""",Institut National de Santé Publique,CC BY 4.0,data/csv/052_table_07_tableau_7_mouvement_des_patients_dans_le.csv
insp,052,2026-07-05,2026-07-05,bed_occupancy_pct,province,Democratic Republic of the Congo,Sud-Kivu,Sud-Kivu,47.7,percent,point,FALSE,TRUE,low,"Indicateur,Ituri,Nord-Kivu,Sud-Kivu,Ensemble
Taux d'occupation global,""89,3%"",""137,0%"",""47,7%"",""94,2%""",Institut National de Santé Publique,CC BY 4.0,data/csv/052_table_07_tableau_7_mouvement_des_patients_dans_le.csv
who_afro,afro-08,2026-07-05,2026-07-05,beds_capacity,national,Democratic Republic of the Congo,"","",700,beds,point,FALSE,TRUE,high,approximately 700 treatment and isolation beds available nationally,World Health Organization Regional Office for Africa,CC BY-NC-SA 3.0 IGO,https://iris.who.int/handle/10665/386672
insp,053,2026-07-06,2026-07-05,beds_occupied,national,Democratic Republic of the Congo,"",Ensemble,688,beds,point,FALSE,TRUE,high,"Indicateur,Ituri,Nord-Kivu,Sud-Kivu,Ensemble
Patients au lit (J-1),485,182,21,688",Institut National de Santé Publique,CC BY 4.0,data/csv/053_table_07_tableau_7_mouvement_des_patients_dans_le.csv
insp,053,2026-07-06,2026-07-05,beds_occupied,province,Democratic Republic of the Congo,Ituri,Ituri,485,beds,point,FALSE,TRUE,high,"Indicateur,Ituri,Nord-Kivu,Sud-Kivu,Ensemble
Patients au lit (J-1),485,182,21,688",Institut National de Santé Publique,CC BY 4.0,data/csv/053_table_07_tableau_7_mouvement_des_patients_dans_le.csv
insp,053,2026-07-06,2026-07-05,beds_occupied,province,Democratic Republic of the Congo,Nord-Kivu,Nord-Kivu,182,beds,point,FALSE,TRUE,high,"Indicateur,Ituri,Nord-Kivu,Sud-Kivu,Ensemble
Patients au lit (J-1),485,182,21,688",Institut National de Santé Publique,CC BY 4.0,data/csv/053_table_07_tableau_7_mouvement_des_patients_dans_le.csv
insp,053,2026-07-06,2026-07-05,beds_occupied,province,Democratic Republic of the Congo,Sud-Kivu,Sud-Kivu,21,beds,point,FALSE,TRUE,high,"Indicateur,Ituri,Nord-Kivu,Sud-Kivu,Ensemble
Patients au lit (J-1),485,182,21,688",Institut National de Santé Publique,CC BY 4.0,data/csv/053_table_07_tableau_7_mouvement_des_patients_dans_le.csv
who_afro,afro-08,2026-07-05,2026-07-05,deaths_in_facility,national,Democratic Republic of the Congo,"","",33,patients,cumulative,FALSE,TRUE,high,Only 33 deaths (7.7%) occurred after patients had been admitted to treatment centres or healthcare facilities.,World Health Organization Regional Office for Africa,CC BY-NC-SA 3.0 IGO,https://iris.who.int/handle/10665/386672
who_afro,afro-09,2026-07-12,2026-07-05,deaths_in_facility,national,Democratic Republic of the Congo,"","",33,patients,cumulative,FALSE,TRUE,high,Only 33 deaths (7.7%) occurred after patients had been admitted to treatment centres or healthcare facilities.,World Health Organization Regional Office for Africa,CC BY-NC-SA 3.0 IGO,https://iris.who.int/handle/10665/386714
insp,052,2026-07-05,2026-07-05,deaths_in_facility,national,Democratic Republic of the Congo,"",Ensemble,10,patients,24h,FALSE,TRUE,high,"Indicateur,Ituri,Nord-Kivu,Sud-Kivu,Ensemble
Sorties (24h) Décédés (Suspects/Conf.),10,0,0,10",Institut National de Santé Publique,CC BY 4.0,data/csv/052_table_07_tableau_7_mouvement_des_patients_dans_le.csv
insp,052,2026-07-05,2026-07-05,deaths_in_facility,province,Democratic Republic of the Congo,Ituri,Ituri,10,patients,24h,FALSE,TRUE,high,"Indicateur,Ituri,Nord-Kivu,Sud-Kivu,Ensemble
Sorties (24h) Décédés (Suspects/Conf.),10,0,0,10",Institut National de Santé Publique,CC BY 4.0,data/csv/052_table_07_tableau_7_mouvement_des_patients_dans_le.csv
insp,052,2026-07-05,2026-07-05,deaths_in_facility,province,Democratic Republic of the Congo,Nord-Kivu,Nord-Kivu,0,patients,24h,FALSE,TRUE,high,"Indicateur,Ituri,Nord-Kivu,Sud-Kivu,Ensemble
Sorties (24h) Décédés (Suspects/Conf.),10,0,0,10",Institut National de Santé Publique,CC BY 4.0,data/csv/052_table_07_tableau_7_mouvement_des_patients_dans_le.csv
insp,052,2026-07-05,2026-07-05,deaths_in_facility,province,Democratic Republic of the Congo,Sud-Kivu,Sud-Kivu,0,patients,24h,FALSE,TRUE,high,"Indicateur,Ituri,Nord-Kivu,Sud-Kivu,Ensemble
Sorties (24h) Décédés (Suspects/Conf.),10,0,0,10",Institut National de Santé Publique,CC BY 4.0,data/csv/052_table_07_tableau_7_mouvement_des_patients_dans_le.csv
who_afro,afro-08,2026-07-05,2026-07-05,discharges_recovered,national,Uganda,"","",16,patients,cumulative,FALSE,TRUE,high,16 patients had recovered and been discharged from care.,World Health Organization Regional Office for Africa,CC BY-NC-SA 3.0 IGO,https://iris.who.int/handle/10665/386672
who_afro,afro-08,2026-07-05,2026-07-05,discharges_recovered,national,Democratic Republic of the Congo,"","",273,patients,cumulative,FALSE,TRUE,high,cumulative recoveries increasing from 180 on 28 June to 273 by 05 July 2026.,World Health Organization Regional Office for Africa,CC BY-NC-SA 3.0 IGO,https://iris.who.int/handle/10665/386672
who_afro,afro-09,2026-07-12,2026-07-05,discharges_recovered,national,Democratic Republic of the Congo,"","",273,patients,cumulative,FALSE,TRUE,high,"cumulative recoveries increasing from 273 on 05 July to 331
by 12 July 2026.",World Health Organization Regional Office for Africa,CC BY-NC-SA 3.0 IGO,https://iris.who.int/handle/10665/386714
insp,052,2026-07-05,2026-07-05,discharges_recovered,national,Democratic Republic of the Congo,"",Ensemble,20,patients,24h,FALSE,TRUE,high,"Indicateur,Ituri,Nord-Kivu,Sud-Kivu,Ensemble
Sorties (24h) Guéris,20,0,0,20",Institut National de Santé Publique,CC BY 4.0,data/csv/052_table_07_tableau_7_mouvement_des_patients_dans_le.csv
insp,052,2026-07-05,2026-07-05,discharges_recovered,province,Democratic Republic of the Congo,Ituri,Ituri,20,patients,24h,FALSE,TRUE,high,"Indicateur,Ituri,Nord-Kivu,Sud-Kivu,Ensemble
Sorties (24h) Guéris,20,0,0,20",Institut National de Santé Publique,CC BY 4.0,data/csv/052_table_07_tableau_7_mouvement_des_patients_dans_le.csv
insp,052,2026-07-05,2026-07-05,discharges_recovered,province,Democratic Republic of the Congo,Nord-Kivu,Nord-Kivu,0,patients,24h,FALSE,TRUE,high,"Indicateur,Ituri,Nord-Kivu,Sud-Kivu,Ensemble
Sorties (24h) Guéris,20,0,0,20",Institut National de Santé Publique,CC BY 4.0,data/csv/052_table_07_tableau_7_mouvement_des_patients_dans_le.csv
insp,052,2026-07-05,2026-07-05,discharges_recovered,province,Democratic Republic of the Congo,Sud-Kivu,Sud-Kivu,0,patients,24h,FALSE,TRUE,high,"Indicateur,Ituri,Nord-Kivu,Sud-Kivu,Ensemble
Sorties (24h) Guéris,20,0,0,20",Institut National de Santé Publique,CC BY 4.0,data/csv/052_table_07_tableau_7_mouvement_des_patients_dans_le.csv
insp,052,2026-07-05,2026-07-05,escapes,national,Democratic Republic of the Congo,"",Ensemble,4,patients,24h,FALSE,TRUE,high,"Indicateur,Ituri,Nord-Kivu,Sud-Kivu,Ensemble
Sorties (24h) Évadés (Suspects/Conf.),3,1,0,4",Institut National de Santé Publique,CC BY 4.0,data/csv/052_table_07_tableau_7_mouvement_des_patients_dans_le.csv
insp,052,2026-07-05,2026-07-05,escapes,province,Democratic Republic of the Congo,Ituri,Ituri,3,patients,24h,FALSE,TRUE,high,"Indicateur,Ituri,Nord-Kivu,Sud-Kivu,Ensemble
Sorties (24h) Évadés (Suspects/Conf.),3,1,0,4",Institut National de Santé Publique,CC BY 4.0,data/csv/052_table_07_tableau_7_mouvement_des_patients_dans_le.csv
insp,052,2026-07-05,2026-07-05,escapes,province,Democratic Republic of the Congo,Nord-Kivu,Nord-Kivu,1,patients,24h,FALSE,TRUE,high,"Indicateur,Ituri,Nord-Kivu,Sud-Kivu,Ensemble
Sorties (24h) Évadés (Suspects/Conf.),3,1,0,4",Institut National de Santé Publique,CC BY 4.0,data/csv/052_table_07_tableau_7_mouvement_des_patients_dans_le.csv
insp,052,2026-07-05,2026-07-05,escapes,province,Democratic Republic of the Congo,Sud-Kivu,Sud-Kivu,0,patients,24h,FALSE,TRUE,high,"Indicateur,Ituri,Nord-Kivu,Sud-Kivu,Ensemble
Sorties (24h) Évadés (Suspects/Conf.),3,1,0,4",Institut National de Santé Publique,CC BY 4.0,data/csv/052_table_07_tableau_7_mouvement_des_patients_dans_le.csv
who_afro,afro-08,2026-07-05,2026-07-05,facilities_operational,national,Democratic Republic of the Congo,"","",22,facilities,point,FALSE,TRUE,low,across more than 22 Ebola treatment centres (ETCs) and care facilities.,World Health Organization Regional Office for Africa,CC BY-NC-SA 3.0 IGO,https://iris.who.int/handle/10665/386672
who_afro,afro-08,2026-07-05,2026-07-05,laboratories_testing,province,Democratic Republic of the Congo,Ituri and North Kivu provinces,Ituri and North Kivu provinces,12,laboratories,point,FALSE,TRUE,low,"As of 05 July 2026, 12 diagnostic laboratories and testing units were operational across Ituri and North Kivu provinces",World Health Organization Regional Office for Africa,CC BY-NC-SA 3.0 IGO,https://iris.who.int/handle/10665/386672
who_afro,afro-08,2026-07-05,2026-07-05,patients_in_isolation,national,Uganda,"","",2,patients,point,FALSE,TRUE,high,Two patients remained hospitalised.,World Health Organization Regional Office for Africa,CC BY-NC-SA 3.0 IGO,https://iris.who.int/handle/10665/386672
who_afro,afro-08,2026-07-05,2026-07-05,patients_in_isolation,national,Democratic Republic of the Congo,"","",646,patients,point,FALSE,TRUE,high,"As of 05 July 2026, 646 patients were in isolation nationally, including 477 in Ituri, 148 in North Kivu, and 21 in South Kivu, with treatment facilities operating at or near full capacity.",World Health Organization Regional Office for Africa,CC BY-NC-SA 3.0 IGO,https://iris.who.int/handle/10665/386672
insp,052,2026-07-05,2026-07-05,patients_in_isolation,national,Democratic Republic of the Congo,"",Ensemble,646,patients,point,FALSE,TRUE,high,"Indicateur,Ituri,Nord-Kivu,Sud-Kivu,Ensemble
Patients en isolement (Fin J),477,148,21,646",Institut National de Santé Publique,CC BY 4.0,data/csv/052_table_07_tableau_7_mouvement_des_patients_dans_le.csv
who_afro,afro-08,2026-07-05,2026-07-05,patients_in_isolation,province,Democratic Republic of the Congo,Ituri,Ituri,477,patients,point,FALSE,TRUE,high,"As of 05 July 2026, 646 patients were in isolation nationally, including 477 in Ituri, 148 in North Kivu, and 21 in South Kivu, with treatment facilities operating at or near full capacity.",World Health Organization Regional Office for Africa,CC BY-NC-SA 3.0 IGO,https://iris.who.int/handle/10665/386672
insp,052,2026-07-05,2026-07-05,patients_in_isolation,province,Democratic Republic of the Congo,Ituri,Ituri,477,patients,point,FALSE,TRUE,high,"Indicateur,Ituri,Nord-Kivu,Sud-Kivu,Ensemble
Patients en isolement (Fin J),477,148,21,646",Institut National de Santé Publique,CC BY 4.0,data/csv/052_table_07_tableau_7_mouvement_des_patients_dans_le.csv
who_afro,afro-08,2026-07-05,2026-07-05,patients_in_isolation,province,Democratic Republic of the Congo,Nord-Kivu,North Kivu,148,patients,point,FALSE,TRUE,high,"As of 05 July 2026, 646 patients were in isolation nationally, including 477 in Ituri, 148 in North Kivu, and 21 in South Kivu, with treatment facilities operating at or near full capacity.",World Health Organization Regional Office for Africa,CC BY-NC-SA 3.0 IGO,https://iris.who.int/handle/10665/386672
insp,052,2026-07-05,2026-07-05,patients_in_isolation,province,Democratic Republic of the Congo,Nord-Kivu,Nord-Kivu,148,patients,point,FALSE,TRUE,high,"Indicateur,Ituri,Nord-Kivu,Sud-Kivu,Ensemble
Patients en isolement (Fin J),477,148,21,646",Institut National de Santé Publique,CC BY 4.0,data/csv/052_table_07_tableau_7_mouvement_des_patients_dans_le.csv
who_afro,afro-08,2026-07-05,2026-07-05,patients_in_isolation,province,Democratic Republic of the Congo,Sud-Kivu,South Kivu,21,patients,point,FALSE,TRUE,high,"As of 05 July 2026, 646 patients were in isolation nationally, including 477 in Ituri, 148 in North Kivu, and 21 in South Kivu, with treatment facilities operating at or near full capacity.",World Health Organization Regional Office for Africa,CC BY-NC-SA 3.0 IGO,https://iris.who.int/handle/10665/386672
insp,052,2026-07-05,2026-07-05,patients_in_isolation,province,Democratic Republic of the Congo,Sud-Kivu,Sud-Kivu,21,patients,point,FALSE,TRUE,high,"Indicateur,Ituri,Nord-Kivu,Sud-Kivu,Ensemble
Patients en isolement (Fin J),477,148,21,646",Institut National de Santé Publique,CC BY 4.0,data/csv/052_table_07_tableau_7_mouvement_des_patients_dans_le.csv
insp,053,2026-07-06,2026-07-06,admissions,national,Democratic Republic of the Congo,"",Ensemble,102,patients,24h,FALSE,TRUE,high,"Indicateur,Ituri,Nord-Kivu,Sud-Kivu,Ensemble
Total admissions (24h),69,30,3,102",Institut National de Santé Publique,CC BY 4.0,data/csv/053_table_07_tableau_7_mouvement_des_patients_dans_le.csv
insp,053,2026-07-06,2026-07-06,admissions,province,Democratic Republic of the Congo,Ituri,Ituri,69,patients,24h,FALSE,TRUE,high,"Indicateur,Ituri,Nord-Kivu,Sud-Kivu,Ensemble
Total admissions (24h),69,30,3,102",Institut National de Santé Publique,CC BY 4.0,data/csv/053_table_07_tableau_7_mouvement_des_patients_dans_le.csv
insp,053,2026-07-06,2026-07-06,admissions,province,Democratic Republic of the Congo,Nord-Kivu,Nord-Kivu,30,patients,24h,FALSE,TRUE,high,"Indicateur,Ituri,Nord-Kivu,Sud-Kivu,Ensemble
Total admissions (24h),69,30,3,102",Institut National de Santé Publique,CC BY 4.0,data/csv/053_table_07_tableau_7_mouvement_des_patients_dans_le.csv
insp,053,2026-07-06,2026-07-06,admissions,province,Democratic Republic of the Congo,Sud-Kivu,Sud-Kivu,3,patients,24h,FALSE,TRUE,high,"Indicateur,Ituri,Nord-Kivu,Sud-Kivu,Ensemble
Total admissions (24h),69,30,3,102",Institut National de Santé Publique,CC BY 4.0,data/csv/053_table_07_tableau_7_mouvement_des_patients_dans_le.csv
insp,053,2026-07-06,2026-07-06,bed_occupancy_pct,national,Democratic Republic of the Congo,"",Ensemble,84.1,percent,point,FALSE,TRUE,low,"Indicateur,Ituri,Nord-Kivu,Sud-Kivu,Ensemble
Taux d'occupation global,""84,0%"",""115,0%"",""53,3%"",""84,1%""",Institut National de Santé Publique,CC BY 4.0,data/csv/053_table_07_tableau_7_mouvement_des_patients_dans_le.csv
insp,053,2026-07-06,2026-07-06,bed_occupancy_pct,province,Democratic Republic of the Congo,Ituri,Ituri,84,percent,point,FALSE,TRUE,low,"Indicateur,Ituri,Nord-Kivu,Sud-Kivu,Ensemble
Taux d'occupation global,""84,0%"",""115,0%"",""53,3%"",""84,1%""",Institut National de Santé Publique,CC BY 4.0,data/csv/053_table_07_tableau_7_mouvement_des_patients_dans_le.csv
insp,053,2026-07-06,2026-07-06,bed_occupancy_pct,province,Democratic Republic of the Congo,Nord-Kivu,Nord-Kivu,115,percent,point,FALSE,TRUE,low,"Indicateur,Ituri,Nord-Kivu,Sud-Kivu,Ensemble
Taux d'occupation global,""84,0%"",""115,0%"",""53,3%"",""84,1%""",Institut National de Santé Publique,CC BY 4.0,data/csv/053_table_07_tableau_7_mouvement_des_patients_dans_le.csv
insp,053,2026-07-06,2026-07-06,bed_occupancy_pct,province,Democratic Republic of the Congo,Sud-Kivu,Sud-Kivu,53.3,percent,point,FALSE,TRUE,low,"Indicateur,Ituri,Nord-Kivu,Sud-Kivu,Ensemble
Taux d'occupation global,""84,0%"",""115,0%"",""53,3%"",""84,1%""",Institut National de Santé Publique,CC BY 4.0,data/csv/053_table_07_tableau_7_mouvement_des_patients_dans_le.csv
insp,054,2026-07-07,2026-07-06,beds_occupied,national,Democratic Republic of the Congo,"",Ensemble,694,beds,point,FALSE,TRUE,high,"Indicateur,Ituri,Nord-Kivu,Sud-Kivu,Ensemble
Patients au lit (J-1),505,165,24,694",Institut National de Santé Publique,CC BY 4.0,data/csv/054_table_07_tableau_7_mouvement_des_patients_dans_le.csv
insp,054,2026-07-07,2026-07-06,beds_occupied,province,Democratic Republic of the Congo,Ituri,Ituri,505,beds,point,FALSE,TRUE,high,"Indicateur,Ituri,Nord-Kivu,Sud-Kivu,Ensemble
Patients au lit (J-1),505,165,24,694",Institut National de Santé Publique,CC BY 4.0,data/csv/054_table_07_tableau_7_mouvement_des_patients_dans_le.csv
insp,054,2026-07-07,2026-07-06,beds_occupied,province,Democratic Republic of the Congo,Nord-Kivu,Nord-Kivu,165,beds,point,FALSE,TRUE,high,"Indicateur,Ituri,Nord-Kivu,Sud-Kivu,Ensemble
Patients au lit (J-1),505,165,24,694",Institut National de Santé Publique,CC BY 4.0,data/csv/054_table_07_tableau_7_mouvement_des_patients_dans_le.csv
insp,054,2026-07-07,2026-07-06,beds_occupied,province,Democratic Republic of the Congo,Sud-Kivu,Sud-Kivu,24,beds,point,FALSE,TRUE,high,"Indicateur,Ituri,Nord-Kivu,Sud-Kivu,Ensemble
Patients au lit (J-1),505,165,24,694",Institut National de Santé Publique,CC BY 4.0,data/csv/054_table_07_tableau_7_mouvement_des_patients_dans_le.csv
insp,053,2026-07-06,2026-07-06,deaths_in_facility,national,Democratic Republic of the Congo,"",Ensemble,17,patients,24h,FALSE,TRUE,high,"Indicateur,Ituri,Nord-Kivu,Sud-Kivu,Ensemble
Sorties (24h) Décédés (Suspects/Conf.),13,4,0,17",Institut National de Santé Publique,CC BY 4.0,data/csv/053_table_07_tableau_7_mouvement_des_patients_dans_le.csv
insp,053,2026-07-06,2026-07-06,deaths_in_facility,province,Democratic Republic of the Congo,Ituri,Ituri,13,patients,24h,FALSE,TRUE,high,"Indicateur,Ituri,Nord-Kivu,Sud-Kivu,Ensemble
Sorties (24h) Décédés (Suspects/Conf.),13,4,0,17",Institut National de Santé Publique,CC BY 4.0,data/csv/053_table_07_tableau_7_mouvement_des_patients_dans_le.csv
insp,053,2026-07-06,2026-07-06,deaths_in_facility,province,Democratic Republic of the Congo,Nord-Kivu,Nord-Kivu,4,patients,24h,FALSE,TRUE,high,"Indicateur,Ituri,Nord-Kivu,Sud-Kivu,Ensemble
Sorties (24h) Décédés (Suspects/Conf.),13,4,0,17",Institut National de Santé Publique,CC BY 4.0,data/csv/053_table_07_tableau_7_mouvement_des_patients_dans_le.csv
insp,053,2026-07-06,2026-07-06,deaths_in_facility,province,Democratic Republic of the Congo,Sud-Kivu,Sud-Kivu,0,patients,24h,FALSE,TRUE,high,"Indicateur,Ituri,Nord-Kivu,Sud-Kivu,Ensemble
Sorties (24h) Décédés (Suspects/Conf.),13,4,0,17",Institut National de Santé Publique,CC BY 4.0,data/csv/053_table_07_tableau_7_mouvement_des_patients_dans_le.csv
insp,053,2026-07-06,2026-07-06,discharges_recovered,national,Democratic Republic of the Congo,"",Ensemble,7,patients,24h,FALSE,TRUE,high,"Indicateur,Ituri,Nord-Kivu,Sud-Kivu,Ensemble
Sorties (24h) Guéris,7,0,0,7",Institut National de Santé Publique,CC BY 4.0,data/csv/053_table_07_tableau_7_mouvement_des_patients_dans_le.csv
insp,053,2026-07-06,2026-07-06,discharges_recovered,province,Democratic Republic of the Congo,Ituri,Ituri,7,patients,24h,FALSE,TRUE,high,"Indicateur,Ituri,Nord-Kivu,Sud-Kivu,Ensemble
Sorties (24h) Guéris,7,0,0,7",Institut National de Santé Publique,CC BY 4.0,data/csv/053_table_07_tableau_7_mouvement_des_patients_dans_le.csv
insp,053,2026-07-06,2026-07-06,discharges_recovered,province,Democratic Republic of the Congo,Nord-Kivu,Nord-Kivu,0,patients,24h,FALSE,TRUE,high,"Indicateur,Ituri,Nord-Kivu,Sud-Kivu,Ensemble
Sorties (24h) Guéris,7,0,0,7",Institut National de Santé Publique,CC BY 4.0,data/csv/053_table_07_tableau_7_mouvement_des_patients_dans_le.csv
insp,053,2026-07-06,2026-07-06,discharges_recovered,province,Democratic Republic of the Congo,Sud-Kivu,Sud-Kivu,0,patients,24h,FALSE,TRUE,high,"Indicateur,Ituri,Nord-Kivu,Sud-Kivu,Ensemble
Sorties (24h) Guéris,7,0,0,7",Institut National de Santé Publique,CC BY 4.0,data/csv/053_table_07_tableau_7_mouvement_des_patients_dans_le.csv
insp,053,2026-07-06,2026-07-06,escapes,national,Democratic Republic of the Congo,"",Ensemble,3,patients,24h,FALSE,TRUE,high,"Indicateur,Ituri,Nord-Kivu,Sud-Kivu,Ensemble
Sorties (24h) Évadés (Suspects/Conf.),1,2,0,3",Institut National de Santé Publique,CC BY 4.0,data/csv/053_table_07_tableau_7_mouvement_des_patients_dans_le.csv
insp,053,2026-07-06,2026-07-06,escapes,province,Democratic Republic of the Congo,Ituri,Ituri,1,patients,24h,FALSE,TRUE,high,"Indicateur,Ituri,Nord-Kivu,Sud-Kivu,Ensemble
Sorties (24h) Évadés (Suspects/Conf.),1,2,0,3",Institut National de Santé Publique,CC BY 4.0,data/csv/053_table_07_tableau_7_mouvement_des_patients_dans_le.csv
insp,053,2026-07-06,2026-07-06,escapes,province,Democratic Republic of the Congo,Nord-Kivu,Nord-Kivu,2,patients,24h,FALSE,TRUE,high,"Indicateur,Ituri,Nord-Kivu,Sud-Kivu,Ensemble
Sorties (24h) Évadés (Suspects/Conf.),1,2,0,3",Institut National de Santé Publique,CC BY 4.0,data/csv/053_table_07_tableau_7_mouvement_des_patients_dans_le.csv
insp,053,2026-07-06,2026-07-06,escapes,province,Democratic Republic of the Congo,Sud-Kivu,Sud-Kivu,0,patients,24h,FALSE,TRUE,high,"Indicateur,Ituri,Nord-Kivu,Sud-Kivu,Ensemble
Sorties (24h) Évadés (Suspects/Conf.),1,2,0,3",Institut National de Santé Publique,CC BY 4.0,data/csv/053_table_07_tableau_7_mouvement_des_patients_dans_le.csv
insp,053,2026-07-06,2026-07-06,patients_in_isolation,national,Democratic Republic of the Congo,"",Ensemble,680,patients,point,FALSE,TRUE,high,"Indicateur,Ituri,Nord-Kivu,Sud-Kivu,Ensemble
Patients en isolement (Fin J),508,148,24,680",Institut National de Santé Publique,CC BY 4.0,data/csv/053_table_07_tableau_7_mouvement_des_patients_dans_le.csv
insp,053,2026-07-06,2026-07-06,patients_in_isolation,province,Democratic Republic of the Congo,Ituri,Ituri,508,patients,point,FALSE,TRUE,high,"Indicateur,Ituri,Nord-Kivu,Sud-Kivu,Ensemble
Patients en isolement (Fin J),508,148,24,680",Institut National de Santé Publique,CC BY 4.0,data/csv/053_table_07_tableau_7_mouvement_des_patients_dans_le.csv
insp,053,2026-07-06,2026-07-06,patients_in_isolation,province,Democratic Republic of the Congo,Nord-Kivu,Nord-Kivu,148,patients,point,FALSE,TRUE,high,"Indicateur,Ituri,Nord-Kivu,Sud-Kivu,Ensemble
Patients en isolement (Fin J),508,148,24,680",Institut National de Santé Publique,CC BY 4.0,data/csv/053_table_07_tableau_7_mouvement_des_patients_dans_le.csv
insp,053,2026-07-06,2026-07-06,patients_in_isolation,province,Democratic Republic of the Congo,Sud-Kivu,Sud-Kivu,24,patients,point,FALSE,TRUE,high,"Indicateur,Ituri,Nord-Kivu,Sud-Kivu,Ensemble
Patients en isolement (Fin J),508,148,24,680",Institut National de Santé Publique,CC BY 4.0,data/csv/053_table_07_tableau_7_mouvement_des_patients_dans_le.csv
insp,054,2026-07-07,2026-07-07,admissions,national,Democratic Republic of the Congo,"",Ensemble,118,patients,24h,FALSE,TRUE,high,"Indicateur,Ituri,Nord-Kivu,Sud-Kivu,Ensemble
Total admissions (24h),71,32,15,118",Institut National de Santé Publique,CC BY 4.0,data/csv/054_table_07_tableau_7_mouvement_des_patients_dans_le.csv
insp,054,2026-07-07,2026-07-07,admissions,province,Democratic Republic of the Congo,Ituri,Ituri,71,patients,24h,FALSE,TRUE,high,"Indicateur,Ituri,Nord-Kivu,Sud-Kivu,Ensemble
Total admissions (24h),71,32,15,118",Institut National de Santé Publique,CC BY 4.0,data/csv/054_table_07_tableau_7_mouvement_des_patients_dans_le.csv
insp,054,2026-07-07,2026-07-07,admissions,province,Democratic Republic of the Congo,Nord-Kivu,Nord-Kivu,32,patients,24h,FALSE,TRUE,high,"Indicateur,Ituri,Nord-Kivu,Sud-Kivu,Ensemble
Total admissions (24h),71,32,15,118",Institut National de Santé Publique,CC BY 4.0,data/csv/054_table_07_tableau_7_mouvement_des_patients_dans_le.csv
insp,054,2026-07-07,2026-07-07,admissions,province,Democratic Republic of the Congo,Sud-Kivu,Sud-Kivu,15,patients,24h,FALSE,TRUE,high,"Indicateur,Ituri,Nord-Kivu,Sud-Kivu,Ensemble
Total admissions (24h),71,32,15,118",Institut National de Santé Publique,CC BY 4.0,data/csv/054_table_07_tableau_7_mouvement_des_patients_dans_le.csv
insp,054,2026-07-07,2026-07-07,bed_occupancy_pct,national,Democratic Republic of the Congo,"",Ensemble,94,percent,point,FALSE,TRUE,high,"Indicateur,Ituri,Nord-Kivu,Sud-Kivu,Ensemble
Taux d'occupation global,""85,0%"",""137,0%"",""86,6%"",94%",Institut National de Santé Publique,CC BY 4.0,data/csv/054_table_07_tableau_7_mouvement_des_patients_dans_le.csv
insp,054,2026-07-07,2026-07-07,bed_occupancy_pct,province,Democratic Republic of the Congo,Ituri,Ituri,85,percent,point,FALSE,TRUE,low,"Indicateur,Ituri,Nord-Kivu,Sud-Kivu,Ensemble
Taux d'occupation global,""85,0%"",""137,0%"",""86,6%"",94%",Institut National de Santé Publique,CC BY 4.0,data/csv/054_table_07_tableau_7_mouvement_des_patients_dans_le.csv
insp,054,2026-07-07,2026-07-07,bed_occupancy_pct,province,Democratic Republic of the Congo,Nord-Kivu,Nord-Kivu,137,percent,point,FALSE,TRUE,low,"Indicateur,Ituri,Nord-Kivu,Sud-Kivu,Ensemble
Taux d'occupation global,""85,0%"",""137,0%"",""86,6%"",94%",Institut National de Santé Publique,CC BY 4.0,data/csv/054_table_07_tableau_7_mouvement_des_patients_dans_le.csv
insp,054,2026-07-07,2026-07-07,bed_occupancy_pct,province,Democratic Republic of the Congo,Sud-Kivu,Sud-Kivu,86.6,percent,point,FALSE,TRUE,low,"Indicateur,Ituri,Nord-Kivu,Sud-Kivu,Ensemble
Taux d'occupation global,""85,0%"",""137,0%"",""86,6%"",94%",Institut National de Santé Publique,CC BY 4.0,data/csv/054_table_07_tableau_7_mouvement_des_patients_dans_le.csv
insp,055,2026-07-08,2026-07-07,beds_occupied,national,Democratic Republic of the Congo,"",Ensemble,751,beds,point,FALSE,TRUE,high,"Indicateur,Ituri,Nord-Kivu,Sud-Kivu,Ensemble
Patients au lit (J-1),519,193,39,751",Institut National de Santé Publique,CC BY 4.0,data/csv/055_table_07_tableau_7_mouvement_des_patients_dans_le.csv
insp,055,2026-07-08,2026-07-07,beds_occupied,province,Democratic Republic of the Congo,Ituri,Ituri,519,beds,point,FALSE,TRUE,high,"Indicateur,Ituri,Nord-Kivu,Sud-Kivu,Ensemble
Patients au lit (J-1),519,193,39,751",Institut National de Santé Publique,CC BY 4.0,data/csv/055_table_07_tableau_7_mouvement_des_patients_dans_le.csv
insp,055,2026-07-08,2026-07-07,beds_occupied,province,Democratic Republic of the Congo,Nord-Kivu,Nord-Kivu,193,beds,point,FALSE,TRUE,high,"Indicateur,Ituri,Nord-Kivu,Sud-Kivu,Ensemble
Patients au lit (J-1),519,193,39,751",Institut National de Santé Publique,CC BY 4.0,data/csv/055_table_07_tableau_7_mouvement_des_patients_dans_le.csv
insp,055,2026-07-08,2026-07-07,beds_occupied,province,Democratic Republic of the Congo,Sud-Kivu,Sud-Kivu,39,beds,point,FALSE,TRUE,high,"Indicateur,Ituri,Nord-Kivu,Sud-Kivu,Ensemble
Patients au lit (J-1),519,193,39,751",Institut National de Santé Publique,CC BY 4.0,data/csv/055_table_07_tableau_7_mouvement_des_patients_dans_le.csv
insp,054,2026-07-07,2026-07-07,deaths_in_facility,national,Democratic Republic of the Congo,"",Ensemble,16,patients,24h,FALSE,TRUE,high,"Indicateur,Ituri,Nord-Kivu,Sud-Kivu,Ensemble
Sorties (24h) Décédés (Suspects/Conf.),16,0,0,16",Institut National de Santé Publique,CC BY 4.0,data/csv/054_table_07_tableau_7_mouvement_des_patients_dans_le.csv
insp,054,2026-07-07,2026-07-07,deaths_in_facility,province,Democratic Republic of the Congo,Ituri,Ituri,16,patients,24h,FALSE,TRUE,high,"Indicateur,Ituri,Nord-Kivu,Sud-Kivu,Ensemble
Sorties (24h) Décédés (Suspects/Conf.),16,0,0,16",Institut National de Santé Publique,CC BY 4.0,data/csv/054_table_07_tableau_7_mouvement_des_patients_dans_le.csv
insp,054,2026-07-07,2026-07-07,deaths_in_facility,province,Democratic Republic of the Congo,Nord-Kivu,Nord-Kivu,0,patients,24h,FALSE,TRUE,high,"Indicateur,Ituri,Nord-Kivu,Sud-Kivu,Ensemble
Sorties (24h) Décédés (Suspects/Conf.),16,0,0,16",Institut National de Santé Publique,CC BY 4.0,data/csv/054_table_07_tableau_7_mouvement_des_patients_dans_le.csv
insp,054,2026-07-07,2026-07-07,deaths_in_facility,province,Democratic Republic of the Congo,Sud-Kivu,Sud-Kivu,0,patients,24h,FALSE,TRUE,high,"Indicateur,Ituri,Nord-Kivu,Sud-Kivu,Ensemble
Sorties (24h) Décédés (Suspects/Conf.),16,0,0,16",Institut National de Santé Publique,CC BY 4.0,data/csv/054_table_07_tableau_7_mouvement_des_patients_dans_le.csv
insp,054,2026-07-07,2026-07-07,discharges_recovered,national,Democratic Republic of the Congo,"",Ensemble,5,patients,24h,FALSE,TRUE,high,"Indicateur,Ituri,Nord-Kivu,Sud-Kivu,Ensemble
Sorties (24h) Guéris,5,0,0,5",Institut National de Santé Publique,CC BY 4.0,data/csv/054_table_07_tableau_7_mouvement_des_patients_dans_le.csv
insp,054,2026-07-07,2026-07-07,discharges_recovered,province,Democratic Republic of the Congo,Ituri,Ituri,5,patients,24h,FALSE,TRUE,high,"Indicateur,Ituri,Nord-Kivu,Sud-Kivu,Ensemble
Sorties (24h) Guéris,5,0,0,5",Institut National de Santé Publique,CC BY 4.0,data/csv/054_table_07_tableau_7_mouvement_des_patients_dans_le.csv
insp,054,2026-07-07,2026-07-07,discharges_recovered,province,Democratic Republic of the Congo,Nord-Kivu,Nord-Kivu,0,patients,24h,FALSE,TRUE,high,"Indicateur,Ituri,Nord-Kivu,Sud-Kivu,Ensemble
Sorties (24h) Guéris,5,0,0,5",Institut National de Santé Publique,CC BY 4.0,data/csv/054_table_07_tableau_7_mouvement_des_patients_dans_le.csv
insp,054,2026-07-07,2026-07-07,discharges_recovered,province,Democratic Republic of the Congo,Sud-Kivu,Sud-Kivu,0,patients,24h,FALSE,TRUE,high,"Indicateur,Ituri,Nord-Kivu,Sud-Kivu,Ensemble
Sorties (24h) Guéris,5,0,0,5",Institut National de Santé Publique,CC BY 4.0,data/csv/054_table_07_tableau_7_mouvement_des_patients_dans_le.csv
insp,054,2026-07-07,2026-07-07,escapes,national,Democratic Republic of the Congo,"",Ensemble,9,patients,24h,FALSE,TRUE,high,"Indicateur,Ituri,Nord-Kivu,Sud-Kivu,Ensemble
Sorties (24h) Évadés (Suspects/Conf.),9,0,0,9",Institut National de Santé Publique,CC BY 4.0,data/csv/054_table_07_tableau_7_mouvement_des_patients_dans_le.csv
insp,054,2026-07-07,2026-07-07,escapes,province,Democratic Republic of the Congo,Ituri,Ituri,9,patients,24h,FALSE,TRUE,high,"Indicateur,Ituri,Nord-Kivu,Sud-Kivu,Ensemble
Sorties (24h) Évadés (Suspects/Conf.),9,0,0,9",Institut National de Santé Publique,CC BY 4.0,data/csv/054_table_07_tableau_7_mouvement_des_patients_dans_le.csv
insp,054,2026-07-07,2026-07-07,escapes,province,Democratic Republic of the Congo,Nord-Kivu,Nord-Kivu,0,patients,24h,FALSE,TRUE,high,"Indicateur,Ituri,Nord-Kivu,Sud-Kivu,Ensemble
Sorties (24h) Évadés (Suspects/Conf.),9,0,0,9",Institut National de Santé Publique,CC BY 4.0,data/csv/054_table_07_tableau_7_mouvement_des_patients_dans_le.csv
insp,054,2026-07-07,2026-07-07,escapes,province,Democratic Republic of the Congo,Sud-Kivu,Sud-Kivu,0,patients,24h,FALSE,TRUE,high,"Indicateur,Ituri,Nord-Kivu,Sud-Kivu,Ensemble
Sorties (24h) Évadés (Suspects/Conf.),9,0,0,9",Institut National de Santé Publique,CC BY 4.0,data/csv/054_table_07_tableau_7_mouvement_des_patients_dans_le.csv
insp,054,2026-07-07,2026-07-07,patients_in_isolation,national,Democratic Republic of the Congo,"",Ensemble,750,patients,point,FALSE,TRUE,high,"Indicateur,Ituri,Nord-Kivu,Sud-Kivu,Ensemble
Patients en isolement (Fin J),518,193,39,750",Institut National de Santé Publique,CC BY 4.0,data/csv/054_table_07_tableau_7_mouvement_des_patients_dans_le.csv
insp,054,2026-07-07,2026-07-07,patients_in_isolation,province,Democratic Republic of the Congo,Ituri,Ituri,518,patients,point,FALSE,TRUE,high,"Indicateur,Ituri,Nord-Kivu,Sud-Kivu,Ensemble
Patients en isolement (Fin J),518,193,39,750",Institut National de Santé Publique,CC BY 4.0,data/csv/054_table_07_tableau_7_mouvement_des_patients_dans_le.csv
insp,054,2026-07-07,2026-07-07,patients_in_isolation,province,Democratic Republic of the Congo,Nord-Kivu,Nord-Kivu,193,patients,point,FALSE,TRUE,high,"Indicateur,Ituri,Nord-Kivu,Sud-Kivu,Ensemble
Patients en isolement (Fin J),518,193,39,750",Institut National de Santé Publique,CC BY 4.0,data/csv/054_table_07_tableau_7_mouvement_des_patients_dans_le.csv
insp,054,2026-07-07,2026-07-07,patients_in_isolation,province,Democratic Republic of the Congo,Sud-Kivu,Sud-Kivu,39,patients,point,FALSE,TRUE,high,"Indicateur,Ituri,Nord-Kivu,Sud-Kivu,Ensemble
Patients en isolement (Fin J),518,193,39,750",Institut National de Santé Publique,CC BY 4.0,data/csv/054_table_07_tableau_7_mouvement_des_patients_dans_le.csv
insp,055,2026-07-08,2026-07-08,admissions,national,Democratic Republic of the Congo,"",Ensemble,151,patients,24h,FALSE,TRUE,high,"Indicateur,Ituri,Nord-Kivu,Sud-Kivu,Ensemble
Total admissions (24h),103,44,4,151",Institut National de Santé Publique,CC BY 4.0,data/csv/055_table_07_tableau_7_mouvement_des_patients_dans_le.csv
insp,055,2026-07-08,2026-07-08,admissions,province,Democratic Republic of the Congo,Ituri,Ituri,103,patients,24h,FALSE,TRUE,high,"Indicateur,Ituri,Nord-Kivu,Sud-Kivu,Ensemble
Total admissions (24h),103,44,4,151",Institut National de Santé Publique,CC BY 4.0,data/csv/055_table_07_tableau_7_mouvement_des_patients_dans_le.csv
insp,055,2026-07-08,2026-07-08,admissions,province,Democratic Republic of the Congo,Nord-Kivu,Nord-Kivu,44,patients,24h,FALSE,TRUE,high,"Indicateur,Ituri,Nord-Kivu,Sud-Kivu,Ensemble
Total admissions (24h),103,44,4,151",Institut National de Santé Publique,CC BY 4.0,data/csv/055_table_07_tableau_7_mouvement_des_patients_dans_le.csv
insp,055,2026-07-08,2026-07-08,admissions,province,Democratic Republic of the Congo,Sud-Kivu,Sud-Kivu,4,patients,24h,FALSE,TRUE,high,"Indicateur,Ituri,Nord-Kivu,Sud-Kivu,Ensemble
Total admissions (24h),103,44,4,151",Institut National de Santé Publique,CC BY 4.0,data/csv/055_table_07_tableau_7_mouvement_des_patients_dans_le.csv
insp,055,2026-07-08,2026-07-08,bed_occupancy_pct,national,Democratic Republic of the Congo,"",Ensemble,95.3,percent,point,FALSE,TRUE,low,"Indicateur,Ituri,Nord-Kivu,Sud-Kivu,Ensemble
Taux d'occupation global,""87,0%"",""133,0%"",60%,""95,3%""",Institut National de Santé Publique,CC BY 4.0,data/csv/055_table_07_tableau_7_mouvement_des_patients_dans_le.csv
insp,055,2026-07-08,2026-07-08,bed_occupancy_pct,province,Democratic Republic of the Congo,Ituri,Ituri,87,percent,point,FALSE,TRUE,low,"Indicateur,Ituri,Nord-Kivu,Sud-Kivu,Ensemble
Taux d'occupation global,""87,0%"",""133,0%"",60%,""95,3%""",Institut National de Santé Publique,CC BY 4.0,data/csv/055_table_07_tableau_7_mouvement_des_patients_dans_le.csv
insp,055,2026-07-08,2026-07-08,bed_occupancy_pct,province,Democratic Republic of the Congo,Nord-Kivu,Nord-Kivu,133,percent,point,FALSE,TRUE,low,"Indicateur,Ituri,Nord-Kivu,Sud-Kivu,Ensemble
Taux d'occupation global,""87,0%"",""133,0%"",60%,""95,3%""",Institut National de Santé Publique,CC BY 4.0,data/csv/055_table_07_tableau_7_mouvement_des_patients_dans_le.csv
insp,055,2026-07-08,2026-07-08,bed_occupancy_pct,province,Democratic Republic of the Congo,Sud-Kivu,Sud-Kivu,60,percent,point,FALSE,TRUE,high,"Indicateur,Ituri,Nord-Kivu,Sud-Kivu,Ensemble
Taux d'occupation global,""87,0%"",""133,0%"",60%,""95,3%""",Institut National de Santé Publique,CC BY 4.0,data/csv/055_table_07_tableau_7_mouvement_des_patients_dans_le.csv
insp,056,2026-07-09,2026-07-08,beds_occupied,national,Democratic Republic of the Congo,"",Ensemble,755,beds,point,FALSE,TRUE,high,"Indicateur,Ituri,Nord-Kivu,Sud-Kivu,Ensemble
Patients au lit (J-1),540,188,27,755",Institut National de Santé Publique,CC BY 4.0,data/csv/056_table_07_tableau_7_mouvement_des_patients_dans_le.csv
insp,056,2026-07-09,2026-07-08,beds_occupied,province,Democratic Republic of the Congo,Ituri,Ituri,540,beds,point,FALSE,TRUE,high,"Indicateur,Ituri,Nord-Kivu,Sud-Kivu,Ensemble
Patients au lit (J-1),540,188,27,755",Institut National de Santé Publique,CC BY 4.0,data/csv/056_table_07_tableau_7_mouvement_des_patients_dans_le.csv
insp,056,2026-07-09,2026-07-08,beds_occupied,province,Democratic Republic of the Congo,Nord-Kivu,Nord-Kivu,188,beds,point,FALSE,TRUE,high,"Indicateur,Ituri,Nord-Kivu,Sud-Kivu,Ensemble
Patients au lit (J-1),540,188,27,755",Institut National de Santé Publique,CC BY 4.0,data/csv/056_table_07_tableau_7_mouvement_des_patients_dans_le.csv
insp,056,2026-07-09,2026-07-08,beds_occupied,province,Democratic Republic of the Congo,Sud-Kivu,Sud-Kivu,27,beds,point,FALSE,TRUE,high,"Indicateur,Ituri,Nord-Kivu,Sud-Kivu,Ensemble
Patients au lit (J-1),540,188,27,755",Institut National de Santé Publique,CC BY 4.0,data/csv/056_table_07_tableau_7_mouvement_des_patients_dans_le.csv
insp,055,2026-07-08,2026-07-08,deaths_in_facility,national,Democratic Republic of the Congo,"",Ensemble,25,patients,24h,FALSE,TRUE,high,"Indicateur,Ituri,Nord-Kivu,Sud-Kivu,Ensemble
Sorties (24h) Décédés (Suspects/Conf.),25,0,0,25",Institut National de Santé Publique,CC BY 4.0,data/csv/055_table_07_tableau_7_mouvement_des_patients_dans_le.csv
insp,055,2026-07-08,2026-07-08,deaths_in_facility,province,Democratic Republic of the Congo,Ituri,Ituri,25,patients,24h,FALSE,TRUE,high,"Indicateur,Ituri,Nord-Kivu,Sud-Kivu,Ensemble
Sorties (24h) Décédés (Suspects/Conf.),25,0,0,25",Institut National de Santé Publique,CC BY 4.0,data/csv/055_table_07_tableau_7_mouvement_des_patients_dans_le.csv
insp,055,2026-07-08,2026-07-08,deaths_in_facility,province,Democratic Republic of the Congo,Nord-Kivu,Nord-Kivu,0,patients,24h,FALSE,TRUE,high,"Indicateur,Ituri,Nord-Kivu,Sud-Kivu,Ensemble
Sorties (24h) Décédés (Suspects/Conf.),25,0,0,25",Institut National de Santé Publique,CC BY 4.0,data/csv/055_table_07_tableau_7_mouvement_des_patients_dans_le.csv
insp,055,2026-07-08,2026-07-08,deaths_in_facility,province,Democratic Republic of the Congo,Sud-Kivu,Sud-Kivu,0,patients,24h,FALSE,TRUE,high,"Indicateur,Ituri,Nord-Kivu,Sud-Kivu,Ensemble
Sorties (24h) Décédés (Suspects/Conf.),25,0,0,25",Institut National de Santé Publique,CC BY 4.0,data/csv/055_table_07_tableau_7_mouvement_des_patients_dans_le.csv
insp,055,2026-07-08,2026-07-08,discharges_recovered,national,Democratic Republic of the Congo,"",Ensemble,10,patients,24h,FALSE,TRUE,high,"Indicateur,Ituri,Nord-Kivu,Sud-Kivu,Ensemble
Sorties (24h) Guéris,8,2,0,10",Institut National de Santé Publique,CC BY 4.0,data/csv/055_table_07_tableau_7_mouvement_des_patients_dans_le.csv
insp,055,2026-07-08,2026-07-08,discharges_recovered,province,Democratic Republic of the Congo,Ituri,Ituri,8,patients,24h,FALSE,TRUE,high,"Indicateur,Ituri,Nord-Kivu,Sud-Kivu,Ensemble
Sorties (24h) Guéris,8,2,0,10",Institut National de Santé Publique,CC BY 4.0,data/csv/055_table_07_tableau_7_mouvement_des_patients_dans_le.csv
insp,055,2026-07-08,2026-07-08,discharges_recovered,province,Democratic Republic of the Congo,Nord-Kivu,Nord-Kivu,2,patients,24h,FALSE,TRUE,high,"Indicateur,Ituri,Nord-Kivu,Sud-Kivu,Ensemble
Sorties (24h) Guéris,8,2,0,10",Institut National de Santé Publique,CC BY 4.0,data/csv/055_table_07_tableau_7_mouvement_des_patients_dans_le.csv
insp,055,2026-07-08,2026-07-08,discharges_recovered,province,Democratic Republic of the Congo,Sud-Kivu,Sud-Kivu,0,patients,24h,FALSE,TRUE,high,"Indicateur,Ituri,Nord-Kivu,Sud-Kivu,Ensemble
Sorties (24h) Guéris,8,2,0,10",Institut National de Santé Publique,CC BY 4.0,data/csv/055_table_07_tableau_7_mouvement_des_patients_dans_le.csv
insp,055,2026-07-08,2026-07-08,escapes,national,Democratic Republic of the Congo,"",Ensemble,7,patients,24h,FALSE,TRUE,high,"Indicateur,Ituri,Nord-Kivu,Sud-Kivu,Ensemble
Sorties (24h) Évadés (Suspects/Conf.),7,0,0,7",Institut National de Santé Publique,CC BY 4.0,data/csv/055_table_07_tableau_7_mouvement_des_patients_dans_le.csv
insp,055,2026-07-08,2026-07-08,escapes,province,Democratic Republic of the Congo,Ituri,Ituri,7,patients,24h,FALSE,TRUE,high,"Indicateur,Ituri,Nord-Kivu,Sud-Kivu,Ensemble
Sorties (24h) Évadés (Suspects/Conf.),7,0,0,7",Institut National de Santé Publique,CC BY 4.0,data/csv/055_table_07_tableau_7_mouvement_des_patients_dans_le.csv
insp,055,2026-07-08,2026-07-08,escapes,province,Democratic Republic of the Congo,Nord-Kivu,Nord-Kivu,0,patients,24h,FALSE,TRUE,high,"Indicateur,Ituri,Nord-Kivu,Sud-Kivu,Ensemble
Sorties (24h) Évadés (Suspects/Conf.),7,0,0,7",Institut National de Santé Publique,CC BY 4.0,data/csv/055_table_07_tableau_7_mouvement_des_patients_dans_le.csv
insp,055,2026-07-08,2026-07-08,escapes,province,Democratic Republic of the Congo,Sud-Kivu,Sud-Kivu,0,patients,24h,FALSE,TRUE,high,"Indicateur,Ituri,Nord-Kivu,Sud-Kivu,Ensemble
Sorties (24h) Évadés (Suspects/Conf.),7,0,0,7",Institut National de Santé Publique,CC BY 4.0,data/csv/055_table_07_tableau_7_mouvement_des_patients_dans_le.csv
insp,055,2026-07-08,2026-07-08,patients_in_isolation,national,Democratic Republic of the Congo,"",Ensemble,764,patients,point,FALSE,TRUE,high,"Indicateur,Ituri,Nord-Kivu,Sud-Kivu,Ensemble
Patients en isolement (Fin J),540,197,27,764",Institut National de Santé Publique,CC BY 4.0,data/csv/055_table_07_tableau_7_mouvement_des_patients_dans_le.csv
insp,055,2026-07-08,2026-07-08,patients_in_isolation,province,Democratic Republic of the Congo,Ituri,Ituri,540,patients,point,FALSE,TRUE,high,"Indicateur,Ituri,Nord-Kivu,Sud-Kivu,Ensemble
Patients en isolement (Fin J),540,197,27,764",Institut National de Santé Publique,CC BY 4.0,data/csv/055_table_07_tableau_7_mouvement_des_patients_dans_le.csv
insp,055,2026-07-08,2026-07-08,patients_in_isolation,province,Democratic Republic of the Congo,Nord-Kivu,Nord-Kivu,197,patients,point,FALSE,TRUE,high,"Indicateur,Ituri,Nord-Kivu,Sud-Kivu,Ensemble
Patients en isolement (Fin J),540,197,27,764",Institut National de Santé Publique,CC BY 4.0,data/csv/055_table_07_tableau_7_mouvement_des_patients_dans_le.csv
insp,055,2026-07-08,2026-07-08,patients_in_isolation,province,Democratic Republic of the Congo,Sud-Kivu,Sud-Kivu,27,patients,point,FALSE,TRUE,high,"Indicateur,Ituri,Nord-Kivu,Sud-Kivu,Ensemble
Patients en isolement (Fin J),540,197,27,764",Institut National de Santé Publique,CC BY 4.0,data/csv/055_table_07_tableau_7_mouvement_des_patients_dans_le.csv
insp,056,2026-07-09,2026-07-09,admissions,national,Democratic Republic of the Congo,"",Ensemble,89,patients,24h,FALSE,TRUE,high,"Indicateur,Ituri,Nord-Kivu,Sud-Kivu,Ensemble
Total admissions (24h),43,44,2,89",Institut National de Santé Publique,CC BY 4.0,data/csv/056_table_07_tableau_7_mouvement_des_patients_dans_le.csv
insp,056,2026-07-09,2026-07-09,admissions,province,Democratic Republic of the Congo,Ituri,Ituri,43,patients,24h,FALSE,TRUE,high,"Indicateur,Ituri,Nord-Kivu,Sud-Kivu,Ensemble
Total admissions (24h),43,44,2,89",Institut National de Santé Publique,CC BY 4.0,data/csv/056_table_07_tableau_7_mouvement_des_patients_dans_le.csv
insp,056,2026-07-09,2026-07-09,admissions,province,Democratic Republic of the Congo,Nord-Kivu,Nord-Kivu,44,patients,24h,FALSE,TRUE,high,"Indicateur,Ituri,Nord-Kivu,Sud-Kivu,Ensemble
Total admissions (24h),43,44,2,89",Institut National de Santé Publique,CC BY 4.0,data/csv/056_table_07_tableau_7_mouvement_des_patients_dans_le.csv
insp,056,2026-07-09,2026-07-09,admissions,province,Democratic Republic of the Congo,Sud-Kivu,Sud-Kivu,2,patients,24h,FALSE,TRUE,high,"Indicateur,Ituri,Nord-Kivu,Sud-Kivu,Ensemble
Total admissions (24h),43,44,2,89",Institut National de Santé Publique,CC BY 4.0,data/csv/056_table_07_tableau_7_mouvement_des_patients_dans_le.csv
insp,056,2026-07-09,2026-07-09,bed_occupancy_pct,national,Democratic Republic of the Congo,"",Ensemble,100.3,percent,point,FALSE,TRUE,low,"Indicateur,Ituri,Nord-Kivu,Sud-Kivu,Ensemble
Taux d'occupation global,""89,9%"",""160,0%"",42.2%,""100,3%""",Institut National de Santé Publique,CC BY 4.0,data/csv/056_table_07_tableau_7_mouvement_des_patients_dans_le.csv
insp,056,2026-07-09,2026-07-09,bed_occupancy_pct,province,Democratic Republic of the Congo,Ituri,Ituri,89.9,percent,point,FALSE,TRUE,low,"Indicateur,Ituri,Nord-Kivu,Sud-Kivu,Ensemble
Taux d'occupation global,""89,9%"",""160,0%"",42.2%,""100,3%""",Institut National de Santé Publique,CC BY 4.0,data/csv/056_table_07_tableau_7_mouvement_des_patients_dans_le.csv
insp,056,2026-07-09,2026-07-09,bed_occupancy_pct,province,Democratic Republic of the Congo,Nord-Kivu,Nord-Kivu,160,percent,point,FALSE,TRUE,low,"Indicateur,Ituri,Nord-Kivu,Sud-Kivu,Ensemble
Taux d'occupation global,""89,9%"",""160,0%"",42.2%,""100,3%""",Institut National de Santé Publique,CC BY 4.0,data/csv/056_table_07_tableau_7_mouvement_des_patients_dans_le.csv
insp,056,2026-07-09,2026-07-09,bed_occupancy_pct,province,Democratic Republic of the Congo,Sud-Kivu,Sud-Kivu,42.2,percent,point,FALSE,TRUE,high,"Indicateur,Ituri,Nord-Kivu,Sud-Kivu,Ensemble
Taux d'occupation global,""89,9%"",""160,0%"",42.2%,""100,3%""",Institut National de Santé Publique,CC BY 4.0,data/csv/056_table_07_tableau_7_mouvement_des_patients_dans_le.csv
insp,057,2026-07-10,2026-07-09,beds_occupied,national,Democratic Republic of the Congo,"",Ensemble,779,beds,point,FALSE,TRUE,high,"Indicateur,Ituri,Nord-Kivu,Sud-Kivu,Ensemble
Patients au lit (J-1),535,225,19,779",Institut National de Santé Publique,CC BY 4.0,data/csv/057_table_07_tableau_7_mouvement_des_patients_dans_le.csv
insp,057,2026-07-10,2026-07-09,beds_occupied,province,Democratic Republic of the Congo,Ituri,Ituri,535,beds,point,FALSE,TRUE,high,"Indicateur,Ituri,Nord-Kivu,Sud-Kivu,Ensemble
Patients au lit (J-1),535,225,19,779",Institut National de Santé Publique,CC BY 4.0,data/csv/057_table_07_tableau_7_mouvement_des_patients_dans_le.csv
insp,057,2026-07-10,2026-07-09,beds_occupied,province,Democratic Republic of the Congo,Nord-Kivu,Nord-Kivu,225,beds,point,FALSE,TRUE,high,"Indicateur,Ituri,Nord-Kivu,Sud-Kivu,Ensemble
Patients au lit (J-1),535,225,19,779",Institut National de Santé Publique,CC BY 4.0,data/csv/057_table_07_tableau_7_mouvement_des_patients_dans_le.csv
insp,057,2026-07-10,2026-07-09,beds_occupied,province,Democratic Republic of the Congo,Sud-Kivu,Sud-Kivu,19,beds,point,FALSE,TRUE,high,"Indicateur,Ituri,Nord-Kivu,Sud-Kivu,Ensemble
Patients au lit (J-1),535,225,19,779",Institut National de Santé Publique,CC BY 4.0,data/csv/057_table_07_tableau_7_mouvement_des_patients_dans_le.csv
insp,056,2026-07-09,2026-07-09,deaths_in_facility,national,Democratic Republic of the Congo,"",Ensemble,10,patients,24h,FALSE,TRUE,high,"Indicateur,Ituri,Nord-Kivu,Sud-Kivu,Ensemble
Sorties (24h) Décédés (Suspects/Conf.),10,0,0,10",Institut National de Santé Publique,CC BY 4.0,data/csv/056_table_07_tableau_7_mouvement_des_patients_dans_le.csv
insp,056,2026-07-09,2026-07-09,deaths_in_facility,province,Democratic Republic of the Congo,Ituri,Ituri,10,patients,24h,FALSE,TRUE,high,"Indicateur,Ituri,Nord-Kivu,Sud-Kivu,Ensemble
Sorties (24h) Décédés (Suspects/Conf.),10,0,0,10",Institut National de Santé Publique,CC BY 4.0,data/csv/056_table_07_tableau_7_mouvement_des_patients_dans_le.csv
insp,056,2026-07-09,2026-07-09,deaths_in_facility,province,Democratic Republic of the Congo,Nord-Kivu,Nord-Kivu,0,patients,24h,FALSE,TRUE,high,"Indicateur,Ituri,Nord-Kivu,Sud-Kivu,Ensemble
Sorties (24h) Décédés (Suspects/Conf.),10,0,0,10",Institut National de Santé Publique,CC BY 4.0,data/csv/056_table_07_tableau_7_mouvement_des_patients_dans_le.csv
insp,056,2026-07-09,2026-07-09,deaths_in_facility,province,Democratic Republic of the Congo,Sud-Kivu,Sud-Kivu,0,patients,24h,FALSE,TRUE,high,"Indicateur,Ituri,Nord-Kivu,Sud-Kivu,Ensemble
Sorties (24h) Décédés (Suspects/Conf.),10,0,0,10",Institut National de Santé Publique,CC BY 4.0,data/csv/056_table_07_tableau_7_mouvement_des_patients_dans_le.csv
insp,056,2026-07-09,2026-07-09,discharges_recovered,national,Democratic Republic of the Congo,"",Ensemble,5,patients,24h,FALSE,TRUE,high,"Indicateur,Ituri,Nord-Kivu,Sud-Kivu,Ensemble
Sorties (24h) Guéris,4,1,0,5",Institut National de Santé Publique,CC BY 4.0,data/csv/056_table_07_tableau_7_mouvement_des_patients_dans_le.csv
insp,056,2026-07-09,2026-07-09,discharges_recovered,province,Democratic Republic of the Congo,Ituri,Ituri,4,patients,24h,FALSE,TRUE,high,"Indicateur,Ituri,Nord-Kivu,Sud-Kivu,Ensemble
Sorties (24h) Guéris,4,1,0,5",Institut National de Santé Publique,CC BY 4.0,data/csv/056_table_07_tableau_7_mouvement_des_patients_dans_le.csv
insp,056,2026-07-09,2026-07-09,discharges_recovered,province,Democratic Republic of the Congo,Nord-Kivu,Nord-Kivu,1,patients,24h,FALSE,TRUE,high,"Indicateur,Ituri,Nord-Kivu,Sud-Kivu,Ensemble
Sorties (24h) Guéris,4,1,0,5",Institut National de Santé Publique,CC BY 4.0,data/csv/056_table_07_tableau_7_mouvement_des_patients_dans_le.csv
insp,056,2026-07-09,2026-07-09,discharges_recovered,province,Democratic Republic of the Congo,Sud-Kivu,Sud-Kivu,0,patients,24h,FALSE,TRUE,high,"Indicateur,Ituri,Nord-Kivu,Sud-Kivu,Ensemble
Sorties (24h) Guéris,4,1,0,5",Institut National de Santé Publique,CC BY 4.0,data/csv/056_table_07_tableau_7_mouvement_des_patients_dans_le.csv
insp,056,2026-07-09,2026-07-09,escapes,national,Democratic Republic of the Congo,"",Ensemble,4,patients,24h,FALSE,TRUE,high,"Indicateur,Ituri,Nord-Kivu,Sud-Kivu,Ensemble
Sorties (24h) Évadés (Suspects/Conf.),4,0,0,4",Institut National de Santé Publique,CC BY 4.0,data/csv/056_table_07_tableau_7_mouvement_des_patients_dans_le.csv
insp,056,2026-07-09,2026-07-09,escapes,province,Democratic Republic of the Congo,Ituri,Ituri,4,patients,24h,FALSE,TRUE,high,"Indicateur,Ituri,Nord-Kivu,Sud-Kivu,Ensemble
Sorties (24h) Évadés (Suspects/Conf.),4,0,0,4",Institut National de Santé Publique,CC BY 4.0,data/csv/056_table_07_tableau_7_mouvement_des_patients_dans_le.csv
insp,056,2026-07-09,2026-07-09,escapes,province,Democratic Republic of the Congo,Nord-Kivu,Nord-Kivu,0,patients,24h,FALSE,TRUE,high,"Indicateur,Ituri,Nord-Kivu,Sud-Kivu,Ensemble
Sorties (24h) Évadés (Suspects/Conf.),4,0,0,4",Institut National de Santé Publique,CC BY 4.0,data/csv/056_table_07_tableau_7_mouvement_des_patients_dans_le.csv
insp,056,2026-07-09,2026-07-09,escapes,province,Democratic Republic of the Congo,Sud-Kivu,Sud-Kivu,0,patients,24h,FALSE,TRUE,high,"Indicateur,Ituri,Nord-Kivu,Sud-Kivu,Ensemble
Sorties (24h) Évadés (Suspects/Conf.),4,0,0,4",Institut National de Santé Publique,CC BY 4.0,data/csv/056_table_07_tableau_7_mouvement_des_patients_dans_le.csv
insp,056,2026-07-09,2026-07-09,patients_in_isolation,national,Democratic Republic of the Congo,"",Ensemble,780,patients,point,FALSE,TRUE,high,"Indicateur,Ituri,Nord-Kivu,Sud-Kivu,Ensemble
Patients en isolement (Fin J),536,225,19,780",Institut National de Santé Publique,CC BY 4.0,data/csv/056_table_07_tableau_7_mouvement_des_patients_dans_le.csv
insp,056,2026-07-09,2026-07-09,patients_in_isolation,province,Democratic Republic of the Congo,Ituri,Ituri,536,patients,point,FALSE,TRUE,high,"Indicateur,Ituri,Nord-Kivu,Sud-Kivu,Ensemble
Patients en isolement (Fin J),536,225,19,780",Institut National de Santé Publique,CC BY 4.0,data/csv/056_table_07_tableau_7_mouvement_des_patients_dans_le.csv
insp,056,2026-07-09,2026-07-09,patients_in_isolation,province,Democratic Republic of the Congo,Nord-Kivu,Nord-Kivu,225,patients,point,FALSE,TRUE,high,"Indicateur,Ituri,Nord-Kivu,Sud-Kivu,Ensemble
Patients en isolement (Fin J),536,225,19,780",Institut National de Santé Publique,CC BY 4.0,data/csv/056_table_07_tableau_7_mouvement_des_patients_dans_le.csv
insp,056,2026-07-09,2026-07-09,patients_in_isolation,province,Democratic Republic of the Congo,Sud-Kivu,Sud-Kivu,19,patients,point,FALSE,TRUE,high,"Indicateur,Ituri,Nord-Kivu,Sud-Kivu,Ensemble
Patients en isolement (Fin J),536,225,19,780",Institut National de Santé Publique,CC BY 4.0,data/csv/056_table_07_tableau_7_mouvement_des_patients_dans_le.csv
insp,057,2026-07-10,2026-07-10,admissions,national,Democratic Republic of the Congo,"",Ensemble,110,patients,24h,FALSE,TRUE,high,"Indicateur,Ituri,Nord-Kivu,Sud-Kivu,Ensemble
Total admissions (24h),69,36,5,110",Institut National de Santé Publique,CC BY 4.0,data/csv/057_table_07_tableau_7_mouvement_des_patients_dans_le.csv
insp,057,2026-07-10,2026-07-10,admissions,province,Democratic Republic of the Congo,Ituri,Ituri,69,patients,24h,FALSE,TRUE,high,"Indicateur,Ituri,Nord-Kivu,Sud-Kivu,Ensemble
Total admissions (24h),69,36,5,110",Institut National de Santé Publique,CC BY 4.0,data/csv/057_table_07_tableau_7_mouvement_des_patients_dans_le.csv
insp,057,2026-07-10,2026-07-10,admissions,province,Democratic Republic of the Congo,Nord-Kivu,Nord-Kivu,36,patients,24h,FALSE,TRUE,high,"Indicateur,Ituri,Nord-Kivu,Sud-Kivu,Ensemble
Total admissions (24h),69,36,5,110",Institut National de Santé Publique,CC BY 4.0,data/csv/057_table_07_tableau_7_mouvement_des_patients_dans_le.csv
insp,057,2026-07-10,2026-07-10,admissions,province,Democratic Republic of the Congo,Sud-Kivu,Sud-Kivu,5,patients,24h,FALSE,TRUE,high,"Indicateur,Ituri,Nord-Kivu,Sud-Kivu,Ensemble
Total admissions (24h),69,36,5,110",Institut National de Santé Publique,CC BY 4.0,data/csv/057_table_07_tableau_7_mouvement_des_patients_dans_le.csv
insp,057,2026-07-10,2026-07-10,bed_occupancy_pct,national,Democratic Republic of the Congo,"",Ensemble,95.1,percent,point,FALSE,TRUE,low,"Indicateur,Ituri,Nord-Kivu,Sud-Kivu,Ensemble
Taux d'occupation global,88%,""135,2%"",""53,3%"",""95,1%""",Institut National de Santé Publique,CC BY 4.0,data/csv/057_table_07_tableau_7_mouvement_des_patients_dans_le.csv
insp,057,2026-07-10,2026-07-10,bed_occupancy_pct,province,Democratic Republic of the Congo,Ituri,Ituri,88,percent,point,FALSE,TRUE,high,"Indicateur,Ituri,Nord-Kivu,Sud-Kivu,Ensemble
Taux d'occupation global,88%,""135,2%"",""53,3%"",""95,1%""",Institut National de Santé Publique,CC BY 4.0,data/csv/057_table_07_tableau_7_mouvement_des_patients_dans_le.csv
insp,057,2026-07-10,2026-07-10,bed_occupancy_pct,province,Democratic Republic of the Congo,Nord-Kivu,Nord-Kivu,135.2,percent,point,FALSE,TRUE,low,"Indicateur,Ituri,Nord-Kivu,Sud-Kivu,Ensemble
Taux d'occupation global,88%,""135,2%"",""53,3%"",""95,1%""",Institut National de Santé Publique,CC BY 4.0,data/csv/057_table_07_tableau_7_mouvement_des_patients_dans_le.csv
insp,057,2026-07-10,2026-07-10,bed_occupancy_pct,province,Democratic Republic of the Congo,Sud-Kivu,Sud-Kivu,53.3,percent,point,FALSE,TRUE,low,"Indicateur,Ituri,Nord-Kivu,Sud-Kivu,Ensemble
Taux d'occupation global,88%,""135,2%"",""53,3%"",""95,1%""",Institut National de Santé Publique,CC BY 4.0,data/csv/057_table_07_tableau_7_mouvement_des_patients_dans_le.csv
insp,058,2026-07-11,2026-07-10,beds_occupied,national,Democratic Republic of the Congo,"",Ensemble,769,beds,point,FALSE,TRUE,high,"Indicateur,Ituri,Nord-Kivu,Sud-Kivu,Ensemble
Patients au lit (J-1),544,201,24,769",Institut National de Santé Publique,CC BY 4.0,data/csv/058_table_07_tableau_7_mouvement_des_patients_dans_le.csv
insp,058,2026-07-11,2026-07-10,beds_occupied,province,Democratic Republic of the Congo,Ituri,Ituri,544,beds,point,FALSE,TRUE,high,"Indicateur,Ituri,Nord-Kivu,Sud-Kivu,Ensemble
Patients au lit (J-1),544,201,24,769",Institut National de Santé Publique,CC BY 4.0,data/csv/058_table_07_tableau_7_mouvement_des_patients_dans_le.csv
insp,058,2026-07-11,2026-07-10,beds_occupied,province,Democratic Republic of the Congo,Nord-Kivu,Nord-Kivu,201,beds,point,FALSE,TRUE,high,"Indicateur,Ituri,Nord-Kivu,Sud-Kivu,Ensemble
Patients au lit (J-1),544,201,24,769",Institut National de Santé Publique,CC BY 4.0,data/csv/058_table_07_tableau_7_mouvement_des_patients_dans_le.csv
insp,058,2026-07-11,2026-07-10,beds_occupied,province,Democratic Republic of the Congo,Sud-Kivu,Sud-Kivu,24,beds,point,FALSE,TRUE,high,"Indicateur,Ituri,Nord-Kivu,Sud-Kivu,Ensemble
Patients au lit (J-1),544,201,24,769",Institut National de Santé Publique,CC BY 4.0,data/csv/058_table_07_tableau_7_mouvement_des_patients_dans_le.csv
insp,057,2026-07-10,2026-07-10,deaths_in_facility,national,Democratic Republic of the Congo,"",Ensemble,18,patients,24h,FALSE,TRUE,high,"Indicateur,Ituri,Nord-Kivu,Sud-Kivu,Ensemble
Sorties (24h) Décédés (Suspects/Conf.),18,0,0,18",Institut National de Santé Publique,CC BY 4.0,data/csv/057_table_07_tableau_7_mouvement_des_patients_dans_le.csv
insp,057,2026-07-10,2026-07-10,deaths_in_facility,province,Democratic Republic of the Congo,Ituri,Ituri,18,patients,24h,FALSE,TRUE,high,"Indicateur,Ituri,Nord-Kivu,Sud-Kivu,Ensemble
Sorties (24h) Décédés (Suspects/Conf.),18,0,0,18",Institut National de Santé Publique,CC BY 4.0,data/csv/057_table_07_tableau_7_mouvement_des_patients_dans_le.csv
insp,057,2026-07-10,2026-07-10,deaths_in_facility,province,Democratic Republic of the Congo,Nord-Kivu,Nord-Kivu,0,patients,24h,FALSE,TRUE,high,"Indicateur,Ituri,Nord-Kivu,Sud-Kivu,Ensemble
Sorties (24h) Décédés (Suspects/Conf.),18,0,0,18",Institut National de Santé Publique,CC BY 4.0,data/csv/057_table_07_tableau_7_mouvement_des_patients_dans_le.csv
insp,057,2026-07-10,2026-07-10,deaths_in_facility,province,Democratic Republic of the Congo,Sud-Kivu,Sud-Kivu,0,patients,24h,FALSE,TRUE,high,"Indicateur,Ituri,Nord-Kivu,Sud-Kivu,Ensemble
Sorties (24h) Décédés (Suspects/Conf.),18,0,0,18",Institut National de Santé Publique,CC BY 4.0,data/csv/057_table_07_tableau_7_mouvement_des_patients_dans_le.csv
insp,057,2026-07-10,2026-07-10,discharges_recovered,national,Democratic Republic of the Congo,"",Ensemble,6,patients,24h,FALSE,TRUE,high,"Indicateur,Ituri,Nord-Kivu,Sud-Kivu,Ensemble
Sorties (24h) Guéris,6,0,0,6",Institut National de Santé Publique,CC BY 4.0,data/csv/057_table_07_tableau_7_mouvement_des_patients_dans_le.csv
insp,057,2026-07-10,2026-07-10,discharges_recovered,province,Democratic Republic of the Congo,Ituri,Ituri,6,patients,24h,FALSE,TRUE,high,"Indicateur,Ituri,Nord-Kivu,Sud-Kivu,Ensemble
Sorties (24h) Guéris,6,0,0,6",Institut National de Santé Publique,CC BY 4.0,data/csv/057_table_07_tableau_7_mouvement_des_patients_dans_le.csv
insp,057,2026-07-10,2026-07-10,discharges_recovered,province,Democratic Republic of the Congo,Nord-Kivu,Nord-Kivu,0,patients,24h,FALSE,TRUE,high,"Indicateur,Ituri,Nord-Kivu,Sud-Kivu,Ensemble
Sorties (24h) Guéris,6,0,0,6",Institut National de Santé Publique,CC BY 4.0,data/csv/057_table_07_tableau_7_mouvement_des_patients_dans_le.csv
insp,057,2026-07-10,2026-07-10,discharges_recovered,province,Democratic Republic of the Congo,Sud-Kivu,Sud-Kivu,0,patients,24h,FALSE,TRUE,high,"Indicateur,Ituri,Nord-Kivu,Sud-Kivu,Ensemble
Sorties (24h) Guéris,6,0,0,6",Institut National de Santé Publique,CC BY 4.0,data/csv/057_table_07_tableau_7_mouvement_des_patients_dans_le.csv
insp,057,2026-07-10,2026-07-10,escapes,national,Democratic Republic of the Congo,"",Ensemble,9,patients,24h,FALSE,TRUE,high,"Indicateur,Ituri,Nord-Kivu,Sud-Kivu,Ensemble
Sorties (24h) Évadés (Suspects/Conf.),9,0,0,9",Institut National de Santé Publique,CC BY 4.0,data/csv/057_table_07_tableau_7_mouvement_des_patients_dans_le.csv
insp,057,2026-07-10,2026-07-10,escapes,province,Democratic Republic of the Congo,Ituri,Ituri,9,patients,24h,FALSE,TRUE,high,"Indicateur,Ituri,Nord-Kivu,Sud-Kivu,Ensemble
Sorties (24h) Évadés (Suspects/Conf.),9,0,0,9",Institut National de Santé Publique,CC BY 4.0,data/csv/057_table_07_tableau_7_mouvement_des_patients_dans_le.csv
insp,057,2026-07-10,2026-07-10,escapes,province,Democratic Republic of the Congo,Nord-Kivu,Nord-Kivu,0,patients,24h,FALSE,TRUE,high,"Indicateur,Ituri,Nord-Kivu,Sud-Kivu,Ensemble
Sorties (24h) Évadés (Suspects/Conf.),9,0,0,9",Institut National de Santé Publique,CC BY 4.0,data/csv/057_table_07_tableau_7_mouvement_des_patients_dans_le.csv
insp,057,2026-07-10,2026-07-10,escapes,province,Democratic Republic of the Congo,Sud-Kivu,Sud-Kivu,0,patients,24h,FALSE,TRUE,high,"Indicateur,Ituri,Nord-Kivu,Sud-Kivu,Ensemble
Sorties (24h) Évadés (Suspects/Conf.),9,0,0,9",Institut National de Santé Publique,CC BY 4.0,data/csv/057_table_07_tableau_7_mouvement_des_patients_dans_le.csv
insp,057,2026-07-10,2026-07-10,patients_in_isolation,national,Democratic Republic of the Congo,"",Ensemble,763,patients,point,FALSE,TRUE,high,"Indicateur,Ituri,Nord-Kivu,Sud-Kivu,Ensemble
Patients en isolement (Fin J),543,196,24,763",Institut National de Santé Publique,CC BY 4.0,data/csv/057_table_07_tableau_7_mouvement_des_patients_dans_le.csv
insp,057,2026-07-10,2026-07-10,patients_in_isolation,province,Democratic Republic of the Congo,Ituri,Ituri,543,patients,point,FALSE,TRUE,high,"Indicateur,Ituri,Nord-Kivu,Sud-Kivu,Ensemble
Patients en isolement (Fin J),543,196,24,763",Institut National de Santé Publique,CC BY 4.0,data/csv/057_table_07_tableau_7_mouvement_des_patients_dans_le.csv
insp,057,2026-07-10,2026-07-10,patients_in_isolation,province,Democratic Republic of the Congo,Nord-Kivu,Nord-Kivu,196,patients,point,FALSE,TRUE,high,"Indicateur,Ituri,Nord-Kivu,Sud-Kivu,Ensemble
Patients en isolement (Fin J),543,196,24,763",Institut National de Santé Publique,CC BY 4.0,data/csv/057_table_07_tableau_7_mouvement_des_patients_dans_le.csv
insp,057,2026-07-10,2026-07-10,patients_in_isolation,province,Democratic Republic of the Congo,Sud-Kivu,Sud-Kivu,24,patients,point,FALSE,TRUE,high,"Indicateur,Ituri,Nord-Kivu,Sud-Kivu,Ensemble
Patients en isolement (Fin J),543,196,24,763",Institut National de Santé Publique,CC BY 4.0,data/csv/057_table_07_tableau_7_mouvement_des_patients_dans_le.csv
insp,058,2026-07-11,2026-07-11,admissions,national,Democratic Republic of the Congo,"",Ensemble,94,patients,24h,FALSE,TRUE,high,"Indicateur,Ituri,Nord-Kivu,Sud-Kivu,Ensemble
Total admissions (24h),67,21,6,94",Institut National de Santé Publique,CC BY 4.0,data/csv/058_table_07_tableau_7_mouvement_des_patients_dans_le.csv
insp,058,2026-07-11,2026-07-11,admissions,province,Democratic Republic of the Congo,Ituri,Ituri,67,patients,24h,FALSE,TRUE,high,"Indicateur,Ituri,Nord-Kivu,Sud-Kivu,Ensemble
Total admissions (24h),67,21,6,94",Institut National de Santé Publique,CC BY 4.0,data/csv/058_table_07_tableau_7_mouvement_des_patients_dans_le.csv
insp,058,2026-07-11,2026-07-11,admissions,province,Democratic Republic of the Congo,Nord-Kivu,Nord-Kivu,21,patients,24h,FALSE,TRUE,high,"Indicateur,Ituri,Nord-Kivu,Sud-Kivu,Ensemble
Total admissions (24h),67,21,6,94",Institut National de Santé Publique,CC BY 4.0,data/csv/058_table_07_tableau_7_mouvement_des_patients_dans_le.csv
insp,058,2026-07-11,2026-07-11,admissions,province,Democratic Republic of the Congo,Sud-Kivu,Sud-Kivu,6,patients,24h,FALSE,TRUE,high,"Indicateur,Ituri,Nord-Kivu,Sud-Kivu,Ensemble
Total admissions (24h),67,21,6,94",Institut National de Santé Publique,CC BY 4.0,data/csv/058_table_07_tableau_7_mouvement_des_patients_dans_le.csv
insp,058,2026-07-11,2026-07-11,bed_occupancy_pct,national,Democratic Republic of the Congo,"",Ensemble,93.9,percent,point,FALSE,TRUE,low,"Indicateur,Ituri,Nord-Kivu,Sud-Kivu,Ensemble
Taux d'occupation global,87%,""129,6%"",""66,6%"",""93,9%""",Institut National de Santé Publique,CC BY 4.0,data/csv/058_table_07_tableau_7_mouvement_des_patients_dans_le.csv
insp,058,2026-07-11,2026-07-11,bed_occupancy_pct,province,Democratic Republic of the Congo,Ituri,Ituri,87,percent,point,FALSE,TRUE,high,"Indicateur,Ituri,Nord-Kivu,Sud-Kivu,Ensemble
Taux d'occupation global,87%,""129,6%"",""66,6%"",""93,9%""",Institut National de Santé Publique,CC BY 4.0,data/csv/058_table_07_tableau_7_mouvement_des_patients_dans_le.csv
insp,058,2026-07-11,2026-07-11,bed_occupancy_pct,province,Democratic Republic of the Congo,Nord-Kivu,Nord-Kivu,129.6,percent,point,FALSE,TRUE,low,"Indicateur,Ituri,Nord-Kivu,Sud-Kivu,Ensemble
Taux d'occupation global,87%,""129,6%"",""66,6%"",""93,9%""",Institut National de Santé Publique,CC BY 4.0,data/csv/058_table_07_tableau_7_mouvement_des_patients_dans_le.csv
insp,058,2026-07-11,2026-07-11,bed_occupancy_pct,province,Democratic Republic of the Congo,Sud-Kivu,Sud-Kivu,66.6,percent,point,FALSE,TRUE,low,"Indicateur,Ituri,Nord-Kivu,Sud-Kivu,Ensemble
Taux d'occupation global,87%,""129,6%"",""66,6%"",""93,9%""",Institut National de Santé Publique,CC BY 4.0,data/csv/058_table_07_tableau_7_mouvement_des_patients_dans_le.csv
insp,059,2026-07-12,2026-07-11,beds_occupied,national,Democratic Republic of the Congo,"",Ensemble,727,beds,point,FALSE,TRUE,high,"Indicateur,Ituri,Nord-Kivu,Sud-Kivu,Ensemble
Patients au lit (J-1),538,173,16,727",Institut National de Santé Publique,CC BY 4.0,data/csv/059_table_05_tableau_5_occupation_des_structures_de_s.csv
insp,059,2026-07-12,2026-07-11,beds_occupied,province,Democratic Republic of the Congo,Ituri,Ituri,538,beds,point,FALSE,TRUE,high,"Indicateur,Ituri,Nord-Kivu,Sud-Kivu,Ensemble
Patients au lit (J-1),538,173,16,727",Institut National de Santé Publique,CC BY 4.0,data/csv/059_table_05_tableau_5_occupation_des_structures_de_s.csv
insp,059,2026-07-12,2026-07-11,beds_occupied,province,Democratic Republic of the Congo,Nord-Kivu,Nord-Kivu,173,beds,point,FALSE,TRUE,high,"Indicateur,Ituri,Nord-Kivu,Sud-Kivu,Ensemble
Patients au lit (J-1),538,173,16,727",Institut National de Santé Publique,CC BY 4.0,data/csv/059_table_05_tableau_5_occupation_des_structures_de_s.csv
insp,059,2026-07-12,2026-07-11,beds_occupied,province,Democratic Republic of the Congo,Sud-Kivu,Sud-Kivu,16,beds,point,FALSE,TRUE,high,"Indicateur,Ituri,Nord-Kivu,Sud-Kivu,Ensemble
Patients au lit (J-1),538,173,16,727",Institut National de Santé Publique,CC BY 4.0,data/csv/059_table_05_tableau_5_occupation_des_structures_de_s.csv
insp,058,2026-07-11,2026-07-11,deaths_in_facility,national,Democratic Republic of the Congo,"",Ensemble,15,patients,24h,FALSE,TRUE,high,"Indicateur,Ituri,Nord-Kivu,Sud-Kivu,Ensemble
Sorties (24h) Décédés (Suspects/Conf.),14,1,0,15",Institut National de Santé Publique,CC BY 4.0,data/csv/058_table_07_tableau_7_mouvement_des_patients_dans_le.csv
insp,058,2026-07-11,2026-07-11,deaths_in_facility,province,Democratic Republic of the Congo,Ituri,Ituri,14,patients,24h,FALSE,TRUE,high,"Indicateur,Ituri,Nord-Kivu,Sud-Kivu,Ensemble
Sorties (24h) Décédés (Suspects/Conf.),14,1,0,15",Institut National de Santé Publique,CC BY 4.0,data/csv/058_table_07_tableau_7_mouvement_des_patients_dans_le.csv
insp,058,2026-07-11,2026-07-11,deaths_in_facility,province,Democratic Republic of the Congo,Nord-Kivu,Nord-Kivu,1,patients,24h,FALSE,TRUE,high,"Indicateur,Ituri,Nord-Kivu,Sud-Kivu,Ensemble
Sorties (24h) Décédés (Suspects/Conf.),14,1,0,15",Institut National de Santé Publique,CC BY 4.0,data/csv/058_table_07_tableau_7_mouvement_des_patients_dans_le.csv
insp,058,2026-07-11,2026-07-11,deaths_in_facility,province,Democratic Republic of the Congo,Sud-Kivu,Sud-Kivu,0,patients,24h,FALSE,TRUE,high,"Indicateur,Ituri,Nord-Kivu,Sud-Kivu,Ensemble
Sorties (24h) Décédés (Suspects/Conf.),14,1,0,15",Institut National de Santé Publique,CC BY 4.0,data/csv/058_table_07_tableau_7_mouvement_des_patients_dans_le.csv
insp,058,2026-07-11,2026-07-11,discharges_recovered,national,Democratic Republic of the Congo,"",Ensemble,12,patients,24h,FALSE,TRUE,high,"Indicateur,Ituri,Nord-Kivu,Sud-Kivu,Ensemble
Sorties (24h) Guéris,12,0,0,12",Institut National de Santé Publique,CC BY 4.0,data/csv/058_table_07_tableau_7_mouvement_des_patients_dans_le.csv
insp,058,2026-07-11,2026-07-11,discharges_recovered,province,Democratic Republic of the Congo,Ituri,Ituri,12,patients,24h,FALSE,TRUE,high,"Indicateur,Ituri,Nord-Kivu,Sud-Kivu,Ensemble
Sorties (24h) Guéris,12,0,0,12",Institut National de Santé Publique,CC BY 4.0,data/csv/058_table_07_tableau_7_mouvement_des_patients_dans_le.csv
insp,058,2026-07-11,2026-07-11,discharges_recovered,province,Democratic Republic of the Congo,Nord-Kivu,Nord-Kivu,0,patients,24h,FALSE,TRUE,high,"Indicateur,Ituri,Nord-Kivu,Sud-Kivu,Ensemble
Sorties (24h) Guéris,12,0,0,12",Institut National de Santé Publique,CC BY 4.0,data/csv/058_table_07_tableau_7_mouvement_des_patients_dans_le.csv
insp,058,2026-07-11,2026-07-11,discharges_recovered,province,Democratic Republic of the Congo,Sud-Kivu,Sud-Kivu,0,patients,24h,FALSE,TRUE,high,"Indicateur,Ituri,Nord-Kivu,Sud-Kivu,Ensemble
Sorties (24h) Guéris,12,0,0,12",Institut National de Santé Publique,CC BY 4.0,data/csv/058_table_07_tableau_7_mouvement_des_patients_dans_le.csv
insp,058,2026-07-11,2026-07-11,escapes,national,Democratic Republic of the Congo,"",Ensemble,8,patients,24h,FALSE,TRUE,high,"Indicateur,Ituri,Nord-Kivu,Sud-Kivu,Ensemble
Sorties (24h) Évadés (Suspects/Conf.),8,0,0,8",Institut National de Santé Publique,CC BY 4.0,data/csv/058_table_07_tableau_7_mouvement_des_patients_dans_le.csv
insp,058,2026-07-11,2026-07-11,escapes,province,Democratic Republic of the Congo,Ituri,Ituri,8,patients,24h,FALSE,TRUE,high,"Indicateur,Ituri,Nord-Kivu,Sud-Kivu,Ensemble
Sorties (24h) Évadés (Suspects/Conf.),8,0,0,8",Institut National de Santé Publique,CC BY 4.0,data/csv/058_table_07_tableau_7_mouvement_des_patients_dans_le.csv
insp,058,2026-07-11,2026-07-11,escapes,province,Democratic Republic of the Congo,Nord-Kivu,Nord-Kivu,0,patients,24h,FALSE,TRUE,high,"Indicateur,Ituri,Nord-Kivu,Sud-Kivu,Ensemble
Sorties (24h) Évadés (Suspects/Conf.),8,0,0,8",Institut National de Santé Publique,CC BY 4.0,data/csv/058_table_07_tableau_7_mouvement_des_patients_dans_le.csv
insp,058,2026-07-11,2026-07-11,escapes,province,Democratic Republic of the Congo,Sud-Kivu,Sud-Kivu,0,patients,24h,FALSE,TRUE,high,"Indicateur,Ituri,Nord-Kivu,Sud-Kivu,Ensemble
Sorties (24h) Évadés (Suspects/Conf.),8,0,0,8",Institut National de Santé Publique,CC BY 4.0,data/csv/058_table_07_tableau_7_mouvement_des_patients_dans_le.csv
insp,058,2026-07-11,2026-07-11,patients_in_isolation,national,Democratic Republic of the Congo,"",Ensemble,753,patients,point,FALSE,TRUE,high,"Indicateur,Ituri,Nord-Kivu,Sud-Kivu,Ensemble
Patients en isolement (Fin J),535,188,30,753",Institut National de Santé Publique,CC BY 4.0,data/csv/058_table_07_tableau_7_mouvement_des_patients_dans_le.csv
insp,058,2026-07-11,2026-07-11,patients_in_isolation,province,Democratic Republic of the Congo,Ituri,Ituri,535,patients,point,FALSE,TRUE,high,"Indicateur,Ituri,Nord-Kivu,Sud-Kivu,Ensemble
Patients en isolement (Fin J),535,188,30,753",Institut National de Santé Publique,CC BY 4.0,data/csv/058_table_07_tableau_7_mouvement_des_patients_dans_le.csv
insp,058,2026-07-11,2026-07-11,patients_in_isolation,province,Democratic Republic of the Congo,Nord-Kivu,Nord-Kivu,188,patients,point,FALSE,TRUE,high,"Indicateur,Ituri,Nord-Kivu,Sud-Kivu,Ensemble
Patients en isolement (Fin J),535,188,30,753",Institut National de Santé Publique,CC BY 4.0,data/csv/058_table_07_tableau_7_mouvement_des_patients_dans_le.csv
insp,058,2026-07-11,2026-07-11,patients_in_isolation,province,Democratic Republic of the Congo,Sud-Kivu,Sud-Kivu,30,patients,point,FALSE,TRUE,high,"Indicateur,Ituri,Nord-Kivu,Sud-Kivu,Ensemble
Patients en isolement (Fin J),535,188,30,753",Institut National de Santé Publique,CC BY 4.0,data/csv/058_table_07_tableau_7_mouvement_des_patients_dans_le.csv
insp,059,2026-07-12,2026-07-12,admissions,national,Democratic Republic of the Congo,"",Ensemble,121,patients,24h,FALSE,TRUE,high,"Indicateur,Ituri,Nord-Kivu,Sud-Kivu,Ensemble
Total admissions (24 h),85,12,24,121",Institut National de Santé Publique,CC BY 4.0,data/csv/059_table_05_tableau_5_occupation_des_structures_de_s.csv
insp,059,2026-07-12,2026-07-12,admissions,province,Democratic Republic of the Congo,Ituri,Ituri,85,patients,24h,FALSE,TRUE,high,"Indicateur,Ituri,Nord-Kivu,Sud-Kivu,Ensemble
Total admissions (24 h),85,12,24,121",Institut National de Santé Publique,CC BY 4.0,data/csv/059_table_05_tableau_5_occupation_des_structures_de_s.csv
insp,059,2026-07-12,2026-07-12,admissions,province,Democratic Republic of the Congo,Nord-Kivu,Nord-Kivu,12,patients,24h,FALSE,TRUE,high,"Indicateur,Ituri,Nord-Kivu,Sud-Kivu,Ensemble
Total admissions (24 h),85,12,24,121",Institut National de Santé Publique,CC BY 4.0,data/csv/059_table_05_tableau_5_occupation_des_structures_de_s.csv
insp,059,2026-07-12,2026-07-12,admissions,province,Democratic Republic of the Congo,Sud-Kivu,Sud-Kivu,24,patients,24h,FALSE,TRUE,high,"Indicateur,Ituri,Nord-Kivu,Sud-Kivu,Ensemble
Total admissions (24 h),85,12,24,121",Institut National de Santé Publique,CC BY 4.0,data/csv/059_table_05_tableau_5_occupation_des_structures_de_s.csv
who_afro,afro-09,2026-07-12,2026-07-12,bed_occupancy_pct,national,Democratic Republic of the Congo,"","",88.3,percent,point,FALSE,TRUE,high,"Official
occupancy remained critically high at 88.3% nationally.",World Health Organization Regional Office for Africa,CC BY-NC-SA 3.0 IGO,https://iris.who.int/handle/10665/386714
insp,059,2026-07-12,2026-07-12,bed_occupancy_pct,national,Democratic Republic of the Congo,"",Ensemble,88.3,percent,point,FALSE,TRUE,low,"Indicateur,Ituri,Nord-Kivu,Sud-Kivu,Ensemble
Taux d'occupation,""82,1 %"",""117,2 %"",n.d.,""88,3 %""",Institut National de Santé Publique,CC BY 4.0,data/csv/059_table_05_tableau_5_occupation_des_structures_de_s.csv
insp,059,2026-07-12,2026-07-12,bed_occupancy_pct,province,Democratic Republic of the Congo,Ituri,Ituri,82.1,percent,point,FALSE,TRUE,low,"Indicateur,Ituri,Nord-Kivu,Sud-Kivu,Ensemble
Taux d'occupation,""82,1 %"",""117,2 %"",n.d.,""88,3 %""",Institut National de Santé Publique,CC BY 4.0,data/csv/059_table_05_tableau_5_occupation_des_structures_de_s.csv
insp,059,2026-07-12,2026-07-12,bed_occupancy_pct,province,Democratic Republic of the Congo,Nord-Kivu,Nord-Kivu,117.2,percent,point,FALSE,TRUE,low,"Indicateur,Ituri,Nord-Kivu,Sud-Kivu,Ensemble
Taux d'occupation,""82,1 %"",""117,2 %"",n.d.,""88,3 %""",Institut National de Santé Publique,CC BY 4.0,data/csv/059_table_05_tableau_5_occupation_des_structures_de_s.csv
who_afro,afro-09,2026-07-12,2026-07-12,beds_capacity,national,Democratic Republic of the Congo,"","",750,beds,point,FALSE,TRUE,high,"approximately 750 isolation and treatment beds available nationally across more 25 Ebola treatment centres
(ETCs) and care facilities.",World Health Organization Regional Office for Africa,CC BY-NC-SA 3.0 IGO,https://iris.who.int/handle/10665/386714
who_afro,afro-09,2026-07-12,2026-07-12,beds_occupied,national,Uganda,"","",1,patients,point,FALSE,TRUE,high,"Seventeen patients have recovered and been discharged from care, leaving one confirmed patient currently admitted to a treatment facility.",World Health Organization Regional Office for Africa,CC BY-NC-SA 3.0 IGO,https://iris.who.int/handle/10665/386714
insp,060,2026-07-13,2026-07-12,beds_occupied,national,Democratic Republic of the Congo,"",Ensemble,742,beds,point,FALSE,TRUE,high,"Indicateur,Ituri,Nord-Kivu,Sud-Kivu,Haut-Uélé,Ensemble
Patients au lit (J-1),538,173,30,1,742",Institut National de Santé Publique,CC BY 4.0,data/csv/060_table_06_tableau_6_occupation_des_structures_de_s.csv
insp,060,2026-07-13,2026-07-12,beds_occupied,province,Democratic Republic of the Congo,Haut-Uele,Haut-Uélé,1,beds,point,FALSE,TRUE,high,"Indicateur,Ituri,Nord-Kivu,Sud-Kivu,Haut-Uélé,Ensemble
Patients au lit (J-1),538,173,30,1,742",Institut National de Santé Publique,CC BY 4.0,data/csv/060_table_06_tableau_6_occupation_des_structures_de_s.csv
insp,060,2026-07-13,2026-07-12,beds_occupied,province,Democratic Republic of the Congo,Ituri,Ituri,538,beds,point,FALSE,TRUE,high,"Indicateur,Ituri,Nord-Kivu,Sud-Kivu,Haut-Uélé,Ensemble
Patients au lit (J-1),538,173,30,1,742",Institut National de Santé Publique,CC BY 4.0,data/csv/060_table_06_tableau_6_occupation_des_structures_de_s.csv
insp,060,2026-07-13,2026-07-12,beds_occupied,province,Democratic Republic of the Congo,Nord-Kivu,Nord-Kivu,173,beds,point,FALSE,TRUE,high,"Indicateur,Ituri,Nord-Kivu,Sud-Kivu,Haut-Uélé,Ensemble
Patients au lit (J-1),538,173,30,1,742",Institut National de Santé Publique,CC BY 4.0,data/csv/060_table_06_tableau_6_occupation_des_structures_de_s.csv
insp,060,2026-07-13,2026-07-12,beds_occupied,province,Democratic Republic of the Congo,Sud-Kivu,Sud-Kivu,30,beds,point,FALSE,TRUE,high,"Indicateur,Ituri,Nord-Kivu,Sud-Kivu,Haut-Uélé,Ensemble
Patients au lit (J-1),538,173,30,1,742",Institut National de Santé Publique,CC BY 4.0,data/csv/060_table_06_tableau_6_occupation_des_structures_de_s.csv
who_afro,afro-09,2026-07-12,2026-07-12,deaths_in_facility,national,Democratic Republic of the Congo,"","",66,patients,7d,FALSE,TRUE,high,"During the current reporting period, 205 additional confirmed deaths were reported, including
139 (67.8%) community deaths and 66 (32.2%) deaths among patients admitted to treatment facilities",World Health Organization Regional Office for Africa,CC BY-NC-SA 3.0 IGO,https://iris.who.int/handle/10665/386714
insp,059,2026-07-12,2026-07-12,deaths_in_facility,national,Democratic Republic of the Congo,"",Ensemble,18,patients,24h,FALSE,TRUE,high,"Indicateur,Ituri,Nord-Kivu,Sud-Kivu,Ensemble
Sorties — décédés,15,2,1,18",Institut National de Santé Publique,CC BY 4.0,data/csv/059_table_05_tableau_5_occupation_des_structures_de_s.csv
insp,059,2026-07-12,2026-07-12,deaths_in_facility,province,Democratic Republic of the Congo,Ituri,Ituri,15,patients,24h,FALSE,TRUE,high,"Indicateur,Ituri,Nord-Kivu,Sud-Kivu,Ensemble
Sorties — décédés,15,2,1,18",Institut National de Santé Publique,CC BY 4.0,data/csv/059_table_05_tableau_5_occupation_des_structures_de_s.csv
insp,059,2026-07-12,2026-07-12,deaths_in_facility,province,Democratic Republic of the Congo,Nord-Kivu,Nord-Kivu,2,patients,24h,FALSE,TRUE,high,"Indicateur,Ituri,Nord-Kivu,Sud-Kivu,Ensemble
Sorties — décédés,15,2,1,18",Institut National de Santé Publique,CC BY 4.0,data/csv/059_table_05_tableau_5_occupation_des_structures_de_s.csv
insp,059,2026-07-12,2026-07-12,deaths_in_facility,province,Democratic Republic of the Congo,Sud-Kivu,Sud-Kivu,1,patients,24h,FALSE,TRUE,high,"Indicateur,Ituri,Nord-Kivu,Sud-Kivu,Ensemble
Sorties — décédés,15,2,1,18",Institut National de Santé Publique,CC BY 4.0,data/csv/059_table_05_tableau_5_occupation_des_structures_de_s.csv
who_afro,afro-09,2026-07-12,2026-07-12,discharges_recovered,national,Uganda,"","",17,patients,cumulative,FALSE,TRUE,high,"Seventeen patients have recovered and been discharged from care, leaving one confirmed patient currently admitted to a treatment facility.",World Health Organization Regional Office for Africa,CC BY-NC-SA 3.0 IGO,https://iris.who.int/handle/10665/386714
who_afro,afro-09,2026-07-12,2026-07-12,discharges_recovered,national,Democratic Republic of the Congo,"","",331,patients,cumulative,FALSE,TRUE,high,"cumulative recoveries increasing from 273 on 05 July to 331
by 12 July 2026.",World Health Organization Regional Office for Africa,CC BY-NC-SA 3.0 IGO,https://iris.who.int/handle/10665/386714
insp,059,2026-07-12,2026-07-12,discharges_recovered,national,Democratic Republic of the Congo,"",Ensemble,15,patients,24h,FALSE,TRUE,high,"Indicateur,Ituri,Nord-Kivu,Sud-Kivu,Ensemble
Sorties — guéris,13,2,0,15",Institut National de Santé Publique,CC BY 4.0,data/csv/059_table_05_tableau_5_occupation_des_structures_de_s.csv
insp,059,2026-07-12,2026-07-12,discharges_recovered,province,Democratic Republic of the Congo,Ituri,Ituri,13,patients,24h,FALSE,TRUE,high,"Indicateur,Ituri,Nord-Kivu,Sud-Kivu,Ensemble
Sorties — guéris,13,2,0,15",Institut National de Santé Publique,CC BY 4.0,data/csv/059_table_05_tableau_5_occupation_des_structures_de_s.csv
insp,059,2026-07-12,2026-07-12,discharges_recovered,province,Democratic Republic of the Congo,Nord-Kivu,Nord-Kivu,2,patients,24h,FALSE,TRUE,high,"Indicateur,Ituri,Nord-Kivu,Sud-Kivu,Ensemble
Sorties — guéris,13,2,0,15",Institut National de Santé Publique,CC BY 4.0,data/csv/059_table_05_tableau_5_occupation_des_structures_de_s.csv
insp,059,2026-07-12,2026-07-12,discharges_recovered,province,Democratic Republic of the Congo,Sud-Kivu,Sud-Kivu,0,patients,24h,FALSE,TRUE,high,"Indicateur,Ituri,Nord-Kivu,Sud-Kivu,Ensemble
Sorties — guéris,13,2,0,15",Institut National de Santé Publique,CC BY 4.0,data/csv/059_table_05_tableau_5_occupation_des_structures_de_s.csv
insp,059,2026-07-12,2026-07-12,escapes,national,Democratic Republic of the Congo,"",Ensemble,9,patients,24h,FALSE,TRUE,high,"Indicateur,Ituri,Nord-Kivu,Sud-Kivu,Ensemble
Sorties — évadés,9,0,0,9",Institut National de Santé Publique,CC BY 4.0,data/csv/059_table_05_tableau_5_occupation_des_structures_de_s.csv
insp,059,2026-07-12,2026-07-12,escapes,province,Democratic Republic of the Congo,Ituri,Ituri,9,patients,24h,FALSE,TRUE,high,"Indicateur,Ituri,Nord-Kivu,Sud-Kivu,Ensemble
Sorties — évadés,9,0,0,9",Institut National de Santé Publique,CC BY 4.0,data/csv/059_table_05_tableau_5_occupation_des_structures_de_s.csv
insp,059,2026-07-12,2026-07-12,escapes,province,Democratic Republic of the Congo,Nord-Kivu,Nord-Kivu,0,patients,24h,FALSE,TRUE,high,"Indicateur,Ituri,Nord-Kivu,Sud-Kivu,Ensemble
Sorties — évadés,9,0,0,9",Institut National de Santé Publique,CC BY 4.0,data/csv/059_table_05_tableau_5_occupation_des_structures_de_s.csv
insp,059,2026-07-12,2026-07-12,escapes,province,Democratic Republic of the Congo,Sud-Kivu,Sud-Kivu,0,patients,24h,FALSE,TRUE,high,"Indicateur,Ituri,Nord-Kivu,Sud-Kivu,Ensemble
Sorties — évadés,9,0,0,9",Institut National de Santé Publique,CC BY 4.0,data/csv/059_table_05_tableau_5_occupation_des_structures_de_s.csv
who_afro,afro-09,2026-07-12,2026-07-12,facilities_operational,national,Democratic Republic of the Congo,"","",25,facilities,point,FALSE,TRUE,high,"approximately 750 isolation and treatment beds available nationally across more 25 Ebola treatment centres
(ETCs) and care facilities.",World Health Organization Regional Office for Africa,CC BY-NC-SA 3.0 IGO,https://iris.who.int/handle/10665/386714
who_afro,afro-09,2026-07-12,2026-07-12,laboratories_testing,province,Democratic Republic of the Congo,Ituri and North Kivu provinces,Ituri and North Kivu provinces,14,laboratories,point,FALSE,TRUE,high,"As of 12 July
2026, 14 diagnostic laboratories and testing units were operational across Ituri and North Kivu provinces",World Health Organization Regional Office for Africa,CC BY-NC-SA 3.0 IGO,https://iris.who.int/handle/10665/386714
who_afro,afro-09,2026-07-12,2026-07-12,patients_in_isolation,national,Democratic Republic of the Congo,"","",736,patients,point,FALSE,TRUE,high,"As of 12 July 2026, 736 patients were in isolation nationally, including 549 in Ituri, 170 in North Kivu, and 17
in South Kivu",World Health Organization Regional Office for Africa,CC BY-NC-SA 3.0 IGO,https://iris.who.int/handle/10665/386714
insp,059,2026-07-12,2026-07-12,patients_in_isolation,national,Democratic Republic of the Congo,"",Ensemble,736,patients,point,FALSE,TRUE,high,"Indicateur,Ituri,Nord-Kivu,Sud-Kivu,Ensemble
Patients en isolement (fin J),549,170,17,736",Institut National de Santé Publique,CC BY 4.0,data/csv/059_table_05_tableau_5_occupation_des_structures_de_s.csv
who_afro,afro-09,2026-07-12,2026-07-12,patients_in_isolation,province,Democratic Republic of the Congo,Ituri,Ituri,549,patients,point,FALSE,TRUE,high,"As of 12 July 2026, 736 patients were in isolation nationally, including 549 in Ituri, 170 in North Kivu, and 17
in South Kivu",World Health Organization Regional Office for Africa,CC BY-NC-SA 3.0 IGO,https://iris.who.int/handle/10665/386714
insp,059,2026-07-12,2026-07-12,patients_in_isolation,province,Democratic Republic of the Congo,Ituri,Ituri,549,patients,point,FALSE,TRUE,high,"Indicateur,Ituri,Nord-Kivu,Sud-Kivu,Ensemble
Patients en isolement (fin J),549,170,17,736",Institut National de Santé Publique,CC BY 4.0,data/csv/059_table_05_tableau_5_occupation_des_structures_de_s.csv
who_afro,afro-09,2026-07-12,2026-07-12,patients_in_isolation,province,Democratic Republic of the Congo,Nord-Kivu,North Kivu,170,patients,point,FALSE,TRUE,high,"As of 12 July 2026, 736 patients were in isolation nationally, including 549 in Ituri, 170 in North Kivu, and 17
in South Kivu",World Health Organization Regional Office for Africa,CC BY-NC-SA 3.0 IGO,https://iris.who.int/handle/10665/386714
insp,059,2026-07-12,2026-07-12,patients_in_isolation,province,Democratic Republic of the Congo,Nord-Kivu,Nord-Kivu,170,patients,point,FALSE,TRUE,high,"Indicateur,Ituri,Nord-Kivu,Sud-Kivu,Ensemble
Patients en isolement (fin J),549,170,17,736",Institut National de Santé Publique,CC BY 4.0,data/csv/059_table_05_tableau_5_occupation_des_structures_de_s.csv
who_afro,afro-09,2026-07-12,2026-07-12,patients_in_isolation,province,Democratic Republic of the Congo,Sud-Kivu,South Kivu,17,patients,point,FALSE,TRUE,high,"As of 12 July 2026, 736 patients were in isolation nationally, including 549 in Ituri, 170 in North Kivu, and 17
in South Kivu",World Health Organization Regional Office for Africa,CC BY-NC-SA 3.0 IGO,https://iris.who.int/handle/10665/386714
insp,059,2026-07-12,2026-07-12,patients_in_isolation,province,Democratic Republic of the Congo,Sud-Kivu,Sud-Kivu,17,patients,point,FALSE,TRUE,high,"Indicateur,Ituri,Nord-Kivu,Sud-Kivu,Ensemble
Patients en isolement (fin J),549,170,17,736",Institut National de Santé Publique,CC BY 4.0,data/csv/059_table_05_tableau_5_occupation_des_structures_de_s.csv
insp,060,2026-07-13,2026-07-13,admissions,national,Democratic Republic of the Congo,"",Ensemble,103,patients,24h,FALSE,TRUE,high,"Indicateur,Ituri,Nord-Kivu,Sud-Kivu,Haut-Uélé,Ensemble
Total admissions (24 h),85,12,4,2,103",Institut National de Santé Publique,CC BY 4.0,data/csv/060_table_06_tableau_6_occupation_des_structures_de_s.csv
insp,060,2026-07-13,2026-07-13,admissions,province,Democratic Republic of the Congo,Haut-Uele,Haut-Uélé,2,patients,24h,FALSE,TRUE,high,"Indicateur,Ituri,Nord-Kivu,Sud-Kivu,Haut-Uélé,Ensemble
Total admissions (24 h),85,12,4,2,103",Institut National de Santé Publique,CC BY 4.0,data/csv/060_table_06_tableau_6_occupation_des_structures_de_s.csv
insp,060,2026-07-13,2026-07-13,admissions,province,Democratic Republic of the Congo,Ituri,Ituri,85,patients,24h,FALSE,TRUE,high,"Indicateur,Ituri,Nord-Kivu,Sud-Kivu,Haut-Uélé,Ensemble
Total admissions (24 h),85,12,4,2,103",Institut National de Santé Publique,CC BY 4.0,data/csv/060_table_06_tableau_6_occupation_des_structures_de_s.csv
insp,060,2026-07-13,2026-07-13,admissions,province,Democratic Republic of the Congo,Nord-Kivu,Nord-Kivu,12,patients,24h,FALSE,TRUE,high,"Indicateur,Ituri,Nord-Kivu,Sud-Kivu,Haut-Uélé,Ensemble
Total admissions (24 h),85,12,4,2,103",Institut National de Santé Publique,CC BY 4.0,data/csv/060_table_06_tableau_6_occupation_des_structures_de_s.csv
insp,060,2026-07-13,2026-07-13,admissions,province,Democratic Republic of the Congo,Sud-Kivu,Sud-Kivu,4,patients,24h,FALSE,TRUE,high,"Indicateur,Ituri,Nord-Kivu,Sud-Kivu,Haut-Uélé,Ensemble
Total admissions (24 h),85,12,4,2,103",Institut National de Santé Publique,CC BY 4.0,data/csv/060_table_06_tableau_6_occupation_des_structures_de_s.csv
insp,060,2026-07-13,2026-07-13,bed_occupancy_pct,national,Democratic Republic of the Congo,"",Ensemble,87.4,percent,point,FALSE,TRUE,low,"Indicateur,Ituri,Nord-Kivu,Sud-Kivu,Haut-Uélé,Ensemble
Taux d'occupation,""82,7 %"",""120,6 %"",""60,0 %"",100 %,""87,4 %""",Institut National de Santé Publique,CC BY 4.0,data/csv/060_table_06_tableau_6_occupation_des_structures_de_s.csv
insp,060,2026-07-13,2026-07-13,bed_occupancy_pct,province,Democratic Republic of the Congo,Haut-Uele,Haut-Uélé,100,percent,point,FALSE,TRUE,high,"Indicateur,Ituri,Nord-Kivu,Sud-Kivu,Haut-Uélé,Ensemble
Taux d'occupation,""82,7 %"",""120,6 %"",""60,0 %"",100 %,""87,4 %""",Institut National de Santé Publique,CC BY 4.0,data/csv/060_table_06_tableau_6_occupation_des_structures_de_s.csv
insp,060,2026-07-13,2026-07-13,bed_occupancy_pct,province,Democratic Republic of the Congo,Ituri,Ituri,82.7,percent,point,FALSE,TRUE,low,"Indicateur,Ituri,Nord-Kivu,Sud-Kivu,Haut-Uélé,Ensemble
Taux d'occupation,""82,7 %"",""120,6 %"",""60,0 %"",100 %,""87,4 %""",Institut National de Santé Publique,CC BY 4.0,data/csv/060_table_06_tableau_6_occupation_des_structures_de_s.csv
insp,060,2026-07-13,2026-07-13,bed_occupancy_pct,province,Democratic Republic of the Congo,Nord-Kivu,Nord-Kivu,120.6,percent,point,FALSE,TRUE,low,"Indicateur,Ituri,Nord-Kivu,Sud-Kivu,Haut-Uélé,Ensemble
Taux d'occupation,""82,7 %"",""120,6 %"",""60,0 %"",100 %,""87,4 %""",Institut National de Santé Publique,CC BY 4.0,data/csv/060_table_06_tableau_6_occupation_des_structures_de_s.csv
insp,060,2026-07-13,2026-07-13,bed_occupancy_pct,province,Democratic Republic of the Congo,Sud-Kivu,Sud-Kivu,60,percent,point,FALSE,TRUE,low,"Indicateur,Ituri,Nord-Kivu,Sud-Kivu,Haut-Uélé,Ensemble
Taux d'occupation,""82,7 %"",""120,6 %"",""60,0 %"",100 %,""87,4 %""",Institut National de Santé Publique,CC BY 4.0,data/csv/060_table_06_tableau_6_occupation_des_structures_de_s.csv
insp,061,2026-07-14,2026-07-13,beds_occupied,national,Democratic Republic of the Congo,"",Ensemble,694,beds,point,FALSE,TRUE,high,"Indicateur,Ituri,Nord-Kivu,Tshopo,Ensemble
Patients au lit (J-1),541,149,4,694",Institut National de Santé Publique,CC BY 4.0,data/csv/061_table_06_tableau_6_occupation_des_structures_de_s.csv
insp,061,2026-07-14,2026-07-13,beds_occupied,province,Democratic Republic of the Congo,Ituri,Ituri,541,beds,point,FALSE,TRUE,high,"Indicateur,Ituri,Nord-Kivu,Tshopo,Ensemble
Patients au lit (J-1),541,149,4,694",Institut National de Santé Publique,CC BY 4.0,data/csv/061_table_06_tableau_6_occupation_des_structures_de_s.csv
insp,061,2026-07-14,2026-07-13,beds_occupied,province,Democratic Republic of the Congo,Nord-Kivu,Nord-Kivu,149,beds,point,FALSE,TRUE,high,"Indicateur,Ituri,Nord-Kivu,Tshopo,Ensemble
Patients au lit (J-1),541,149,4,694",Institut National de Santé Publique,CC BY 4.0,data/csv/061_table_06_tableau_6_occupation_des_structures_de_s.csv
insp,061,2026-07-14,2026-07-13,beds_occupied,province,Democratic Republic of the Congo,Tshopo,Tshopo,4,beds,point,FALSE,TRUE,high,"Indicateur,Ituri,Nord-Kivu,Tshopo,Ensemble
Patients au lit (J-1),541,149,4,694",Institut National de Santé Publique,CC BY 4.0,data/csv/061_table_06_tableau_6_occupation_des_structures_de_s.csv
insp,060,2026-07-13,2026-07-13,deaths_in_facility,national,Democratic Republic of the Congo,"",Ensemble,18,patients,24h,FALSE,TRUE,high,"Indicateur,Ituri,Nord-Kivu,Sud-Kivu,Haut-Uélé,Ensemble
Sorties décédés,15,2,1,0,18",Institut National de Santé Publique,CC BY 4.0,data/csv/060_table_06_tableau_6_occupation_des_structures_de_s.csv
insp,060,2026-07-13,2026-07-13,deaths_in_facility,province,Democratic Republic of the Congo,Haut-Uele,Haut-Uélé,0,patients,24h,FALSE,TRUE,high,"Indicateur,Ituri,Nord-Kivu,Sud-Kivu,Haut-Uélé,Ensemble
Sorties décédés,15,2,1,0,18",Institut National de Santé Publique,CC BY 4.0,data/csv/060_table_06_tableau_6_occupation_des_structures_de_s.csv
insp,060,2026-07-13,2026-07-13,deaths_in_facility,province,Democratic Republic of the Congo,Ituri,Ituri,15,patients,24h,FALSE,TRUE,high,"Indicateur,Ituri,Nord-Kivu,Sud-Kivu,Haut-Uélé,Ensemble
Sorties décédés,15,2,1,0,18",Institut National de Santé Publique,CC BY 4.0,data/csv/060_table_06_tableau_6_occupation_des_structures_de_s.csv
insp,060,2026-07-13,2026-07-13,deaths_in_facility,province,Democratic Republic of the Congo,Nord-Kivu,Nord-Kivu,2,patients,24h,FALSE,TRUE,high,"Indicateur,Ituri,Nord-Kivu,Sud-Kivu,Haut-Uélé,Ensemble
Sorties décédés,15,2,1,0,18",Institut National de Santé Publique,CC BY 4.0,data/csv/060_table_06_tableau_6_occupation_des_structures_de_s.csv
insp,060,2026-07-13,2026-07-13,deaths_in_facility,province,Democratic Republic of the Congo,Sud-Kivu,Sud-Kivu,1,patients,24h,FALSE,TRUE,high,"Indicateur,Ituri,Nord-Kivu,Sud-Kivu,Haut-Uélé,Ensemble
Sorties décédés,15,2,1,0,18",Institut National de Santé Publique,CC BY 4.0,data/csv/060_table_06_tableau_6_occupation_des_structures_de_s.csv
insp,060,2026-07-13,2026-07-13,discharges_recovered,national,Democratic Republic of the Congo,"",Ensemble,15,patients,24h,FALSE,TRUE,high,"Indicateur,Ituri,Nord-Kivu,Sud-Kivu,Haut-Uélé,Ensemble
Sorties Guéris,13,2,0,0,15",Institut National de Santé Publique,CC BY 4.0,data/csv/060_table_06_tableau_6_occupation_des_structures_de_s.csv
insp,060,2026-07-13,2026-07-13,discharges_recovered,province,Democratic Republic of the Congo,Haut-Uele,Haut-Uélé,0,patients,24h,FALSE,TRUE,high,"Indicateur,Ituri,Nord-Kivu,Sud-Kivu,Haut-Uélé,Ensemble
Sorties Guéris,13,2,0,0,15",Institut National de Santé Publique,CC BY 4.0,data/csv/060_table_06_tableau_6_occupation_des_structures_de_s.csv
insp,060,2026-07-13,2026-07-13,discharges_recovered,province,Democratic Republic of the Congo,Ituri,Ituri,13,patients,24h,FALSE,TRUE,high,"Indicateur,Ituri,Nord-Kivu,Sud-Kivu,Haut-Uélé,Ensemble
Sorties Guéris,13,2,0,0,15",Institut National de Santé Publique,CC BY 4.0,data/csv/060_table_06_tableau_6_occupation_des_structures_de_s.csv
insp,060,2026-07-13,2026-07-13,discharges_recovered,province,Democratic Republic of the Congo,Nord-Kivu,Nord-Kivu,2,patients,24h,FALSE,TRUE,high,"Indicateur,Ituri,Nord-Kivu,Sud-Kivu,Haut-Uélé,Ensemble
Sorties Guéris,13,2,0,0,15",Institut National de Santé Publique,CC BY 4.0,data/csv/060_table_06_tableau_6_occupation_des_structures_de_s.csv
insp,060,2026-07-13,2026-07-13,discharges_recovered,province,Democratic Republic of the Congo,Sud-Kivu,Sud-Kivu,0,patients,24h,FALSE,TRUE,high,"Indicateur,Ituri,Nord-Kivu,Sud-Kivu,Haut-Uélé,Ensemble
Sorties Guéris,13,2,0,0,15",Institut National de Santé Publique,CC BY 4.0,data/csv/060_table_06_tableau_6_occupation_des_structures_de_s.csv
insp,060,2026-07-13,2026-07-13,escapes,national,Democratic Republic of the Congo,"",Ensemble,9,patients,24h,FALSE,TRUE,high,"Indicateur,Ituri,Nord-Kivu,Sud-Kivu,Haut-Uélé,Ensemble
Sorties Evadés,9,0,0,0,9",Institut National de Santé Publique,CC BY 4.0,data/csv/060_table_06_tableau_6_occupation_des_structures_de_s.csv
insp,060,2026-07-13,2026-07-13,escapes,province,Democratic Republic of the Congo,Haut-Uele,Haut-Uélé,0,patients,24h,FALSE,TRUE,high,"Indicateur,Ituri,Nord-Kivu,Sud-Kivu,Haut-Uélé,Ensemble
Sorties Evadés,9,0,0,0,9",Institut National de Santé Publique,CC BY 4.0,data/csv/060_table_06_tableau_6_occupation_des_structures_de_s.csv
insp,060,2026-07-13,2026-07-13,escapes,province,Democratic Republic of the Congo,Ituri,Ituri,9,patients,24h,FALSE,TRUE,high,"Indicateur,Ituri,Nord-Kivu,Sud-Kivu,Haut-Uélé,Ensemble
Sorties Evadés,9,0,0,0,9",Institut National de Santé Publique,CC BY 4.0,data/csv/060_table_06_tableau_6_occupation_des_structures_de_s.csv
insp,060,2026-07-13,2026-07-13,escapes,province,Democratic Republic of the Congo,Nord-Kivu,Nord-Kivu,0,patients,24h,FALSE,TRUE,high,"Indicateur,Ituri,Nord-Kivu,Sud-Kivu,Haut-Uélé,Ensemble
Sorties Evadés,9,0,0,0,9",Institut National de Santé Publique,CC BY 4.0,data/csv/060_table_06_tableau_6_occupation_des_structures_de_s.csv
insp,060,2026-07-13,2026-07-13,escapes,province,Democratic Republic of the Congo,Sud-Kivu,Sud-Kivu,0,patients,24h,FALSE,TRUE,high,"Indicateur,Ituri,Nord-Kivu,Sud-Kivu,Haut-Uélé,Ensemble
Sorties Evadés,9,0,0,0,9",Institut National de Santé Publique,CC BY 4.0,data/csv/060_table_06_tableau_6_occupation_des_structures_de_s.csv
insp,060,2026-07-13,2026-07-13,patients_in_isolation,national,Democratic Republic of the Congo,"",Ensemble,753,patients,point,FALSE,TRUE,high,"Indicateur,Ituri,Nord-Kivu,Sud-Kivu,Haut-Uélé,Ensemble
Patients en isolement (fin J),553,170,27,3,753",Institut National de Santé Publique,CC BY 4.0,data/csv/060_table_06_tableau_6_occupation_des_structures_de_s.csv
insp,060,2026-07-13,2026-07-13,patients_in_isolation,province,Democratic Republic of the Congo,Haut-Uele,Haut-Uélé,3,patients,point,FALSE,TRUE,high,"Indicateur,Ituri,Nord-Kivu,Sud-Kivu,Haut-Uélé,Ensemble
Patients en isolement (fin J),553,170,27,3,753",Institut National de Santé Publique,CC BY 4.0,data/csv/060_table_06_tableau_6_occupation_des_structures_de_s.csv
insp,060,2026-07-13,2026-07-13,patients_in_isolation,province,Democratic Republic of the Congo,Ituri,Ituri,553,patients,point,FALSE,TRUE,high,"Indicateur,Ituri,Nord-Kivu,Sud-Kivu,Haut-Uélé,Ensemble
Patients en isolement (fin J),553,170,27,3,753",Institut National de Santé Publique,CC BY 4.0,data/csv/060_table_06_tableau_6_occupation_des_structures_de_s.csv
insp,060,2026-07-13,2026-07-13,patients_in_isolation,province,Democratic Republic of the Congo,Nord-Kivu,Nord-Kivu,170,patients,point,FALSE,TRUE,high,"Indicateur,Ituri,Nord-Kivu,Sud-Kivu,Haut-Uélé,Ensemble
Patients en isolement (fin J),553,170,27,3,753",Institut National de Santé Publique,CC BY 4.0,data/csv/060_table_06_tableau_6_occupation_des_structures_de_s.csv
insp,060,2026-07-13,2026-07-13,patients_in_isolation,province,Democratic Republic of the Congo,Sud-Kivu,Sud-Kivu,27,patients,point,FALSE,TRUE,high,"Indicateur,Ituri,Nord-Kivu,Sud-Kivu,Haut-Uélé,Ensemble
Patients en isolement (fin J),553,170,27,3,753",Institut National de Santé Publique,CC BY 4.0,data/csv/060_table_06_tableau_6_occupation_des_structures_de_s.csv
insp,061,2026-07-14,2026-07-14,admissions,national,Democratic Republic of the Congo,"",Ensemble,133,patients,24h,FALSE,TRUE,high,"Indicateur,Ituri,Nord-Kivu,Tshopo,Ensemble
Total admissions (24 h),80,52,1,133",Institut National de Santé Publique,CC BY 4.0,data/csv/061_table_06_tableau_6_occupation_des_structures_de_s.csv
insp,061,2026-07-14,2026-07-14,admissions,province,Democratic Republic of the Congo,Ituri,Ituri,80,patients,24h,FALSE,TRUE,high,"Indicateur,Ituri,Nord-Kivu,Tshopo,Ensemble
Total admissions (24 h),80,52,1,133",Institut National de Santé Publique,CC BY 4.0,data/csv/061_table_06_tableau_6_occupation_des_structures_de_s.csv
insp,061,2026-07-14,2026-07-14,admissions,province,Democratic Republic of the Congo,Nord-Kivu,Nord-Kivu,52,patients,24h,FALSE,TRUE,high,"Indicateur,Ituri,Nord-Kivu,Tshopo,Ensemble
Total admissions (24 h),80,52,1,133",Institut National de Santé Publique,CC BY 4.0,data/csv/061_table_06_tableau_6_occupation_des_structures_de_s.csv
insp,061,2026-07-14,2026-07-14,admissions,province,Democratic Republic of the Congo,Tshopo,Tshopo,1,patients,24h,FALSE,TRUE,high,"Indicateur,Ituri,Nord-Kivu,Tshopo,Ensemble
Total admissions (24 h),80,52,1,133",Institut National de Santé Publique,CC BY 4.0,data/csv/061_table_06_tableau_6_occupation_des_structures_de_s.csv
insp,061,2026-07-14,2026-07-14,bed_occupancy_pct,national,Democratic Republic of the Congo,"",Ensemble,87.4,percent,point,FALSE,TRUE,low,"Indicateur,Ituri,Nord-Kivu,Tshopo,Ensemble
Taux d'occupation,78 %,""129,6 %"",""60,0 %"",""87,4 %""",Institut National de Santé Publique,CC BY 4.0,data/csv/061_table_06_tableau_6_occupation_des_structures_de_s.csv
insp,061,2026-07-14,2026-07-14,bed_occupancy_pct,province,Democratic Republic of the Congo,Ituri,Ituri,78,percent,point,FALSE,TRUE,high,"Indicateur,Ituri,Nord-Kivu,Tshopo,Ensemble
Taux d'occupation,78 %,""129,6 %"",""60,0 %"",""87,4 %""",Institut National de Santé Publique,CC BY 4.0,data/csv/061_table_06_tableau_6_occupation_des_structures_de_s.csv
insp,061,2026-07-14,2026-07-14,bed_occupancy_pct,province,Democratic Republic of the Congo,Nord-Kivu,Nord-Kivu,129.6,percent,point,FALSE,TRUE,low,"Indicateur,Ituri,Nord-Kivu,Tshopo,Ensemble
Taux d'occupation,78 %,""129,6 %"",""60,0 %"",""87,4 %""",Institut National de Santé Publique,CC BY 4.0,data/csv/061_table_06_tableau_6_occupation_des_structures_de_s.csv
insp,061,2026-07-14,2026-07-14,bed_occupancy_pct,province,Democratic Republic of the Congo,Tshopo,Tshopo,60,percent,point,FALSE,TRUE,low,"Indicateur,Ituri,Nord-Kivu,Tshopo,Ensemble
Taux d'occupation,78 %,""129,6 %"",""60,0 %"",""87,4 %""",Institut National de Santé Publique,CC BY 4.0,data/csv/061_table_06_tableau_6_occupation_des_structures_de_s.csv
insp,062,2026-07-15,2026-07-14,beds_occupied,national,Democratic Republic of the Congo,"",Ensemble,718,beds,point,FALSE,TRUE,high,"Indicateur,Ituri,Nord-Kivu,Tshopo,Ensemble
Patients au lit (J-1),544,170,4,718",Institut National de Santé Publique,CC BY 4.0,data/csv/062_table_06_tableau_6_occupation_des_structures_de_s.csv
insp,062,2026-07-15,2026-07-14,beds_occupied,province,Democratic Republic of the Congo,Ituri,Ituri,544,beds,point,FALSE,TRUE,high,"Indicateur,Ituri,Nord-Kivu,Tshopo,Ensemble
Patients au lit (J-1),544,170,4,718",Institut National de Santé Publique,CC BY 4.0,data/csv/062_table_06_tableau_6_occupation_des_structures_de_s.csv
insp,062,2026-07-15,2026-07-14,beds_occupied,province,Democratic Republic of the Congo,Nord-Kivu,Nord-Kivu,170,beds,point,FALSE,TRUE,high,"Indicateur,Ituri,Nord-Kivu,Tshopo,Ensemble
Patients au lit (J-1),544,170,4,718",Institut National de Santé Publique,CC BY 4.0,data/csv/062_table_06_tableau_6_occupation_des_structures_de_s.csv
insp,062,2026-07-15,2026-07-14,beds_occupied,province,Democratic Republic of the Congo,Tshopo,Tshopo,4,beds,point,FALSE,TRUE,high,"Indicateur,Ituri,Nord-Kivu,Tshopo,Ensemble
Patients au lit (J-1),544,170,4,718",Institut National de Santé Publique,CC BY 4.0,data/csv/062_table_06_tableau_6_occupation_des_structures_de_s.csv
insp,061,2026-07-14,2026-07-14,deaths_in_facility,national,Democratic Republic of the Congo,"",Ensemble,19,patients,24h,FALSE,TRUE,high,"Indicateur,Ituri,Nord-Kivu,Tshopo,Ensemble
Sorties décédés,18,1,0,19",Institut National de Santé Publique,CC BY 4.0,data/csv/061_table_06_tableau_6_occupation_des_structures_de_s.csv
insp,061,2026-07-14,2026-07-14,deaths_in_facility,province,Democratic Republic of the Congo,Ituri,Ituri,18,patients,24h,FALSE,TRUE,high,"Indicateur,Ituri,Nord-Kivu,Tshopo,Ensemble
Sorties décédés,18,1,0,19",Institut National de Santé Publique,CC BY 4.0,data/csv/061_table_06_tableau_6_occupation_des_structures_de_s.csv
insp,061,2026-07-14,2026-07-14,deaths_in_facility,province,Democratic Republic of the Congo,Nord-Kivu,Nord-Kivu,1,patients,24h,FALSE,TRUE,high,"Indicateur,Ituri,Nord-Kivu,Tshopo,Ensemble
Sorties décédés,18,1,0,19",Institut National de Santé Publique,CC BY 4.0,data/csv/061_table_06_tableau_6_occupation_des_structures_de_s.csv
insp,061,2026-07-14,2026-07-14,deaths_in_facility,province,Democratic Republic of the Congo,Tshopo,Tshopo,0,patients,24h,FALSE,TRUE,high,"Indicateur,Ituri,Nord-Kivu,Tshopo,Ensemble
Sorties décédés,18,1,0,19",Institut National de Santé Publique,CC BY 4.0,data/csv/061_table_06_tableau_6_occupation_des_structures_de_s.csv
insp,061,2026-07-14,2026-07-14,discharges_recovered,national,Democratic Republic of the Congo,"",Ensemble,15,patients,24h,FALSE,TRUE,high,"Indicateur,Ituri,Nord-Kivu,Tshopo,Ensemble
Sorties Guéris,13,2,0,15",Institut National de Santé Publique,CC BY 4.0,data/csv/061_table_06_tableau_6_occupation_des_structures_de_s.csv
insp,061,2026-07-14,2026-07-14,discharges_recovered,province,Democratic Republic of the Congo,Ituri,Ituri,13,patients,24h,FALSE,TRUE,high,"Indicateur,Ituri,Nord-Kivu,Tshopo,Ensemble
Sorties Guéris,13,2,0,15",Institut National de Santé Publique,CC BY 4.0,data/csv/061_table_06_tableau_6_occupation_des_structures_de_s.csv
insp,061,2026-07-14,2026-07-14,discharges_recovered,province,Democratic Republic of the Congo,Nord-Kivu,Nord-Kivu,2,patients,24h,FALSE,TRUE,high,"Indicateur,Ituri,Nord-Kivu,Tshopo,Ensemble
Sorties Guéris,13,2,0,15",Institut National de Santé Publique,CC BY 4.0,data/csv/061_table_06_tableau_6_occupation_des_structures_de_s.csv
insp,061,2026-07-14,2026-07-14,discharges_recovered,province,Democratic Republic of the Congo,Tshopo,Tshopo,0,patients,24h,FALSE,TRUE,high,"Indicateur,Ituri,Nord-Kivu,Tshopo,Ensemble
Sorties Guéris,13,2,0,15",Institut National de Santé Publique,CC BY 4.0,data/csv/061_table_06_tableau_6_occupation_des_structures_de_s.csv
insp,061,2026-07-14,2026-07-14,escapes,national,Democratic Republic of the Congo,"",Ensemble,12,patients,24h,FALSE,TRUE,high,"Indicateur,Ituri,Nord-Kivu,Tshopo,Ensemble
Sorties Evadés,12,0,0,12",Institut National de Santé Publique,CC BY 4.0,data/csv/061_table_06_tableau_6_occupation_des_structures_de_s.csv
insp,061,2026-07-14,2026-07-14,escapes,province,Democratic Republic of the Congo,Ituri,Ituri,12,patients,24h,FALSE,TRUE,high,"Indicateur,Ituri,Nord-Kivu,Tshopo,Ensemble
Sorties Evadés,12,0,0,12",Institut National de Santé Publique,CC BY 4.0,data/csv/061_table_06_tableau_6_occupation_des_structures_de_s.csv
insp,061,2026-07-14,2026-07-14,escapes,province,Democratic Republic of the Congo,Nord-Kivu,Nord-Kivu,0,patients,24h,FALSE,TRUE,high,"Indicateur,Ituri,Nord-Kivu,Tshopo,Ensemble
Sorties Evadés,12,0,0,12",Institut National de Santé Publique,CC BY 4.0,data/csv/061_table_06_tableau_6_occupation_des_structures_de_s.csv
insp,061,2026-07-14,2026-07-14,escapes,province,Democratic Republic of the Congo,Tshopo,Tshopo,0,patients,24h,FALSE,TRUE,high,"Indicateur,Ituri,Nord-Kivu,Tshopo,Ensemble
Sorties Evadés,12,0,0,12",Institut National de Santé Publique,CC BY 4.0,data/csv/061_table_06_tableau_6_occupation_des_structures_de_s.csv
insp,061,2026-07-14,2026-07-14,patients_in_isolation,national,Democratic Republic of the Congo,"",Ensemble,736,patients,point,FALSE,TRUE,high,"Indicateur,Ituri,Nord-Kivu,Tshopo,Ensemble
Patients en isolement (fin J),544,188,4,736",Institut National de Santé Publique,CC BY 4.0,data/csv/061_table_06_tableau_6_occupation_des_structures_de_s.csv
insp,061,2026-07-14,2026-07-14,patients_in_isolation,province,Democratic Republic of the Congo,Ituri,Ituri,544,patients,point,FALSE,TRUE,high,"Indicateur,Ituri,Nord-Kivu,Tshopo,Ensemble
Patients en isolement (fin J),544,188,4,736",Institut National de Santé Publique,CC BY 4.0,data/csv/061_table_06_tableau_6_occupation_des_structures_de_s.csv
insp,061,2026-07-14,2026-07-14,patients_in_isolation,province,Democratic Republic of the Congo,Nord-Kivu,Nord-Kivu,188,patients,point,FALSE,TRUE,high,"Indicateur,Ituri,Nord-Kivu,Tshopo,Ensemble
Patients en isolement (fin J),544,188,4,736",Institut National de Santé Publique,CC BY 4.0,data/csv/061_table_06_tableau_6_occupation_des_structures_de_s.csv
insp,061,2026-07-14,2026-07-14,patients_in_isolation,province,Democratic Republic of the Congo,Tshopo,Tshopo,4,patients,point,FALSE,TRUE,high,"Indicateur,Ituri,Nord-Kivu,Tshopo,Ensemble
Patients en isolement (fin J),544,188,4,736",Institut National de Santé Publique,CC BY 4.0,data/csv/061_table_06_tableau_6_occupation_des_structures_de_s.csv
insp,062,2026-07-15,2026-07-15,admissions,national,Democratic Republic of the Congo,"",Ensemble,124,patients,24h,FALSE,TRUE,high,"Indicateur,Ituri,Nord-Kivu,Tshopo,Ensemble
Total admissions (24 h),84,39,1,124",Institut National de Santé Publique,CC BY 4.0,data/csv/062_table_06_tableau_6_occupation_des_structures_de_s.csv
insp,062,2026-07-15,2026-07-15,admissions,province,Democratic Republic of the Congo,Ituri,Ituri,84,patients,24h,FALSE,TRUE,high,"Indicateur,Ituri,Nord-Kivu,Tshopo,Ensemble
Total admissions (24 h),84,39,1,124",Institut National de Santé Publique,CC BY 4.0,data/csv/062_table_06_tableau_6_occupation_des_structures_de_s.csv
insp,062,2026-07-15,2026-07-15,admissions,province,Democratic Republic of the Congo,Nord-Kivu,Nord-Kivu,39,patients,24h,FALSE,TRUE,high,"Indicateur,Ituri,Nord-Kivu,Tshopo,Ensemble
Total admissions (24 h),84,39,1,124",Institut National de Santé Publique,CC BY 4.0,data/csv/062_table_06_tableau_6_occupation_des_structures_de_s.csv
insp,062,2026-07-15,2026-07-15,admissions,province,Democratic Republic of the Congo,Tshopo,Tshopo,1,patients,24h,FALSE,TRUE,high,"Indicateur,Ituri,Nord-Kivu,Tshopo,Ensemble
Total admissions (24 h),84,39,1,124",Institut National de Santé Publique,CC BY 4.0,data/csv/062_table_06_tableau_6_occupation_des_structures_de_s.csv
insp,062,2026-07-15,2026-07-15,bed_occupancy_pct,national,Democratic Republic of the Congo,"",Ensemble,85.6,percent,point,FALSE,TRUE,low,"Indicateur,Ituri,Nord-Kivu,Tshopo,Ensemble
Taux d'occupation,79 %,""118,8%"",""41,7 %"",""85,6%""",Institut National de Santé Publique,CC BY 4.0,data/csv/062_table_06_tableau_6_occupation_des_structures_de_s.csv
insp,062,2026-07-15,2026-07-15,bed_occupancy_pct,province,Democratic Republic of the Congo,Ituri,Ituri,79,percent,point,FALSE,TRUE,high,"Indicateur,Ituri,Nord-Kivu,Tshopo,Ensemble
Taux d'occupation,79 %,""118,8%"",""41,7 %"",""85,6%""",Institut National de Santé Publique,CC BY 4.0,data/csv/062_table_06_tableau_6_occupation_des_structures_de_s.csv
insp,062,2026-07-15,2026-07-15,bed_occupancy_pct,province,Democratic Republic of the Congo,Nord-Kivu,Nord-Kivu,118.8,percent,point,FALSE,TRUE,low,"Indicateur,Ituri,Nord-Kivu,Tshopo,Ensemble
Taux d'occupation,79 %,""118,8%"",""41,7 %"",""85,6%""",Institut National de Santé Publique,CC BY 4.0,data/csv/062_table_06_tableau_6_occupation_des_structures_de_s.csv
insp,062,2026-07-15,2026-07-15,bed_occupancy_pct,province,Democratic Republic of the Congo,Tshopo,Tshopo,41.7,percent,point,FALSE,TRUE,low,"Indicateur,Ituri,Nord-Kivu,Tshopo,Ensemble
Taux d'occupation,79 %,""118,8%"",""41,7 %"",""85,6%""",Institut National de Santé Publique,CC BY 4.0,data/csv/062_table_06_tableau_6_occupation_des_structures_de_s.csv
insp,062,2026-07-15,2026-07-15,beds_capacity,national,Democratic Republic of the Congo,"",Ensemble,846,beds,point,FALSE,TRUE,high,"Indicateur,Ituri,Nord-Kivu,Tshopo,Ensemble
Nombre de lits,693,141,12,846",Institut National de Santé Publique,CC BY 4.0,data/csv/062_table_06_tableau_6_occupation_des_structures_de_s.csv
insp,062,2026-07-15,2026-07-15,beds_capacity,province,Democratic Republic of the Congo,Ituri,Ituri,693,beds,point,FALSE,TRUE,high,"Indicateur,Ituri,Nord-Kivu,Tshopo,Ensemble
Nombre de lits,693,141,12,846",Institut National de Santé Publique,CC BY 4.0,data/csv/062_table_06_tableau_6_occupation_des_structures_de_s.csv
insp,062,2026-07-15,2026-07-15,beds_capacity,province,Democratic Republic of the Congo,Nord-Kivu,Nord-Kivu,141,beds,point,FALSE,TRUE,high,"Indicateur,Ituri,Nord-Kivu,Tshopo,Ensemble
Nombre de lits,693,141,12,846",Institut National de Santé Publique,CC BY 4.0,data/csv/062_table_06_tableau_6_occupation_des_structures_de_s.csv
insp,062,2026-07-15,2026-07-15,beds_capacity,province,Democratic Republic of the Congo,Tshopo,Tshopo,12,beds,point,FALSE,TRUE,high,"Indicateur,Ituri,Nord-Kivu,Tshopo,Ensemble
Nombre de lits,693,141,12,846",Institut National de Santé Publique,CC BY 4.0,data/csv/062_table_06_tableau_6_occupation_des_structures_de_s.csv
insp,062,2026-07-15,2026-07-15,deaths_in_facility,national,Democratic Republic of the Congo,"",Ensemble,14,patients,24h,FALSE,TRUE,high,"Indicateur,Ituri,Nord-Kivu,Tshopo,Ensemble
Sorties décédés,14,0,0,14",Institut National de Santé Publique,CC BY 4.0,data/csv/062_table_06_tableau_6_occupation_des_structures_de_s.csv
insp,062,2026-07-15,2026-07-15,deaths_in_facility,province,Democratic Republic of the Congo,Ituri,Ituri,14,patients,24h,FALSE,TRUE,high,"Indicateur,Ituri,Nord-Kivu,Tshopo,Ensemble
Sorties décédés,14,0,0,14",Institut National de Santé Publique,CC BY 4.0,data/csv/062_table_06_tableau_6_occupation_des_structures_de_s.csv
insp,062,2026-07-15,2026-07-15,deaths_in_facility,province,Democratic Republic of the Congo,Nord-Kivu,Nord-Kivu,0,patients,24h,FALSE,TRUE,high,"Indicateur,Ituri,Nord-Kivu,Tshopo,Ensemble
Sorties décédés,14,0,0,14",Institut National de Santé Publique,CC BY 4.0,data/csv/062_table_06_tableau_6_occupation_des_structures_de_s.csv
insp,062,2026-07-15,2026-07-15,deaths_in_facility,province,Democratic Republic of the Congo,Tshopo,Tshopo,0,patients,24h,FALSE,TRUE,high,"Indicateur,Ituri,Nord-Kivu,Tshopo,Ensemble
Sorties décédés,14,0,0,14",Institut National de Santé Publique,CC BY 4.0,data/csv/062_table_06_tableau_6_occupation_des_structures_de_s.csv
insp,062,2026-07-15,2026-07-15,discharges_recovered,national,Democratic Republic of the Congo,"",Ensemble,13,patients,24h,FALSE,TRUE,high,"Indicateur,Ituri,Nord-Kivu,Tshopo,Ensemble
Sorties Guéris,13,0,0,13",Institut National de Santé Publique,CC BY 4.0,data/csv/062_table_06_tableau_6_occupation_des_structures_de_s.csv
insp,062,2026-07-15,2026-07-15,discharges_recovered,province,Democratic Republic of the Congo,Ituri,Ituri,13,patients,24h,FALSE,TRUE,high,"Indicateur,Ituri,Nord-Kivu,Tshopo,Ensemble
Sorties Guéris,13,0,0,13",Institut National de Santé Publique,CC BY 4.0,data/csv/062_table_06_tableau_6_occupation_des_structures_de_s.csv
insp,062,2026-07-15,2026-07-15,discharges_recovered,province,Democratic Republic of the Congo,Nord-Kivu,Nord-Kivu,0,patients,24h,FALSE,TRUE,high,"Indicateur,Ituri,Nord-Kivu,Tshopo,Ensemble
Sorties Guéris,13,0,0,13",Institut National de Santé Publique,CC BY 4.0,data/csv/062_table_06_tableau_6_occupation_des_structures_de_s.csv
insp,062,2026-07-15,2026-07-15,discharges_recovered,province,Democratic Republic of the Congo,Tshopo,Tshopo,0,patients,24h,FALSE,TRUE,high,"Indicateur,Ituri,Nord-Kivu,Tshopo,Ensemble
Sorties Guéris,13,0,0,13",Institut National de Santé Publique,CC BY 4.0,data/csv/062_table_06_tableau_6_occupation_des_structures_de_s.csv
insp,062,2026-07-15,2026-07-15,escapes,national,Democratic Republic of the Congo,"",Ensemble,15,patients,24h,FALSE,TRUE,high,"Indicateur,Ituri,Nord-Kivu,Tshopo,Ensemble
Sorties Evadés,13,0,0,15",Institut National de Santé Publique,CC BY 4.0,data/csv/062_table_06_tableau_6_occupation_des_structures_de_s.csv
insp,062,2026-07-15,2026-07-15,escapes,province,Democratic Republic of the Congo,Ituri,Ituri,13,patients,24h,FALSE,TRUE,high,"Indicateur,Ituri,Nord-Kivu,Tshopo,Ensemble
Sorties Evadés,13,0,0,15",Institut National de Santé Publique,CC BY 4.0,data/csv/062_table_06_tableau_6_occupation_des_structures_de_s.csv
insp,062,2026-07-15,2026-07-15,escapes,province,Democratic Republic of the Congo,Nord-Kivu,Nord-Kivu,0,patients,24h,FALSE,TRUE,high,"Indicateur,Ituri,Nord-Kivu,Tshopo,Ensemble
Sorties Evadés,13,0,0,15",Institut National de Santé Publique,CC BY 4.0,data/csv/062_table_06_tableau_6_occupation_des_structures_de_s.csv
insp,062,2026-07-15,2026-07-15,escapes,province,Democratic Republic of the Congo,Tshopo,Tshopo,0,patients,24h,FALSE,TRUE,high,"Indicateur,Ituri,Nord-Kivu,Tshopo,Ensemble
Sorties Evadés,13,0,0,15",Institut National de Santé Publique,CC BY 4.0,data/csv/062_table_06_tableau_6_occupation_des_structures_de_s.csv
insp,062,2026-07-15,2026-07-15,patients_in_isolation,national,Democratic Republic of the Congo,"",Ensemble,725,patients,point,FALSE,TRUE,high,"Indicateur,Ituri,Nord-Kivu,Tshopo,Ensemble
Patients en isolement (fin J),549,171,5,725",Institut National de Santé Publique,CC BY 4.0,data/csv/062_table_06_tableau_6_occupation_des_structures_de_s.csv
insp,062,2026-07-15,2026-07-15,patients_in_isolation,province,Democratic Republic of the Congo,Ituri,Ituri,549,patients,point,FALSE,TRUE,high,"Indicateur,Ituri,Nord-Kivu,Tshopo,Ensemble
Patients en isolement (fin J),549,171,5,725",Institut National de Santé Publique,CC BY 4.0,data/csv/062_table_06_tableau_6_occupation_des_structures_de_s.csv
insp,062,2026-07-15,2026-07-15,patients_in_isolation,province,Democratic Republic of the Congo,Nord-Kivu,Nord-Kivu,171,patients,point,FALSE,TRUE,high,"Indicateur,Ituri,Nord-Kivu,Tshopo,Ensemble
Patients en isolement (fin J),549,171,5,725",Institut National de Santé Publique,CC BY 4.0,data/csv/062_table_06_tableau_6_occupation_des_structures_de_s.csv
insp,062,2026-07-15,2026-07-15,patients_in_isolation,province,Democratic Republic of the Congo,Tshopo,Tshopo,5,patients,point,FALSE,TRUE,high,"Indicateur,Ituri,Nord-Kivu,Tshopo,Ensemble
Patients en isolement (fin J),549,171,5,725",Institut National de Santé Publique,CC BY 4.0,data/csv/062_table_06_tableau_6_occupation_des_structures_de_s.csv
insp,064,2026-07-17,2026-07-16,beds_occupied,national,Democratic Republic of the Congo,"",Ensemble,721,beds,point,FALSE,TRUE,high,"Indicateur,Ituri,Nord-Kivu,Haut-Uele,Tshopo,Ensemble
Patients au lit (J-1),542,179,ND,ND,721",Institut National de Santé Publique,CC BY 4.0,data/csv/064_table_06_tableau_6_occupation_des_structures_de_s.csv
insp,064,2026-07-17,2026-07-16,beds_occupied,province,Democratic Republic of the Congo,Ituri,Ituri,542,beds,point,FALSE,TRUE,high,"Indicateur,Ituri,Nord-Kivu,Haut-Uele,Tshopo,Ensemble
Patients au lit (J-1),542,179,ND,ND,721",Institut National de Santé Publique,CC BY 4.0,data/csv/064_table_06_tableau_6_occupation_des_structures_de_s.csv
insp,064,2026-07-17,2026-07-16,beds_occupied,province,Democratic Republic of the Congo,Nord-Kivu,Nord-Kivu,179,beds,point,FALSE,TRUE,high,"Indicateur,Ituri,Nord-Kivu,Haut-Uele,Tshopo,Ensemble
Patients au lit (J-1),542,179,ND,ND,721",Institut National de Santé Publique,CC BY 4.0,data/csv/064_table_06_tableau_6_occupation_des_structures_de_s.csv
insp,064,2026-07-17,2026-07-17,admissions,national,Democratic Republic of the Congo,"",Ensemble,119,patients,24h,FALSE,TRUE,high,"Indicateur,Ituri,Nord-Kivu,Haut-Uele,Tshopo,Ensemble
Total admissions (24 h),86,33,ND,ND,119",Institut National de Santé Publique,CC BY 4.0,data/csv/064_table_06_tableau_6_occupation_des_structures_de_s.csv
insp,064,2026-07-17,2026-07-17,admissions,national,Democratic Republic of the Congo,"",Ensemble,840,patients,cumulative,FALSE,TRUE,high,"Indicateur,Ituri,Nord-Kivu,Haut-Uele,Tshopo,Ensemble
Total admissions,628,212,ND,ND,840",Institut National de Santé Publique,CC BY 4.0,data/csv/064_table_06_tableau_6_occupation_des_structures_de_s.csv
insp,064,2026-07-17,2026-07-17,admissions,province,Democratic Republic of the Congo,Ituri,Ituri,86,patients,24h,FALSE,TRUE,high,"Indicateur,Ituri,Nord-Kivu,Haut-Uele,Tshopo,Ensemble
Total admissions (24 h),86,33,ND,ND,119",Institut National de Santé Publique,CC BY 4.0,data/csv/064_table_06_tableau_6_occupation_des_structures_de_s.csv
insp,064,2026-07-17,2026-07-17,admissions,province,Democratic Republic of the Congo,Ituri,Ituri,628,patients,cumulative,FALSE,TRUE,high,"Indicateur,Ituri,Nord-Kivu,Haut-Uele,Tshopo,Ensemble
Total admissions,628,212,ND,ND,840",Institut National de Santé Publique,CC BY 4.0,data/csv/064_table_06_tableau_6_occupation_des_structures_de_s.csv
insp,064,2026-07-17,2026-07-17,admissions,province,Democratic Republic of the Congo,Nord-Kivu,Nord-Kivu,33,patients,24h,FALSE,TRUE,high,"Indicateur,Ituri,Nord-Kivu,Haut-Uele,Tshopo,Ensemble
Total admissions (24 h),86,33,ND,ND,119",Institut National de Santé Publique,CC BY 4.0,data/csv/064_table_06_tableau_6_occupation_des_structures_de_s.csv
insp,064,2026-07-17,2026-07-17,admissions,province,Democratic Republic of the Congo,Nord-Kivu,Nord-Kivu,212,patients,cumulative,FALSE,TRUE,high,"Indicateur,Ituri,Nord-Kivu,Haut-Uele,Tshopo,Ensemble
Total admissions,628,212,ND,ND,840",Institut National de Santé Publique,CC BY 4.0,data/csv/064_table_06_tableau_6_occupation_des_structures_de_s.csv
insp,064,2026-07-17,2026-07-17,beds_capacity,national,Democratic Republic of the Congo,"",Ensemble,841,beds,point,FALSE,TRUE,high,"Indicateur,Ituri,Nord-Kivu,Haut-Uele,Tshopo,Ensemble
Nombre de lits,700,141,ND,ND,841",Institut National de Santé Publique,CC BY 4.0,data/csv/064_table_06_tableau_6_occupation_des_structures_de_s.csv
insp,064,2026-07-17,2026-07-17,beds_capacity,province,Democratic Republic of the Congo,Ituri,Ituri,700,beds,point,FALSE,TRUE,high,"Indicateur,Ituri,Nord-Kivu,Haut-Uele,Tshopo,Ensemble
Nombre de lits,700,141,ND,ND,841",Institut National de Santé Publique,CC BY 4.0,data/csv/064_table_06_tableau_6_occupation_des_structures_de_s.csv
insp,064,2026-07-17,2026-07-17,beds_capacity,province,Democratic Republic of the Congo,Nord-Kivu,Nord-Kivu,141,beds,point,FALSE,TRUE,high,"Indicateur,Ituri,Nord-Kivu,Haut-Uele,Tshopo,Ensemble
Nombre de lits,700,141,ND,ND,841",Institut National de Santé Publique,CC BY 4.0,data/csv/064_table_06_tableau_6_occupation_des_structures_de_s.csv
insp,065,2026-07-18,2026-07-17,beds_occupied,national,Democratic Republic of the Congo,"",Ensemble,707,beds,point,FALSE,TRUE,high,"Indicateur,Ituri,Nord-Kivu,Haut-Uele,Tshopo,Ensemble
Patients au lit (J-1),540,166,ND,1,707",Institut National de Santé Publique,CC BY 4.0,data/csv/065_table_06_tableau_6_occupation_des_structures_de_s.csv
insp,065,2026-07-18,2026-07-17,beds_occupied,province,Democratic Republic of the Congo,Ituri,Ituri,540,beds,point,FALSE,TRUE,high,"Indicateur,Ituri,Nord-Kivu,Haut-Uele,Tshopo,Ensemble
Patients au lit (J-1),540,166,ND,1,707",Institut National de Santé Publique,CC BY 4.0,data/csv/065_table_06_tableau_6_occupation_des_structures_de_s.csv
insp,065,2026-07-18,2026-07-17,beds_occupied,province,Democratic Republic of the Congo,Nord-Kivu,Nord-Kivu,166,beds,point,FALSE,TRUE,high,"Indicateur,Ituri,Nord-Kivu,Haut-Uele,Tshopo,Ensemble
Patients au lit (J-1),540,166,ND,1,707",Institut National de Santé Publique,CC BY 4.0,data/csv/065_table_06_tableau_6_occupation_des_structures_de_s.csv
insp,065,2026-07-18,2026-07-17,beds_occupied,province,Democratic Republic of the Congo,Tshopo,Tshopo,1,beds,point,FALSE,TRUE,high,"Indicateur,Ituri,Nord-Kivu,Haut-Uele,Tshopo,Ensemble
Patients au lit (J-1),540,166,ND,1,707",Institut National de Santé Publique,CC BY 4.0,data/csv/065_table_06_tableau_6_occupation_des_structures_de_s.csv
insp,064,2026-07-17,2026-07-17,deaths_in_facility,national,Democratic Republic of the Congo,"",Ensemble,19,patients,24h,FALSE,TRUE,high,"Indicateur,Ituri,Nord-Kivu,Haut-Uele,Tshopo,Ensemble
Sorties Décédés,19,0,ND,ND,19",Institut National de Santé Publique,CC BY 4.0,data/csv/064_table_06_tableau_6_occupation_des_structures_de_s.csv
insp,064,2026-07-17,2026-07-17,deaths_in_facility,province,Democratic Republic of the Congo,Ituri,Ituri,19,patients,24h,FALSE,TRUE,high,"Indicateur,Ituri,Nord-Kivu,Haut-Uele,Tshopo,Ensemble
Sorties Décédés,19,0,ND,ND,19",Institut National de Santé Publique,CC BY 4.0,data/csv/064_table_06_tableau_6_occupation_des_structures_de_s.csv
insp,064,2026-07-17,2026-07-17,deaths_in_facility,province,Democratic Republic of the Congo,Nord-Kivu,Nord-Kivu,0,patients,24h,FALSE,TRUE,high,"Indicateur,Ituri,Nord-Kivu,Haut-Uele,Tshopo,Ensemble
Sorties Décédés,19,0,ND,ND,19",Institut National de Santé Publique,CC BY 4.0,data/csv/064_table_06_tableau_6_occupation_des_structures_de_s.csv
insp,064,2026-07-17,2026-07-17,discharges_recovered,national,Democratic Republic of the Congo,"",Ensemble,32,patients,24h,FALSE,TRUE,high,"Indicateur,Ituri,Nord-Kivu,Haut-Uele,Tshopo,Ensemble
Sorties Guéris,32,0,ND,ND,32",Institut National de Santé Publique,CC BY 4.0,data/csv/064_table_06_tableau_6_occupation_des_structures_de_s.csv
insp,064,2026-07-17,2026-07-17,discharges_recovered,province,Democratic Republic of the Congo,Ituri,Ituri,32,patients,24h,FALSE,TRUE,high,"Indicateur,Ituri,Nord-Kivu,Haut-Uele,Tshopo,Ensemble
Sorties Guéris,32,0,ND,ND,32",Institut National de Santé Publique,CC BY 4.0,data/csv/064_table_06_tableau_6_occupation_des_structures_de_s.csv
insp,064,2026-07-17,2026-07-17,discharges_recovered,province,Democratic Republic of the Congo,Nord-Kivu,Nord-Kivu,0,patients,24h,FALSE,TRUE,high,"Indicateur,Ituri,Nord-Kivu,Haut-Uele,Tshopo,Ensemble
Sorties Guéris,32,0,ND,ND,32",Institut National de Santé Publique,CC BY 4.0,data/csv/064_table_06_tableau_6_occupation_des_structures_de_s.csv
insp,064,2026-07-17,2026-07-17,escapes,national,Democratic Republic of the Congo,"",Ensemble,11,patients,24h,FALSE,TRUE,high,"Indicateur,Ituri,Nord-Kivu,Haut-Uele,Tshopo,Ensemble
Sorties Évadés,10,1,ND,ND,11",Institut National de Santé Publique,CC BY 4.0,data/csv/064_table_06_tableau_6_occupation_des_structures_de_s.csv
insp,064,2026-07-17,2026-07-17,escapes,province,Democratic Republic of the Congo,Ituri,Ituri,10,patients,24h,FALSE,TRUE,high,"Indicateur,Ituri,Nord-Kivu,Haut-Uele,Tshopo,Ensemble
Sorties Évadés,10,1,ND,ND,11",Institut National de Santé Publique,CC BY 4.0,data/csv/064_table_06_tableau_6_occupation_des_structures_de_s.csv
insp,064,2026-07-17,2026-07-17,escapes,province,Democratic Republic of the Congo,Nord-Kivu,Nord-Kivu,1,patients,24h,FALSE,TRUE,high,"Indicateur,Ituri,Nord-Kivu,Haut-Uele,Tshopo,Ensemble
Sorties Évadés,10,1,ND,ND,11",Institut National de Santé Publique,CC BY 4.0,data/csv/064_table_06_tableau_6_occupation_des_structures_de_s.csv
insp,064,2026-07-17,2026-07-17,patients_in_isolation,national,Democratic Republic of the Congo,"",Ensemble,722,patients,point,FALSE,TRUE,high,"Indicateur,Ituri,Nord-Kivu,Haut-Uele,Tshopo,Ensemble
Patients en isolement (fin J),548,174,ND,ND,722",Institut National de Santé Publique,CC BY 4.0,data/csv/064_table_06_tableau_6_occupation_des_structures_de_s.csv
insp,064,2026-07-17,2026-07-17,patients_in_isolation,province,Democratic Republic of the Congo,Ituri,Ituri,548,patients,point,FALSE,TRUE,high,"Indicateur,Ituri,Nord-Kivu,Haut-Uele,Tshopo,Ensemble
Patients en isolement (fin J),548,174,ND,ND,722",Institut National de Santé Publique,CC BY 4.0,data/csv/064_table_06_tableau_6_occupation_des_structures_de_s.csv
insp,064,2026-07-17,2026-07-17,patients_in_isolation,province,Democratic Republic of the Congo,Nord-Kivu,Nord-Kivu,174,patients,point,FALSE,TRUE,high,"Indicateur,Ituri,Nord-Kivu,Haut-Uele,Tshopo,Ensemble
Patients en isolement (fin J),548,174,ND,ND,722",Institut National de Santé Publique,CC BY 4.0,data/csv/064_table_06_tableau_6_occupation_des_structures_de_s.csv
insp,065,2026-07-18,2026-07-18,admissions,national,Democratic Republic of the Congo,"",Ensemble,121,patients,24h,FALSE,TRUE,high,"Indicateur,Ituri,Nord-Kivu,Haut-Uele,Tshopo,Ensemble
Total admissions (24 h),71,47,ND,3,121",Institut National de Santé Publique,CC BY 4.0,data/csv/065_table_06_tableau_6_occupation_des_structures_de_s.csv
insp,065,2026-07-18,2026-07-18,admissions,national,Democratic Republic of the Congo,"",Ensemble,828,patients,cumulative,FALSE,TRUE,high,"Indicateur,Ituri,Nord-Kivu,Haut-Uele,Tshopo,Ensemble
Total admissions,611,213,ND,4,828",Institut National de Santé Publique,CC BY 4.0,data/csv/065_table_06_tableau_6_occupation_des_structures_de_s.csv
insp,065,2026-07-18,2026-07-18,admissions,province,Democratic Republic of the Congo,Ituri,Ituri,71,patients,24h,FALSE,TRUE,high,"Indicateur,Ituri,Nord-Kivu,Haut-Uele,Tshopo,Ensemble
Total admissions (24 h),71,47,ND,3,121",Institut National de Santé Publique,CC BY 4.0,data/csv/065_table_06_tableau_6_occupation_des_structures_de_s.csv
insp,065,2026-07-18,2026-07-18,admissions,province,Democratic Republic of the Congo,Ituri,Ituri,611,patients,cumulative,FALSE,TRUE,high,"Indicateur,Ituri,Nord-Kivu,Haut-Uele,Tshopo,Ensemble
Total admissions,611,213,ND,4,828",Institut National de Santé Publique,CC BY 4.0,data/csv/065_table_06_tableau_6_occupation_des_structures_de_s.csv
insp,065,2026-07-18,2026-07-18,admissions,province,Democratic Republic of the Congo,Nord-Kivu,Nord-Kivu,47,patients,24h,FALSE,TRUE,high,"Indicateur,Ituri,Nord-Kivu,Haut-Uele,Tshopo,Ensemble
Total admissions (24 h),71,47,ND,3,121",Institut National de Santé Publique,CC BY 4.0,data/csv/065_table_06_tableau_6_occupation_des_structures_de_s.csv
insp,065,2026-07-18,2026-07-18,admissions,province,Democratic Republic of the Congo,Nord-Kivu,Nord-Kivu,213,patients,cumulative,FALSE,TRUE,high,"Indicateur,Ituri,Nord-Kivu,Haut-Uele,Tshopo,Ensemble
Total admissions,611,213,ND,4,828",Institut National de Santé Publique,CC BY 4.0,data/csv/065_table_06_tableau_6_occupation_des_structures_de_s.csv
insp,065,2026-07-18,2026-07-18,admissions,province,Democratic Republic of the Congo,Tshopo,Tshopo,3,patients,24h,FALSE,TRUE,high,"Indicateur,Ituri,Nord-Kivu,Haut-Uele,Tshopo,Ensemble
Total admissions (24 h),71,47,ND,3,121",Institut National de Santé Publique,CC BY 4.0,data/csv/065_table_06_tableau_6_occupation_des_structures_de_s.csv
insp,065,2026-07-18,2026-07-18,admissions,province,Democratic Republic of the Congo,Tshopo,Tshopo,4,patients,cumulative,FALSE,TRUE,high,"Indicateur,Ituri,Nord-Kivu,Haut-Uele,Tshopo,Ensemble
Total admissions,611,213,ND,4,828",Institut National de Santé Publique,CC BY 4.0,data/csv/065_table_06_tableau_6_occupation_des_structures_de_s.csv
insp,065,2026-07-18,2026-07-18,bed_occupancy_pct,national,Democratic Republic of the Congo,"",Ensemble,84.5,percent,point,FALSE,TRUE,low,"Indicateur,Ituri,Nord-Kivu,Haut-Uele,Tshopo,Ensemble
Taux d'occupation,""76,3 %"",""123,1 %"",ND,40%,""84,5 %""",Institut National de Santé Publique,CC BY 4.0,data/csv/065_table_06_tableau_6_occupation_des_structures_de_s.csv
insp,065,2026-07-18,2026-07-18,bed_occupancy_pct,province,Democratic Republic of the Congo,Ituri,Ituri,76.3,percent,point,FALSE,TRUE,low,"Indicateur,Ituri,Nord-Kivu,Haut-Uele,Tshopo,Ensemble
Taux d'occupation,""76,3 %"",""123,1 %"",ND,40%,""84,5 %""",Institut National de Santé Publique,CC BY 4.0,data/csv/065_table_06_tableau_6_occupation_des_structures_de_s.csv
insp,065,2026-07-18,2026-07-18,bed_occupancy_pct,province,Democratic Republic of the Congo,Nord-Kivu,Nord-Kivu,123.1,percent,point,FALSE,TRUE,low,"Indicateur,Ituri,Nord-Kivu,Haut-Uele,Tshopo,Ensemble
Taux d'occupation,""76,3 %"",""123,1 %"",ND,40%,""84,5 %""",Institut National de Santé Publique,CC BY 4.0,data/csv/065_table_06_tableau_6_occupation_des_structures_de_s.csv
insp,065,2026-07-18,2026-07-18,bed_occupancy_pct,province,Democratic Republic of the Congo,Tshopo,Tshopo,40,percent,point,FALSE,TRUE,high,"Indicateur,Ituri,Nord-Kivu,Haut-Uele,Tshopo,Ensemble
Taux d'occupation,""76,3 %"",""123,1 %"",ND,40%,""84,5 %""",Institut National de Santé Publique,CC BY 4.0,data/csv/065_table_06_tableau_6_occupation_des_structures_de_s.csv
insp,065,2026-07-18,2026-07-18,beds_capacity,national,Democratic Republic of the Congo,"",Ensemble,857,beds,point,FALSE,TRUE,high,"Indicateur,Ituri,Nord-Kivu,Haut-Uele,Tshopo,Ensemble
Nombre de lits,706,141,ND,10,857",Institut National de Santé Publique,CC BY 4.0,data/csv/065_table_06_tableau_6_occupation_des_structures_de_s.csv
insp,065,2026-07-18,2026-07-18,beds_capacity,province,Democratic Republic of the Congo,Ituri,Ituri,706,beds,point,FALSE,TRUE,high,"Indicateur,Ituri,Nord-Kivu,Haut-Uele,Tshopo,Ensemble
Nombre de lits,706,141,ND,10,857",Institut National de Santé Publique,CC BY 4.0,data/csv/065_table_06_tableau_6_occupation_des_structures_de_s.csv
insp,065,2026-07-18,2026-07-18,beds_capacity,province,Democratic Republic of the Congo,Nord-Kivu,Nord-Kivu,141,beds,point,FALSE,TRUE,high,"Indicateur,Ituri,Nord-Kivu,Haut-Uele,Tshopo,Ensemble
Nombre de lits,706,141,ND,10,857",Institut National de Santé Publique,CC BY 4.0,data/csv/065_table_06_tableau_6_occupation_des_structures_de_s.csv
insp,065,2026-07-18,2026-07-18,beds_capacity,province,Democratic Republic of the Congo,Tshopo,Tshopo,10,beds,point,FALSE,TRUE,high,"Indicateur,Ituri,Nord-Kivu,Haut-Uele,Tshopo,Ensemble
Nombre de lits,706,141,ND,10,857",Institut National de Santé Publique,CC BY 4.0,data/csv/065_table_06_tableau_6_occupation_des_structures_de_s.csv
insp,066,2026-07-19,2026-07-18,beds_occupied,national,Democratic Republic of the Congo,"",Ensemble,720,beds,point,FALSE,TRUE,high,"Indicateur,Ituri,Nord-Kivu,Haut-Uele,Tshopo,Ensemble
Patients au lit (J-1),543,177,ND,ND,720",Institut National de Santé Publique,CC BY 4.0,data/csv/066_table_06_tableau_6_occupation_des_structures_de_s.csv
insp,066,2026-07-19,2026-07-18,beds_occupied,province,Democratic Republic of the Congo,Ituri,Ituri,543,beds,point,FALSE,TRUE,high,"Indicateur,Ituri,Nord-Kivu,Haut-Uele,Tshopo,Ensemble
Patients au lit (J-1),543,177,ND,ND,720",Institut National de Santé Publique,CC BY 4.0,data/csv/066_table_06_tableau_6_occupation_des_structures_de_s.csv
insp,066,2026-07-19,2026-07-18,beds_occupied,province,Democratic Republic of the Congo,Nord-Kivu,Nord-Kivu,177,beds,point,FALSE,TRUE,high,"Indicateur,Ituri,Nord-Kivu,Haut-Uele,Tshopo,Ensemble
Patients au lit (J-1),543,177,ND,ND,720",Institut National de Santé Publique,CC BY 4.0,data/csv/066_table_06_tableau_6_occupation_des_structures_de_s.csv
insp,065,2026-07-18,2026-07-18,deaths_in_facility,national,Democratic Republic of the Congo,"",Ensemble,14,patients,24h,FALSE,TRUE,high,"Indicateur,Ituri,Nord-Kivu,Haut-Uele,Tshopo,Ensemble
Sorties décédés,13,1,ND,0,14",Institut National de Santé Publique,CC BY 4.0,data/csv/065_table_06_tableau_6_occupation_des_structures_de_s.csv
insp,065,2026-07-18,2026-07-18,deaths_in_facility,province,Democratic Republic of the Congo,Ituri,Ituri,13,patients,24h,FALSE,TRUE,high,"Indicateur,Ituri,Nord-Kivu,Haut-Uele,Tshopo,Ensemble
Sorties décédés,13,1,ND,0,14",Institut National de Santé Publique,CC BY 4.0,data/csv/065_table_06_tableau_6_occupation_des_structures_de_s.csv
insp,065,2026-07-18,2026-07-18,deaths_in_facility,province,Democratic Republic of the Congo,Nord-Kivu,Nord-Kivu,1,patients,24h,FALSE,TRUE,high,"Indicateur,Ituri,Nord-Kivu,Haut-Uele,Tshopo,Ensemble
Sorties décédés,13,1,ND,0,14",Institut National de Santé Publique,CC BY 4.0,data/csv/065_table_06_tableau_6_occupation_des_structures_de_s.csv
insp,065,2026-07-18,2026-07-18,deaths_in_facility,province,Democratic Republic of the Congo,Tshopo,Tshopo,0,patients,24h,FALSE,TRUE,high,"Indicateur,Ituri,Nord-Kivu,Haut-Uele,Tshopo,Ensemble
Sorties décédés,13,1,ND,0,14",Institut National de Santé Publique,CC BY 4.0,data/csv/065_table_06_tableau_6_occupation_des_structures_de_s.csv
insp,065,2026-07-18,2026-07-18,discharges_recovered,national,Democratic Republic of the Congo,"",Ensemble,22,patients,24h,FALSE,TRUE,high,"Indicateur,Ituri,Nord-Kivu,Haut-Uele,Tshopo,Ensemble
Sorties Guéris,21,1,ND,0,22",Institut National de Santé Publique,CC BY 4.0,data/csv/065_table_06_tableau_6_occupation_des_structures_de_s.csv
insp,065,2026-07-18,2026-07-18,discharges_recovered,province,Democratic Republic of the Congo,Ituri,Ituri,21,patients,24h,FALSE,TRUE,high,"Indicateur,Ituri,Nord-Kivu,Haut-Uele,Tshopo,Ensemble
Sorties Guéris,21,1,ND,0,22",Institut National de Santé Publique,CC BY 4.0,data/csv/065_table_06_tableau_6_occupation_des_structures_de_s.csv
insp,065,2026-07-18,2026-07-18,discharges_recovered,province,Democratic Republic of the Congo,Nord-Kivu,Nord-Kivu,1,patients,24h,FALSE,TRUE,high,"Indicateur,Ituri,Nord-Kivu,Haut-Uele,Tshopo,Ensemble
Sorties Guéris,21,1,ND,0,22",Institut National de Santé Publique,CC BY 4.0,data/csv/065_table_06_tableau_6_occupation_des_structures_de_s.csv
insp,065,2026-07-18,2026-07-18,discharges_recovered,province,Democratic Republic of the Congo,Tshopo,Tshopo,0,patients,24h,FALSE,TRUE,high,"Indicateur,Ituri,Nord-Kivu,Haut-Uele,Tshopo,Ensemble
Sorties Guéris,21,1,ND,0,22",Institut National de Santé Publique,CC BY 4.0,data/csv/065_table_06_tableau_6_occupation_des_structures_de_s.csv
insp,065,2026-07-18,2026-07-18,escapes,national,Democratic Republic of the Congo,"",Ensemble,4,patients,24h,FALSE,TRUE,high,"Indicateur,Ituri,Nord-Kivu,Haut-Uele,Tshopo,Ensemble
Sorties Evadés,4,0,ND,0,4",Institut National de Santé Publique,CC BY 4.0,data/csv/065_table_06_tableau_6_occupation_des_structures_de_s.csv
insp,065,2026-07-18,2026-07-18,escapes,province,Democratic Republic of the Congo,Ituri,Ituri,4,patients,24h,FALSE,TRUE,high,"Indicateur,Ituri,Nord-Kivu,Haut-Uele,Tshopo,Ensemble
Sorties Evadés,4,0,ND,0,4",Institut National de Santé Publique,CC BY 4.0,data/csv/065_table_06_tableau_6_occupation_des_structures_de_s.csv
insp,065,2026-07-18,2026-07-18,escapes,province,Democratic Republic of the Congo,Nord-Kivu,Nord-Kivu,0,patients,24h,FALSE,TRUE,high,"Indicateur,Ituri,Nord-Kivu,Haut-Uele,Tshopo,Ensemble
Sorties Evadés,4,0,ND,0,4",Institut National de Santé Publique,CC BY 4.0,data/csv/065_table_06_tableau_6_occupation_des_structures_de_s.csv
insp,065,2026-07-18,2026-07-18,escapes,province,Democratic Republic of the Congo,Tshopo,Tshopo,0,patients,24h,FALSE,TRUE,high,"Indicateur,Ituri,Nord-Kivu,Haut-Uele,Tshopo,Ensemble
Sorties Evadés,4,0,ND,0,4",Institut National de Santé Publique,CC BY 4.0,data/csv/065_table_06_tableau_6_occupation_des_structures_de_s.csv
insp,065,2026-07-18,2026-07-18,patients_in_isolation,national,Democratic Republic of the Congo,"",Ensemble,724,patients,point,FALSE,TRUE,high,"Indicateur,Ituri,Nord-Kivu,Haut-Uele,Tshopo,Ensemble
Patients en isolement (fin J),539,181,ND,4,724",Institut National de Santé Publique,CC BY 4.0,data/csv/065_table_06_tableau_6_occupation_des_structures_de_s.csv
insp,065,2026-07-18,2026-07-18,patients_in_isolation,province,Democratic Republic of the Congo,Ituri,Ituri,539,patients,point,FALSE,TRUE,high,"Indicateur,Ituri,Nord-Kivu,Haut-Uele,Tshopo,Ensemble
Patients en isolement (fin J),539,181,ND,4,724",Institut National de Santé Publique,CC BY 4.0,data/csv/065_table_06_tableau_6_occupation_des_structures_de_s.csv
insp,065,2026-07-18,2026-07-18,patients_in_isolation,province,Democratic Republic of the Congo,Nord-Kivu,Nord-Kivu,181,patients,point,FALSE,TRUE,high,"Indicateur,Ituri,Nord-Kivu,Haut-Uele,Tshopo,Ensemble
Patients en isolement (fin J),539,181,ND,4,724",Institut National de Santé Publique,CC BY 4.0,data/csv/065_table_06_tableau_6_occupation_des_structures_de_s.csv
insp,065,2026-07-18,2026-07-18,patients_in_isolation,province,Democratic Republic of the Congo,Tshopo,Tshopo,4,patients,point,FALSE,TRUE,high,"Indicateur,Ituri,Nord-Kivu,Haut-Uele,Tshopo,Ensemble
Patients en isolement (fin J),539,181,ND,4,724",Institut National de Santé Publique,CC BY 4.0,data/csv/065_table_06_tableau_6_occupation_des_structures_de_s.csv
insp,066,2026-07-19,2026-07-19,admissions,national,Democratic Republic of the Congo,"",Ensemble,108,patients,24h,FALSE,TRUE,high,"Indicateur,Ituri,Nord-Kivu,Haut-Uele,Tshopo,Ensemble
Total admissions (24 h),70,38,ND,ND,108",Institut National de Santé Publique,CC BY 4.0,data/csv/066_table_06_tableau_6_occupation_des_structures_de_s.csv
insp,066,2026-07-19,2026-07-19,admissions,national,Democratic Republic of the Congo,"",Ensemble,828,patients,cumulative,FALSE,TRUE,high,"Indicateur,Ituri,Nord-Kivu,Haut-Uele,Tshopo,Ensemble
Total admissions,613,215,ND,ND,828",Institut National de Santé Publique,CC BY 4.0,data/csv/066_table_06_tableau_6_occupation_des_structures_de_s.csv
insp,066,2026-07-19,2026-07-19,admissions,province,Democratic Republic of the Congo,Ituri,Ituri,70,patients,24h,FALSE,TRUE,high,"Indicateur,Ituri,Nord-Kivu,Haut-Uele,Tshopo,Ensemble
Total admissions (24 h),70,38,ND,ND,108",Institut National de Santé Publique,CC BY 4.0,data/csv/066_table_06_tableau_6_occupation_des_structures_de_s.csv
insp,066,2026-07-19,2026-07-19,admissions,province,Democratic Republic of the Congo,Ituri,Ituri,613,patients,cumulative,FALSE,TRUE,high,"Indicateur,Ituri,Nord-Kivu,Haut-Uele,Tshopo,Ensemble
Total admissions,613,215,ND,ND,828",Institut National de Santé Publique,CC BY 4.0,data/csv/066_table_06_tableau_6_occupation_des_structures_de_s.csv
insp,066,2026-07-19,2026-07-19,admissions,province,Democratic Republic of the Congo,Nord-Kivu,Nord-Kivu,38,patients,24h,FALSE,TRUE,high,"Indicateur,Ituri,Nord-Kivu,Haut-Uele,Tshopo,Ensemble
Total admissions (24 h),70,38,ND,ND,108",Institut National de Santé Publique,CC BY 4.0,data/csv/066_table_06_tableau_6_occupation_des_structures_de_s.csv
insp,066,2026-07-19,2026-07-19,admissions,province,Democratic Republic of the Congo,Nord-Kivu,Nord-Kivu,215,patients,cumulative,FALSE,TRUE,high,"Indicateur,Ituri,Nord-Kivu,Haut-Uele,Tshopo,Ensemble
Total admissions,613,215,ND,ND,828",Institut National de Santé Publique,CC BY 4.0,data/csv/066_table_06_tableau_6_occupation_des_structures_de_s.csv
who_afro,afro-10,2026-07-19,2026-07-19,bed_occupancy_pct,national,Democratic Republic of the Congo,"","",87.3,percent,point,FALSE,TRUE,high,"national bed occupancy of 87.3%,",World Health Organization Regional Office for Africa,CC BY-NC-SA 3.0 IGO,https://iris.who.int/handle/10665/386780
insp,066,2026-07-19,2026-07-19,bed_occupancy_pct,national,Democratic Republic of the Congo,"",Ensemble,78.2,percent,point,FALSE,TRUE,low,"Indicateur,Ituri,Nord-Kivu,Haut-Uele,Tshopo,Ensemble
Taux d'occupation,""69,3 %"",""128,4 %"",ND,ND,""78,2 %""",Institut National de Santé Publique,CC BY 4.0,data/csv/066_table_06_tableau_6_occupation_des_structures_de_s.csv
insp,066,2026-07-19,2026-07-19,bed_occupancy_pct,province,Democratic Republic of the Congo,Ituri,Ituri,69.3,percent,point,FALSE,TRUE,low,"Indicateur,Ituri,Nord-Kivu,Haut-Uele,Tshopo,Ensemble
Taux d'occupation,""69,3 %"",""128,4 %"",ND,ND,""78,2 %""",Institut National de Santé Publique,CC BY 4.0,data/csv/066_table_06_tableau_6_occupation_des_structures_de_s.csv
insp,066,2026-07-19,2026-07-19,bed_occupancy_pct,province,Democratic Republic of the Congo,Nord-Kivu,Nord-Kivu,128.4,percent,point,FALSE,TRUE,low,"Indicateur,Ituri,Nord-Kivu,Haut-Uele,Tshopo,Ensemble
Taux d'occupation,""69,3 %"",""128,4 %"",ND,ND,""78,2 %""",Institut National de Santé Publique,CC BY 4.0,data/csv/066_table_06_tableau_6_occupation_des_structures_de_s.csv
who_afro,afro-10,2026-07-19,2026-07-19,beds_capacity,national,Democratic Republic of the Congo,"","",841,beds,point,FALSE,TRUE,high,providing approximately 841 isolation and treatment beds.,World Health Organization Regional Office for Africa,CC BY-NC-SA 3.0 IGO,https://iris.who.int/handle/10665/386780
insp,066,2026-07-19,2026-07-19,beds_capacity,national,Democratic Republic of the Congo,"",Ensemble,939,beds,point,FALSE,TRUE,high,"Indicateur,Ituri,Nord-Kivu,Haut-Uele,Tshopo,Ensemble
Nombre de lits,798,141,ND,ND,939",Institut National de Santé Publique,CC BY 4.0,data/csv/066_table_06_tableau_6_occupation_des_structures_de_s.csv
insp,066,2026-07-19,2026-07-19,beds_capacity,province,Democratic Republic of the Congo,Ituri,Ituri,798,beds,point,FALSE,TRUE,high,"Indicateur,Ituri,Nord-Kivu,Haut-Uele,Tshopo,Ensemble
Nombre de lits,798,141,ND,ND,939",Institut National de Santé Publique,CC BY 4.0,data/csv/066_table_06_tableau_6_occupation_des_structures_de_s.csv
insp,066,2026-07-19,2026-07-19,beds_capacity,province,Democratic Republic of the Congo,Nord-Kivu,Nord-Kivu,141,beds,point,FALSE,TRUE,high,"Indicateur,Ituri,Nord-Kivu,Haut-Uele,Tshopo,Ensemble
Nombre de lits,798,141,ND,ND,939",Institut National de Santé Publique,CC BY 4.0,data/csv/066_table_06_tableau_6_occupation_des_structures_de_s.csv
insp,067,2026-07-20,2026-07-19,beds_occupied,national,Democratic Republic of the Congo,"",Ensemble,700,beds,point,FALSE,TRUE,high,"Indicateur,Ituri,Nord-Kivu,Haut-Uele,Tshopo,Ensemble
Patients au lit (J-1),536,164,ND,ND,700",Institut National de Santé Publique,CC BY 4.0,data/csv/067_table_06_tableau_6_occupation_des_structures_de_s.csv
insp,067,2026-07-20,2026-07-19,beds_occupied,province,Democratic Republic of the Congo,Ituri,Ituri,536,beds,point,FALSE,TRUE,high,"Indicateur,Ituri,Nord-Kivu,Haut-Uele,Tshopo,Ensemble
Patients au lit (J-1),536,164,ND,ND,700",Institut National de Santé Publique,CC BY 4.0,data/csv/067_table_06_tableau_6_occupation_des_structures_de_s.csv
insp,067,2026-07-20,2026-07-19,beds_occupied,province,Democratic Republic of the Congo,Nord-Kivu,Nord-Kivu,164,beds,point,FALSE,TRUE,high,"Indicateur,Ituri,Nord-Kivu,Haut-Uele,Tshopo,Ensemble
Patients au lit (J-1),536,164,ND,ND,700",Institut National de Santé Publique,CC BY 4.0,data/csv/067_table_06_tableau_6_occupation_des_structures_de_s.csv
who_afro,afro-10,2026-07-19,2026-07-19,deaths_in_facility,national,Democratic Republic of the Congo,"","",273,patients,cumulative,FALSE,TRUE,high,and 273 (40.6%) occurred within designated treatment centres.,World Health Organization Regional Office for Africa,CC BY-NC-SA 3.0 IGO,https://iris.who.int/handle/10665/386780
insp,066,2026-07-19,2026-07-19,deaths_in_facility,national,Democratic Republic of the Congo,"",Ensemble,18,patients,24h,FALSE,TRUE,high,"Indicateur,Ituri,Nord-Kivu,Haut-Uele,Tshopo,Ensemble
Sorties décédés,17,1,ND,ND,18",Institut National de Santé Publique,CC BY 4.0,data/csv/066_table_06_tableau_6_occupation_des_structures_de_s.csv
insp,066,2026-07-19,2026-07-19,deaths_in_facility,province,Democratic Republic of the Congo,Ituri,Ituri,17,patients,24h,FALSE,TRUE,high,"Indicateur,Ituri,Nord-Kivu,Haut-Uele,Tshopo,Ensemble
Sorties décédés,17,1,ND,ND,18",Institut National de Santé Publique,CC BY 4.0,data/csv/066_table_06_tableau_6_occupation_des_structures_de_s.csv
insp,066,2026-07-19,2026-07-19,deaths_in_facility,province,Democratic Republic of the Congo,Nord-Kivu,Nord-Kivu,1,patients,24h,FALSE,TRUE,high,"Indicateur,Ituri,Nord-Kivu,Haut-Uele,Tshopo,Ensemble
Sorties décédés,17,1,ND,ND,18",Institut National de Santé Publique,CC BY 4.0,data/csv/066_table_06_tableau_6_occupation_des_structures_de_s.csv
who_afro,afro-10,2026-07-19,2026-07-19,discharges_recovered,national,Democratic Republic of the Congo,"","",469,patients,cumulative,FALSE,TRUE,high,"with cumulative recoveries increasing to 469 by 19 July 2026,",World Health Organization Regional Office for Africa,CC BY-NC-SA 3.0 IGO,https://iris.who.int/handle/10665/386780
who_afro,afro-10,2026-07-19,2026-07-19,discharges_recovered,national,Uganda,"","",18,patients,cumulative,FALSE,TRUE,high,"All 18 recovered patients have now been discharged from care,",World Health Organization Regional Office for Africa,CC BY-NC-SA 3.0 IGO,https://iris.who.int/handle/10665/386780
insp,066,2026-07-19,2026-07-19,discharges_recovered,national,Democratic Republic of the Congo,"",Ensemble,3,patients,24h,FALSE,TRUE,high,"Indicateur,Ituri,Nord-Kivu,Haut-Uele,Tshopo,Ensemble
Sorties Guéris,3,0,ND,ND,3",Institut National de Santé Publique,CC BY 4.0,data/csv/066_table_06_tableau_6_occupation_des_structures_de_s.csv
insp,066,2026-07-19,2026-07-19,discharges_recovered,province,Democratic Republic of the Congo,Ituri,Ituri,3,patients,24h,FALSE,TRUE,high,"Indicateur,Ituri,Nord-Kivu,Haut-Uele,Tshopo,Ensemble
Sorties Guéris,3,0,ND,ND,3",Institut National de Santé Publique,CC BY 4.0,data/csv/066_table_06_tableau_6_occupation_des_structures_de_s.csv
insp,066,2026-07-19,2026-07-19,discharges_recovered,province,Democratic Republic of the Congo,Nord-Kivu,Nord-Kivu,0,patients,24h,FALSE,TRUE,high,"Indicateur,Ituri,Nord-Kivu,Haut-Uele,Tshopo,Ensemble
Sorties Guéris,3,0,ND,ND,3",Institut National de Santé Publique,CC BY 4.0,data/csv/066_table_06_tableau_6_occupation_des_structures_de_s.csv
insp,066,2026-07-19,2026-07-19,escapes,national,Democratic Republic of the Congo,"",Ensemble,10,patients,24h,FALSE,TRUE,high,"Indicateur,Ituri,Nord-Kivu,Haut-Uele,Tshopo,Ensemble
Sorties Evadés,10,0,ND,ND,10",Institut National de Santé Publique,CC BY 4.0,data/csv/066_table_06_tableau_6_occupation_des_structures_de_s.csv
insp,066,2026-07-19,2026-07-19,escapes,province,Democratic Republic of the Congo,Ituri,Ituri,10,patients,24h,FALSE,TRUE,high,"Indicateur,Ituri,Nord-Kivu,Haut-Uele,Tshopo,Ensemble
Sorties Evadés,10,0,ND,ND,10",Institut National de Santé Publique,CC BY 4.0,data/csv/066_table_06_tableau_6_occupation_des_structures_de_s.csv
insp,066,2026-07-19,2026-07-19,escapes,province,Democratic Republic of the Congo,Nord-Kivu,Nord-Kivu,0,patients,24h,FALSE,TRUE,high,"Indicateur,Ituri,Nord-Kivu,Haut-Uele,Tshopo,Ensemble
Sorties Evadés,10,0,ND,ND,10",Institut National de Santé Publique,CC BY 4.0,data/csv/066_table_06_tableau_6_occupation_des_structures_de_s.csv
who_afro,afro-10,2026-07-19,2026-07-19,facilities_operational,national,Democratic Republic of the Congo,"","",22,facilities,point,FALSE,TRUE,high,"with 22
operational Ebola treatment and care facilities",World Health Organization Regional Office for Africa,CC BY-NC-SA 3.0 IGO,https://iris.who.int/handle/10665/386780
who_afro,afro-10,2026-07-19,2026-07-19,laboratories_testing,national,Democratic Republic of the Congo,"","",18,laboratories,point,FALSE,TRUE,low,"734 121 36 841 18
Active Health Worker Health Worker Bed Testing
Cases Cases Cases Capacity Laboratories",World Health Organization Regional Office for Africa,CC BY-NC-SA 3.0 IGO,https://iris.who.int/handle/10665/386780
who_afro,afro-10,2026-07-19,2026-07-19,laboratories_testing,province,Democratic Republic of the Congo,Ituri and North Kivu provinces,Ituri and North Kivu provinces,16,laboratories,point,FALSE,TRUE,high,"As of 19 July 2026, 16 diagnostic laboratories and testing units were operational across Ituri and North Kivu provinces,",World Health Organization Regional Office for Africa,CC BY-NC-SA 3.0 IGO,https://iris.who.int/handle/10665/386780
who_afro,afro-10,2026-07-19,2026-07-19,patients_in_isolation,national,Democratic Republic of the Congo,"","",734,patients,point,FALSE,TRUE,high,"734 patients were in isolation as of 19 July 2026,",World Health Organization Regional Office for Africa,CC BY-NC-SA 3.0 IGO,https://iris.who.int/handle/10665/386780
insp,066,2026-07-19,2026-07-19,patients_in_isolation,national,Democratic Republic of the Congo,"",Ensemble,734,patients,point,FALSE,TRUE,high,"Indicateur,Ituri,Nord-Kivu,Haut-Uele,Tshopo,Ensemble
Patients en isolement (fin J),553,181,ND,ND,734",Institut National de Santé Publique,CC BY 4.0,data/csv/066_table_06_tableau_6_occupation_des_structures_de_s.csv
insp,066,2026-07-19,2026-07-19,patients_in_isolation,province,Democratic Republic of the Congo,Ituri,Ituri,553,patients,point,FALSE,TRUE,high,"Indicateur,Ituri,Nord-Kivu,Haut-Uele,Tshopo,Ensemble
Patients en isolement (fin J),553,181,ND,ND,734",Institut National de Santé Publique,CC BY 4.0,data/csv/066_table_06_tableau_6_occupation_des_structures_de_s.csv
insp,066,2026-07-19,2026-07-19,patients_in_isolation,province,Democratic Republic of the Congo,Nord-Kivu,Nord-Kivu,181,patients,point,FALSE,TRUE,high,"Indicateur,Ituri,Nord-Kivu,Haut-Uele,Tshopo,Ensemble
Patients en isolement (fin J),553,181,ND,ND,734",Institut National de Santé Publique,CC BY 4.0,data/csv/066_table_06_tableau_6_occupation_des_structures_de_s.csv
insp,067,2026-07-20,2026-07-20,admissions,national,Democratic Republic of the Congo,"",Ensemble,180,patients,24h,FALSE,TRUE,high,"Indicateur,Ituri,Nord-Kivu,Haut-Uele,Tshopo,Ensemble
Total admissions (24 h),118,62,ND,ND,180",Institut National de Santé Publique,CC BY 4.0,data/csv/067_table_06_tableau_6_occupation_des_structures_de_s.csv
insp,067,2026-07-20,2026-07-20,admissions,national,Democratic Republic of the Congo,"",Ensemble,880,patients,cumulative,FALSE,TRUE,high,"Indicateur,Ituri,Nord-Kivu,Haut-Uele,Tshopo,Ensemble
Total admissions,654,226,ND,ND,880",Institut National de Santé Publique,CC BY 4.0,data/csv/067_table_06_tableau_6_occupation_des_structures_de_s.csv
insp,067,2026-07-20,2026-07-20,admissions,province,Democratic Republic of the Congo,Ituri,Ituri,118,patients,24h,FALSE,TRUE,high,"Indicateur,Ituri,Nord-Kivu,Haut-Uele,Tshopo,Ensemble
Total admissions (24 h),118,62,ND,ND,180",Institut National de Santé Publique,CC BY 4.0,data/csv/067_table_06_tableau_6_occupation_des_structures_de_s.csv
insp,067,2026-07-20,2026-07-20,admissions,province,Democratic Republic of the Congo,Ituri,Ituri,654,patients,cumulative,FALSE,TRUE,high,"Indicateur,Ituri,Nord-Kivu,Haut-Uele,Tshopo,Ensemble
Total admissions,654,226,ND,ND,880",Institut National de Santé Publique,CC BY 4.0,data/csv/067_table_06_tableau_6_occupation_des_structures_de_s.csv
insp,067,2026-07-20,2026-07-20,admissions,province,Democratic Republic of the Congo,Nord-Kivu,Nord-Kivu,62,patients,24h,FALSE,TRUE,high,"Indicateur,Ituri,Nord-Kivu,Haut-Uele,Tshopo,Ensemble
Total admissions (24 h),118,62,ND,ND,180",Institut National de Santé Publique,CC BY 4.0,data/csv/067_table_06_tableau_6_occupation_des_structures_de_s.csv
insp,067,2026-07-20,2026-07-20,admissions,province,Democratic Republic of the Congo,Nord-Kivu,Nord-Kivu,226,patients,cumulative,FALSE,TRUE,high,"Indicateur,Ituri,Nord-Kivu,Haut-Uele,Tshopo,Ensemble
Total admissions,654,226,ND,ND,880",Institut National de Santé Publique,CC BY 4.0,data/csv/067_table_06_tableau_6_occupation_des_structures_de_s.csv
insp,067,2026-07-20,2026-07-20,bed_occupancy_pct,national,Democratic Republic of the Congo,"",Ensemble,86.7,percent,point,FALSE,TRUE,low,"Indicateur,Ituri,Nord-Kivu,Haut-Uele,Tshopo,Ensemble
Taux d'occupation,""78,4 %"",""128,4 %"",ND,ND,""86,7 %""",Institut National de Santé Publique,CC BY 4.0,data/csv/067_table_06_tableau_6_occupation_des_structures_de_s.csv
insp,067,2026-07-20,2026-07-20,bed_occupancy_pct,province,Democratic Republic of the Congo,Ituri,Ituri,78.4,percent,point,FALSE,TRUE,low,"Indicateur,Ituri,Nord-Kivu,Haut-Uele,Tshopo,Ensemble
Taux d'occupation,""78,4 %"",""128,4 %"",ND,ND,""86,7 %""",Institut National de Santé Publique,CC BY 4.0,data/csv/067_table_06_tableau_6_occupation_des_structures_de_s.csv
insp,067,2026-07-20,2026-07-20,bed_occupancy_pct,province,Democratic Republic of the Congo,Nord-Kivu,Nord-Kivu,128.4,percent,point,FALSE,TRUE,low,"Indicateur,Ituri,Nord-Kivu,Haut-Uele,Tshopo,Ensemble
Taux d'occupation,""78,4 %"",""128,4 %"",ND,ND,""86,7 %""",Institut National de Santé Publique,CC BY 4.0,data/csv/067_table_06_tableau_6_occupation_des_structures_de_s.csv
insp,067,2026-07-20,2026-07-20,beds_capacity,national,Democratic Republic of the Congo,"",Ensemble,850,beds,point,FALSE,TRUE,high,"Indicateur,Ituri,Nord-Kivu,Haut-Uele,Tshopo,Ensemble
Nombre de lits,709,141,ND,ND,850",Institut National de Santé Publique,CC BY 4.0,data/csv/067_table_06_tableau_6_occupation_des_structures_de_s.csv
insp,067,2026-07-20,2026-07-20,beds_capacity,province,Democratic Republic of the Congo,Ituri,Ituri,709,beds,point,FALSE,TRUE,high,"Indicateur,Ituri,Nord-Kivu,Haut-Uele,Tshopo,Ensemble
Nombre de lits,709,141,ND,ND,850",Institut National de Santé Publique,CC BY 4.0,data/csv/067_table_06_tableau_6_occupation_des_structures_de_s.csv
insp,067,2026-07-20,2026-07-20,beds_capacity,province,Democratic Republic of the Congo,Nord-Kivu,Nord-Kivu,141,beds,point,FALSE,TRUE,high,"Indicateur,Ituri,Nord-Kivu,Haut-Uele,Tshopo,Ensemble
Nombre de lits,709,141,ND,ND,850",Institut National de Santé Publique,CC BY 4.0,data/csv/067_table_06_tableau_6_occupation_des_structures_de_s.csv
insp,068,2026-07-21,2026-07-20,beds_occupied,national,Democratic Republic of the Congo,"",Ensemble,732,beds,point,FALSE,TRUE,high,"Indicateur,Ituri,Nord-Kivu,Haut-Uele,Tshopo,Ensemble
Patients au lit (J-1),556,176,ND,ND,732",Institut National de Santé Publique,CC BY 4.0,data/csv/068_table_06_tableau_6_occupation_des_structures_de_s.csv
insp,068,2026-07-21,2026-07-20,beds_occupied,province,Democratic Republic of the Congo,Ituri,Ituri,556,beds,point,FALSE,TRUE,high,"Indicateur,Ituri,Nord-Kivu,Haut-Uele,Tshopo,Ensemble
Patients au lit (J-1),556,176,ND,ND,732",Institut National de Santé Publique,CC BY 4.0,data/csv/068_table_06_tableau_6_occupation_des_structures_de_s.csv
insp,068,2026-07-21,2026-07-20,beds_occupied,province,Democratic Republic of the Congo,Nord-Kivu,Nord-Kivu,176,beds,point,FALSE,TRUE,high,"Indicateur,Ituri,Nord-Kivu,Haut-Uele,Tshopo,Ensemble
Patients au lit (J-1),556,176,ND,ND,732",Institut National de Santé Publique,CC BY 4.0,data/csv/068_table_06_tableau_6_occupation_des_structures_de_s.csv
insp,067,2026-07-20,2026-07-20,deaths_in_facility,national,Democratic Republic of the Congo,"",Ensemble,27,patients,24h,FALSE,TRUE,high,"Indicateur,Ituri,Nord-Kivu,Haut-Uele,Tshopo,Ensemble
Sorties Décédés,25,2,ND,ND,27",Institut National de Santé Publique,CC BY 4.0,data/csv/067_table_06_tableau_6_occupation_des_structures_de_s.csv
insp,067,2026-07-20,2026-07-20,deaths_in_facility,province,Democratic Republic of the Congo,Ituri,Ituri,25,patients,24h,FALSE,TRUE,high,"Indicateur,Ituri,Nord-Kivu,Haut-Uele,Tshopo,Ensemble
Sorties Décédés,25,2,ND,ND,27",Institut National de Santé Publique,CC BY 4.0,data/csv/067_table_06_tableau_6_occupation_des_structures_de_s.csv
insp,067,2026-07-20,2026-07-20,deaths_in_facility,province,Democratic Republic of the Congo,Nord-Kivu,Nord-Kivu,2,patients,24h,FALSE,TRUE,high,"Indicateur,Ituri,Nord-Kivu,Haut-Uele,Tshopo,Ensemble
Sorties Décédés,25,2,ND,ND,27",Institut National de Santé Publique,CC BY 4.0,data/csv/067_table_06_tableau_6_occupation_des_structures_de_s.csv
insp,067,2026-07-20,2026-07-20,discharges_recovered,national,Democratic Republic of the Congo,"",Ensemble,13,patients,24h,FALSE,TRUE,high,"Indicateur,Ituri,Nord-Kivu,Haut-Uele,Tshopo,Ensemble
Sorties Guéris,13,0,ND,ND,13",Institut National de Santé Publique,CC BY 4.0,data/csv/067_table_06_tableau_6_occupation_des_structures_de_s.csv
insp,067,2026-07-20,2026-07-20,discharges_recovered,province,Democratic Republic of the Congo,Ituri,Ituri,13,patients,24h,FALSE,TRUE,high,"Indicateur,Ituri,Nord-Kivu,Haut-Uele,Tshopo,Ensemble
Sorties Guéris,13,0,ND,ND,13",Institut National de Santé Publique,CC BY 4.0,data/csv/067_table_06_tableau_6_occupation_des_structures_de_s.csv
insp,067,2026-07-20,2026-07-20,discharges_recovered,province,Democratic Republic of the Congo,Nord-Kivu,Nord-Kivu,0,patients,24h,FALSE,TRUE,high,"Indicateur,Ituri,Nord-Kivu,Haut-Uele,Tshopo,Ensemble
Sorties Guéris,13,0,ND,ND,13",Institut National de Santé Publique,CC BY 4.0,data/csv/067_table_06_tableau_6_occupation_des_structures_de_s.csv
insp,067,2026-07-20,2026-07-20,escapes,national,Democratic Republic of the Congo,"",Ensemble,7,patients,24h,FALSE,TRUE,high,"Indicateur,Ituri,Nord-Kivu,Haut-Uele,Tshopo,Ensemble
Sorties Evadés,6,1,ND,ND,7",Institut National de Santé Publique,CC BY 4.0,data/csv/067_table_06_tableau_6_occupation_des_structures_de_s.csv
insp,067,2026-07-20,2026-07-20,escapes,province,Democratic Republic of the Congo,Ituri,Ituri,6,patients,24h,FALSE,TRUE,high,"Indicateur,Ituri,Nord-Kivu,Haut-Uele,Tshopo,Ensemble
Sorties Evadés,6,1,ND,ND,7",Institut National de Santé Publique,CC BY 4.0,data/csv/067_table_06_tableau_6_occupation_des_structures_de_s.csv
insp,067,2026-07-20,2026-07-20,escapes,province,Democratic Republic of the Congo,Nord-Kivu,Nord-Kivu,1,patients,24h,FALSE,TRUE,high,"Indicateur,Ituri,Nord-Kivu,Haut-Uele,Tshopo,Ensemble
Sorties Evadés,6,1,ND,ND,7",Institut National de Santé Publique,CC BY 4.0,data/csv/067_table_06_tableau_6_occupation_des_structures_de_s.csv
insp,067,2026-07-20,2026-07-20,patients_in_isolation,national,Democratic Republic of the Congo,"",Ensemble,737,patients,point,FALSE,TRUE,high,"Indicateur,Ituri,Nord-Kivu,Haut-Uele,Tshopo,Ensemble
Patients en isolement (fin J),556,181,ND,ND,737",Institut National de Santé Publique,CC BY 4.0,data/csv/067_table_06_tableau_6_occupation_des_structures_de_s.csv
insp,067,2026-07-20,2026-07-20,patients_in_isolation,province,Democratic Republic of the Congo,Ituri,Ituri,556,patients,point,FALSE,TRUE,high,"Indicateur,Ituri,Nord-Kivu,Haut-Uele,Tshopo,Ensemble
Patients en isolement (fin J),556,181,ND,ND,737",Institut National de Santé Publique,CC BY 4.0,data/csv/067_table_06_tableau_6_occupation_des_structures_de_s.csv
insp,067,2026-07-20,2026-07-20,patients_in_isolation,province,Democratic Republic of the Congo,Nord-Kivu,Nord-Kivu,181,patients,point,FALSE,TRUE,high,"Indicateur,Ituri,Nord-Kivu,Haut-Uele,Tshopo,Ensemble
Patients en isolement (fin J),556,181,ND,ND,737",Institut National de Santé Publique,CC BY 4.0,data/csv/067_table_06_tableau_6_occupation_des_structures_de_s.csv
insp,068,2026-07-21,2026-07-21,admissions,national,Democratic Republic of the Congo,"",Ensemble,92,patients,24h,FALSE,TRUE,high,"Indicateur,Ituri,Nord-Kivu,Haut-Uele,Tshopo,Ensemble
Total admissions (24 h),68,24,ND,ND,92",Institut National de Santé Publique,CC BY 4.0,data/csv/068_table_06_tableau_6_occupation_des_structures_de_s.csv
insp,068,2026-07-21,2026-07-21,admissions,national,Democratic Republic of the Congo,"",Ensemble,854,patients,cumulative,FALSE,TRUE,high,"Indicateur,Ituri,Nord-Kivu,Haut-Uele,Tshopo,Ensemble
Total admissions,654,200,ND,ND,854",Institut National de Santé Publique,CC BY 4.0,data/csv/068_table_06_tableau_6_occupation_des_structures_de_s.csv
insp,068,2026-07-21,2026-07-21,admissions,province,Democratic Republic of the Congo,Ituri,Ituri,68,patients,24h,FALSE,TRUE,high,"Indicateur,Ituri,Nord-Kivu,Haut-Uele,Tshopo,Ensemble
Total admissions (24 h),68,24,ND,ND,92",Institut National de Santé Publique,CC BY 4.0,data/csv/068_table_06_tableau_6_occupation_des_structures_de_s.csv
insp,068,2026-07-21,2026-07-21,admissions,province,Democratic Republic of the Congo,Ituri,Ituri,654,patients,cumulative,FALSE,TRUE,high,"Indicateur,Ituri,Nord-Kivu,Haut-Uele,Tshopo,Ensemble
Total admissions,654,200,ND,ND,854",Institut National de Santé Publique,CC BY 4.0,data/csv/068_table_06_tableau_6_occupation_des_structures_de_s.csv
insp,068,2026-07-21,2026-07-21,admissions,province,Democratic Republic of the Congo,Nord-Kivu,Nord-Kivu,24,patients,24h,FALSE,TRUE,high,"Indicateur,Ituri,Nord-Kivu,Haut-Uele,Tshopo,Ensemble
Total admissions (24 h),68,24,ND,ND,92",Institut National de Santé Publique,CC BY 4.0,data/csv/068_table_06_tableau_6_occupation_des_structures_de_s.csv
insp,068,2026-07-21,2026-07-21,admissions,province,Democratic Republic of the Congo,Nord-Kivu,Nord-Kivu,200,patients,cumulative,FALSE,TRUE,high,"Indicateur,Ituri,Nord-Kivu,Haut-Uele,Tshopo,Ensemble
Total admissions,654,200,ND,ND,854",Institut National de Santé Publique,CC BY 4.0,data/csv/068_table_06_tableau_6_occupation_des_structures_de_s.csv
insp,068,2026-07-21,2026-07-21,bed_occupancy_pct,national,Democratic Republic of the Congo,"",Ensemble,86.9,percent,point,FALSE,TRUE,low,"Indicateur,Ituri,Nord-Kivu,Haut-Uele,Tshopo,Ensemble
Taux d'occupation,""78,5 %"",""129,1 %"",ND,ND,""86,9 %""",Institut National de Santé Publique,CC BY 4.0,data/csv/068_table_06_tableau_6_occupation_des_structures_de_s.csv
insp,068,2026-07-21,2026-07-21,bed_occupancy_pct,province,Democratic Republic of the Congo,Ituri,Ituri,78.5,percent,point,FALSE,TRUE,low,"Indicateur,Ituri,Nord-Kivu,Haut-Uele,Tshopo,Ensemble
Taux d'occupation,""78,5 %"",""129,1 %"",ND,ND,""86,9 %""",Institut National de Santé Publique,CC BY 4.0,data/csv/068_table_06_tableau_6_occupation_des_structures_de_s.csv
insp,068,2026-07-21,2026-07-21,bed_occupancy_pct,province,Democratic Republic of the Congo,Nord-Kivu,Nord-Kivu,129.1,percent,point,FALSE,TRUE,low,"Indicateur,Ituri,Nord-Kivu,Haut-Uele,Tshopo,Ensemble
Taux d'occupation,""78,5 %"",""129,1 %"",ND,ND,""86,9 %""",Institut National de Santé Publique,CC BY 4.0,data/csv/068_table_06_tableau_6_occupation_des_structures_de_s.csv
insp,068,2026-07-21,2026-07-21,beds_capacity,national,Democratic Republic of the Congo,"",Ensemble,849,beds,point,FALSE,TRUE,high,"Indicateur,Ituri,Nord-Kivu,Haut-Uele,Tshopo,Ensemble
Nombre de lits,708,141,ND,ND,849",Institut National de Santé Publique,CC BY 4.0,data/csv/068_table_06_tableau_6_occupation_des_structures_de_s.csv
insp,068,2026-07-21,2026-07-21,beds_capacity,province,Democratic Republic of the Congo,Ituri,Ituri,708,beds,point,FALSE,TRUE,high,"Indicateur,Ituri,Nord-Kivu,Haut-Uele,Tshopo,Ensemble
Nombre de lits,708,141,ND,ND,849",Institut National de Santé Publique,CC BY 4.0,data/csv/068_table_06_tableau_6_occupation_des_structures_de_s.csv
insp,068,2026-07-21,2026-07-21,beds_capacity,province,Democratic Republic of the Congo,Nord-Kivu,Nord-Kivu,141,beds,point,FALSE,TRUE,high,"Indicateur,Ituri,Nord-Kivu,Haut-Uele,Tshopo,Ensemble
Nombre de lits,708,141,ND,ND,849",Institut National de Santé Publique,CC BY 4.0,data/csv/068_table_06_tableau_6_occupation_des_structures_de_s.csv
insp,069,2026-07-22,2026-07-21,beds_occupied,national,Democratic Republic of the Congo,"",Ensemble,742,beds,point,FALSE,TRUE,high,"Indicateur,Ituri,Nord-Kivu,Haut-Uele,Tshopo,Ensemble
Patients au lit (J-1),557,182,ND,3,742",Institut National de Santé Publique,CC BY 4.0,data/csv/069_table_06_tableau_6_occupation_des_structures_de_s.csv
insp,069,2026-07-22,2026-07-21,beds_occupied,province,Democratic Republic of the Congo,Ituri,Ituri,557,beds,point,FALSE,TRUE,high,"Indicateur,Ituri,Nord-Kivu,Haut-Uele,Tshopo,Ensemble
Patients au lit (J-1),557,182,ND,3,742",Institut National de Santé Publique,CC BY 4.0,data/csv/069_table_06_tableau_6_occupation_des_structures_de_s.csv
insp,069,2026-07-22,2026-07-21,beds_occupied,province,Democratic Republic of the Congo,Nord-Kivu,Nord-Kivu,182,beds,point,FALSE,TRUE,high,"Indicateur,Ituri,Nord-Kivu,Haut-Uele,Tshopo,Ensemble
Patients au lit (J-1),557,182,ND,3,742",Institut National de Santé Publique,CC BY 4.0,data/csv/069_table_06_tableau_6_occupation_des_structures_de_s.csv
insp,069,2026-07-22,2026-07-21,beds_occupied,province,Democratic Republic of the Congo,Tshopo,Tshopo,3,beds,point,FALSE,TRUE,high,"Indicateur,Ituri,Nord-Kivu,Haut-Uele,Tshopo,Ensemble
Patients au lit (J-1),557,182,ND,3,742",Institut National de Santé Publique,CC BY 4.0,data/csv/069_table_06_tableau_6_occupation_des_structures_de_s.csv
insp,068,2026-07-21,2026-07-21,deaths_in_facility,national,Democratic Republic of the Congo,"",Ensemble,23,patients,24h,FALSE,TRUE,high,"Indicateur,Ituri,Nord-Kivu,Haut-Uele,Tshopo,Ensemble
Sorties Décédés,22,1,ND,ND,23",Institut National de Santé Publique,CC BY 4.0,data/csv/068_table_06_tableau_6_occupation_des_structures_de_s.csv
insp,068,2026-07-21,2026-07-21,deaths_in_facility,province,Democratic Republic of the Congo,Ituri,Ituri,22,patients,24h,FALSE,TRUE,high,"Indicateur,Ituri,Nord-Kivu,Haut-Uele,Tshopo,Ensemble
Sorties Décédés,22,1,ND,ND,23",Institut National de Santé Publique,CC BY 4.0,data/csv/068_table_06_tableau_6_occupation_des_structures_de_s.csv
insp,068,2026-07-21,2026-07-21,deaths_in_facility,province,Democratic Republic of the Congo,Nord-Kivu,Nord-Kivu,1,patients,24h,FALSE,TRUE,high,"Indicateur,Ituri,Nord-Kivu,Haut-Uele,Tshopo,Ensemble
Sorties Décédés,22,1,ND,ND,23",Institut National de Santé Publique,CC BY 4.0,data/csv/068_table_06_tableau_6_occupation_des_structures_de_s.csv
insp,068,2026-07-21,2026-07-21,discharges_recovered,national,Democratic Republic of the Congo,"",Ensemble,24,patients,24h,FALSE,TRUE,high,"Indicateur,Ituri,Nord-Kivu,Haut-Uele,Tshopo,Ensemble
Sorties Guéris,23,1,ND,ND,24",Institut National de Santé Publique,CC BY 4.0,data/csv/068_table_06_tableau_6_occupation_des_structures_de_s.csv
insp,068,2026-07-21,2026-07-21,discharges_recovered,province,Democratic Republic of the Congo,Ituri,Ituri,23,patients,24h,FALSE,TRUE,high,"Indicateur,Ituri,Nord-Kivu,Haut-Uele,Tshopo,Ensemble
Sorties Guéris,23,1,ND,ND,24",Institut National de Santé Publique,CC BY 4.0,data/csv/068_table_06_tableau_6_occupation_des_structures_de_s.csv
insp,068,2026-07-21,2026-07-21,discharges_recovered,province,Democratic Republic of the Congo,Nord-Kivu,Nord-Kivu,1,patients,24h,FALSE,TRUE,high,"Indicateur,Ituri,Nord-Kivu,Haut-Uele,Tshopo,Ensemble
Sorties Guéris,23,1,ND,ND,24",Institut National de Santé Publique,CC BY 4.0,data/csv/068_table_06_tableau_6_occupation_des_structures_de_s.csv
insp,068,2026-07-21,2026-07-21,escapes,national,Democratic Republic of the Congo,"",Ensemble,4,patients,24h,FALSE,TRUE,high,"Indicateur,Ituri,Nord-Kivu,Haut-Uele,Tshopo,Ensemble
Sorties Evadés,3,1,ND,ND,4",Institut National de Santé Publique,CC BY 4.0,data/csv/068_table_06_tableau_6_occupation_des_structures_de_s.csv
insp,068,2026-07-21,2026-07-21,escapes,province,Democratic Republic of the Congo,Ituri,Ituri,3,patients,24h,FALSE,TRUE,high,"Indicateur,Ituri,Nord-Kivu,Haut-Uele,Tshopo,Ensemble
Sorties Evadés,3,1,ND,ND,4",Institut National de Santé Publique,CC BY 4.0,data/csv/068_table_06_tableau_6_occupation_des_structures_de_s.csv
insp,068,2026-07-21,2026-07-21,escapes,province,Democratic Republic of the Congo,Nord-Kivu,Nord-Kivu,1,patients,24h,FALSE,TRUE,high,"Indicateur,Ituri,Nord-Kivu,Haut-Uele,Tshopo,Ensemble
Sorties Evadés,3,1,ND,ND,4",Institut National de Santé Publique,CC BY 4.0,data/csv/068_table_06_tableau_6_occupation_des_structures_de_s.csv
insp,068,2026-07-21,2026-07-21,patients_in_isolation,national,Democratic Republic of the Congo,"",Ensemble,738,patients,point,FALSE,TRUE,high,"Indicateur,Ituri,Nord-Kivu,Haut-Uele,Tshopo,Ensemble
Patients en isolement (fin J),556,182,ND,ND,738",Institut National de Santé Publique,CC BY 4.0,data/csv/068_table_06_tableau_6_occupation_des_structures_de_s.csv
insp,068,2026-07-21,2026-07-21,patients_in_isolation,province,Democratic Republic of the Congo,Ituri,Ituri,556,patients,point,FALSE,TRUE,high,"Indicateur,Ituri,Nord-Kivu,Haut-Uele,Tshopo,Ensemble
Patients en isolement (fin J),556,182,ND,ND,738",Institut National de Santé Publique,CC BY 4.0,data/csv/068_table_06_tableau_6_occupation_des_structures_de_s.csv
insp,068,2026-07-21,2026-07-21,patients_in_isolation,province,Democratic Republic of the Congo,Nord-Kivu,Nord-Kivu,182,patients,point,FALSE,TRUE,high,"Indicateur,Ituri,Nord-Kivu,Haut-Uele,Tshopo,Ensemble
Patients en isolement (fin J),556,182,ND,ND,738",Institut National de Santé Publique,CC BY 4.0,data/csv/068_table_06_tableau_6_occupation_des_structures_de_s.csv
insp,069,2026-07-22,2026-07-22,admissions,national,Democratic Republic of the Congo,"",Ensemble,126,patients,24h,FALSE,TRUE,high,"Indicateur,Ituri,Nord-Kivu,Haut-Uele,Tshopo,Ensemble
Total admissions (24 h),90,36,ND,0,126",Institut National de Santé Publique,CC BY 4.0,data/csv/069_table_06_tableau_6_occupation_des_structures_de_s.csv
insp,069,2026-07-22,2026-07-22,admissions,national,Democratic Republic of the Congo,"",Ensemble,868,patients,cumulative,FALSE,TRUE,high,"Indicateur,Ituri,Nord-Kivu,Haut-Uele,Tshopo,Ensemble
Total admissions,647,218,ND,3,868",Institut National de Santé Publique,CC BY 4.0,data/csv/069_table_06_tableau_6_occupation_des_structures_de_s.csv
insp,069,2026-07-22,2026-07-22,admissions,province,Democratic Republic of the Congo,Ituri,Ituri,90,patients,24h,FALSE,TRUE,high,"Indicateur,Ituri,Nord-Kivu,Haut-Uele,Tshopo,Ensemble
Total admissions (24 h),90,36,ND,0,126",Institut National de Santé Publique,CC BY 4.0,data/csv/069_table_06_tableau_6_occupation_des_structures_de_s.csv
insp,069,2026-07-22,2026-07-22,admissions,province,Democratic Republic of the Congo,Ituri,Ituri,647,patients,cumulative,FALSE,TRUE,high,"Indicateur,Ituri,Nord-Kivu,Haut-Uele,Tshopo,Ensemble
Total admissions,647,218,ND,3,868",Institut National de Santé Publique,CC BY 4.0,data/csv/069_table_06_tableau_6_occupation_des_structures_de_s.csv
insp,069,2026-07-22,2026-07-22,admissions,province,Democratic Republic of the Congo,Nord-Kivu,Nord-Kivu,36,patients,24h,FALSE,TRUE,high,"Indicateur,Ituri,Nord-Kivu,Haut-Uele,Tshopo,Ensemble
Total admissions (24 h),90,36,ND,0,126",Institut National de Santé Publique,CC BY 4.0,data/csv/069_table_06_tableau_6_occupation_des_structures_de_s.csv
insp,069,2026-07-22,2026-07-22,admissions,province,Democratic Republic of the Congo,Nord-Kivu,Nord-Kivu,218,patients,cumulative,FALSE,TRUE,high,"Indicateur,Ituri,Nord-Kivu,Haut-Uele,Tshopo,Ensemble
Total admissions,647,218,ND,3,868",Institut National de Santé Publique,CC BY 4.0,data/csv/069_table_06_tableau_6_occupation_des_structures_de_s.csv
insp,069,2026-07-22,2026-07-22,admissions,province,Democratic Republic of the Congo,Tshopo,Tshopo,0,patients,24h,FALSE,TRUE,high,"Indicateur,Ituri,Nord-Kivu,Haut-Uele,Tshopo,Ensemble
Total admissions (24 h),90,36,ND,0,126",Institut National de Santé Publique,CC BY 4.0,data/csv/069_table_06_tableau_6_occupation_des_structures_de_s.csv
insp,069,2026-07-22,2026-07-22,admissions,province,Democratic Republic of the Congo,Tshopo,Tshopo,3,patients,cumulative,FALSE,TRUE,high,"Indicateur,Ituri,Nord-Kivu,Haut-Uele,Tshopo,Ensemble
Total admissions,647,218,ND,3,868",Institut National de Santé Publique,CC BY 4.0,data/csv/069_table_06_tableau_6_occupation_des_structures_de_s.csv
insp,069,2026-07-22,2026-07-22,bed_occupancy_pct,national,Democratic Republic of the Congo,"",Ensemble,84.1,percent,point,FALSE,TRUE,low,"Indicateur,Ituri,Nord-Kivu,Haut-Uele,Tshopo,Ensemble
Taux d'occupation,""77,7%"",""119,1 %"",ND,""37,5%"",""84,1 %""",Institut National de Santé Publique,CC BY 4.0,data/csv/069_table_06_tableau_6_occupation_des_structures_de_s.csv
insp,069,2026-07-22,2026-07-22,bed_occupancy_pct,province,Democratic Republic of the Congo,Ituri,Ituri,77.7,percent,point,FALSE,TRUE,low,"Indicateur,Ituri,Nord-Kivu,Haut-Uele,Tshopo,Ensemble
Taux d'occupation,""77,7%"",""119,1 %"",ND,""37,5%"",""84,1 %""",Institut National de Santé Publique,CC BY 4.0,data/csv/069_table_06_tableau_6_occupation_des_structures_de_s.csv
insp,069,2026-07-22,2026-07-22,bed_occupancy_pct,province,Democratic Republic of the Congo,Nord-Kivu,Nord-Kivu,119.1,percent,point,FALSE,TRUE,low,"Indicateur,Ituri,Nord-Kivu,Haut-Uele,Tshopo,Ensemble
Taux d'occupation,""77,7%"",""119,1 %"",ND,""37,5%"",""84,1 %""",Institut National de Santé Publique,CC BY 4.0,data/csv/069_table_06_tableau_6_occupation_des_structures_de_s.csv
insp,069,2026-07-22,2026-07-22,bed_occupancy_pct,province,Democratic Republic of the Congo,Tshopo,Tshopo,37.5,percent,point,FALSE,TRUE,low,"Indicateur,Ituri,Nord-Kivu,Haut-Uele,Tshopo,Ensemble
Taux d'occupation,""77,7%"",""119,1 %"",ND,""37,5%"",""84,1 %""",Institut National de Santé Publique,CC BY 4.0,data/csv/069_table_06_tableau_6_occupation_des_structures_de_s.csv
insp,069,2026-07-22,2026-07-22,beds_capacity,national,Democratic Republic of the Congo,"",Ensemble,858,beds,point,FALSE,TRUE,high,"Indicateur,Ituri,Nord-Kivu,Haut-Uele,Tshopo,Ensemble
Nombre de lits,709,141,ND,8,858",Institut National de Santé Publique,CC BY 4.0,data/csv/069_table_06_tableau_6_occupation_des_structures_de_s.csv
insp,069,2026-07-22,2026-07-22,beds_capacity,province,Democratic Republic of the Congo,Ituri,Ituri,709,beds,point,FALSE,TRUE,high,"Indicateur,Ituri,Nord-Kivu,Haut-Uele,Tshopo,Ensemble
Nombre de lits,709,141,ND,8,858",Institut National de Santé Publique,CC BY 4.0,data/csv/069_table_06_tableau_6_occupation_des_structures_de_s.csv
insp,069,2026-07-22,2026-07-22,beds_capacity,province,Democratic Republic of the Congo,Nord-Kivu,Nord-Kivu,141,beds,point,FALSE,TRUE,high,"Indicateur,Ituri,Nord-Kivu,Haut-Uele,Tshopo,Ensemble
Nombre de lits,709,141,ND,8,858",Institut National de Santé Publique,CC BY 4.0,data/csv/069_table_06_tableau_6_occupation_des_structures_de_s.csv
insp,069,2026-07-22,2026-07-22,beds_capacity,province,Democratic Republic of the Congo,Tshopo,Tshopo,8,beds,point,FALSE,TRUE,high,"Indicateur,Ituri,Nord-Kivu,Haut-Uele,Tshopo,Ensemble
Nombre de lits,709,141,ND,8,858",Institut National de Santé Publique,CC BY 4.0,data/csv/069_table_06_tableau_6_occupation_des_structures_de_s.csv
insp,070,2026-07-23,2026-07-22,beds_occupied,national,Democratic Republic of the Congo,"",Ensemble,724,beds,point,FALSE,TRUE,high,"Indicateur,Ituri,Nord-Kivu,Haut-Uele,Tshopo,Ensemble
Patients au lit (J-1),551,170,ND,3,724",Institut National de Santé Publique,CC BY 4.0,data/csv/070_table_06_tableau_6_occupation_des_structures_de_s.csv
insp,070,2026-07-23,2026-07-22,beds_occupied,province,Democratic Republic of the Congo,Ituri,Ituri,551,beds,point,FALSE,TRUE,high,"Indicateur,Ituri,Nord-Kivu,Haut-Uele,Tshopo,Ensemble
Patients au lit (J-1),551,170,ND,3,724",Institut National de Santé Publique,CC BY 4.0,data/csv/070_table_06_tableau_6_occupation_des_structures_de_s.csv
insp,070,2026-07-23,2026-07-22,beds_occupied,province,Democratic Republic of the Congo,Nord-Kivu,Nord-Kivu,170,beds,point,FALSE,TRUE,high,"Indicateur,Ituri,Nord-Kivu,Haut-Uele,Tshopo,Ensemble
Patients au lit (J-1),551,170,ND,3,724",Institut National de Santé Publique,CC BY 4.0,data/csv/070_table_06_tableau_6_occupation_des_structures_de_s.csv
insp,070,2026-07-23,2026-07-22,beds_occupied,province,Democratic Republic of the Congo,Tshopo,Tshopo,3,beds,point,FALSE,TRUE,high,"Indicateur,Ituri,Nord-Kivu,Haut-Uele,Tshopo,Ensemble
Patients au lit (J-1),551,170,ND,3,724",Institut National de Santé Publique,CC BY 4.0,data/csv/070_table_06_tableau_6_occupation_des_structures_de_s.csv
insp,069,2026-07-22,2026-07-22,deaths_in_facility,national,Democratic Republic of the Congo,"",Ensemble,32,patients,24h,FALSE,TRUE,high,"Indicateur,Ituri,Nord-Kivu,Haut-Uele,Tshopo,Ensemble
Sorties Décédés,24,8,ND,0,32",Institut National de Santé Publique,CC BY 4.0,data/csv/069_table_06_tableau_6_occupation_des_structures_de_s.csv
insp,069,2026-07-22,2026-07-22,deaths_in_facility,province,Democratic Republic of the Congo,Ituri,Ituri,24,patients,24h,FALSE,TRUE,high,"Indicateur,Ituri,Nord-Kivu,Haut-Uele,Tshopo,Ensemble
Sorties Décédés,24,8,ND,0,32",Institut National de Santé Publique,CC BY 4.0,data/csv/069_table_06_tableau_6_occupation_des_structures_de_s.csv
insp,069,2026-07-22,2026-07-22,deaths_in_facility,province,Democratic Republic of the Congo,Nord-Kivu,Nord-Kivu,8,patients,24h,FALSE,TRUE,high,"Indicateur,Ituri,Nord-Kivu,Haut-Uele,Tshopo,Ensemble
Sorties Décédés,24,8,ND,0,32",Institut National de Santé Publique,CC BY 4.0,data/csv/069_table_06_tableau_6_occupation_des_structures_de_s.csv
insp,069,2026-07-22,2026-07-22,deaths_in_facility,province,Democratic Republic of the Congo,Tshopo,Tshopo,0,patients,24h,FALSE,TRUE,high,"Indicateur,Ituri,Nord-Kivu,Haut-Uele,Tshopo,Ensemble
Sorties Décédés,24,8,ND,0,32",Institut National de Santé Publique,CC BY 4.0,data/csv/069_table_06_tableau_6_occupation_des_structures_de_s.csv
insp,069,2026-07-22,2026-07-22,discharges_recovered,national,Democratic Republic of the Congo,"",Ensemble,13,patients,24h,FALSE,TRUE,high,"Indicateur,Ituri,Nord-Kivu,Haut-Uele,Tshopo,Ensemble
Sorties Guéris,12,1,ND,0,13",Institut National de Santé Publique,CC BY 4.0,data/csv/069_table_06_tableau_6_occupation_des_structures_de_s.csv
insp,069,2026-07-22,2026-07-22,discharges_recovered,province,Democratic Republic of the Congo,Ituri,Ituri,12,patients,24h,FALSE,TRUE,high,"Indicateur,Ituri,Nord-Kivu,Haut-Uele,Tshopo,Ensemble
Sorties Guéris,12,1,ND,0,13",Institut National de Santé Publique,CC BY 4.0,data/csv/069_table_06_tableau_6_occupation_des_structures_de_s.csv
insp,069,2026-07-22,2026-07-22,discharges_recovered,province,Democratic Republic of the Congo,Nord-Kivu,Nord-Kivu,1,patients,24h,FALSE,TRUE,high,"Indicateur,Ituri,Nord-Kivu,Haut-Uele,Tshopo,Ensemble
Sorties Guéris,12,1,ND,0,13",Institut National de Santé Publique,CC BY 4.0,data/csv/069_table_06_tableau_6_occupation_des_structures_de_s.csv
insp,069,2026-07-22,2026-07-22,discharges_recovered,province,Democratic Republic of the Congo,Tshopo,Tshopo,0,patients,24h,FALSE,TRUE,high,"Indicateur,Ituri,Nord-Kivu,Haut-Uele,Tshopo,Ensemble
Sorties Guéris,12,1,ND,0,13",Institut National de Santé Publique,CC BY 4.0,data/csv/069_table_06_tableau_6_occupation_des_structures_de_s.csv
insp,069,2026-07-22,2026-07-22,escapes,national,Democratic Republic of the Congo,"",Ensemble,4,patients,24h,FALSE,TRUE,high,"Indicateur,Ituri,Nord-Kivu,Haut-Uele,Tshopo,Ensemble
Sorties Evadés,3,1,ND,0,4",Institut National de Santé Publique,CC BY 4.0,data/csv/069_table_06_tableau_6_occupation_des_structures_de_s.csv
insp,069,2026-07-22,2026-07-22,escapes,province,Democratic Republic of the Congo,Ituri,Ituri,3,patients,24h,FALSE,TRUE,high,"Indicateur,Ituri,Nord-Kivu,Haut-Uele,Tshopo,Ensemble
Sorties Evadés,3,1,ND,0,4",Institut National de Santé Publique,CC BY 4.0,data/csv/069_table_06_tableau_6_occupation_des_structures_de_s.csv
insp,069,2026-07-22,2026-07-22,escapes,province,Democratic Republic of the Congo,Nord-Kivu,Nord-Kivu,1,patients,24h,FALSE,TRUE,high,"Indicateur,Ituri,Nord-Kivu,Haut-Uele,Tshopo,Ensemble
Sorties Evadés,3,1,ND,0,4",Institut National de Santé Publique,CC BY 4.0,data/csv/069_table_06_tableau_6_occupation_des_structures_de_s.csv
insp,069,2026-07-22,2026-07-22,escapes,province,Democratic Republic of the Congo,Tshopo,Tshopo,0,patients,24h,FALSE,TRUE,high,"Indicateur,Ituri,Nord-Kivu,Haut-Uele,Tshopo,Ensemble
Sorties Evadés,3,1,ND,0,4",Institut National de Santé Publique,CC BY 4.0,data/csv/069_table_06_tableau_6_occupation_des_structures_de_s.csv
insp,069,2026-07-22,2026-07-22,patients_in_isolation,national,Democratic Republic of the Congo,"",Ensemble,722,patients,point,FALSE,TRUE,high,"Indicateur,Ituri,Nord-Kivu,Haut-Uele,Tshopo,Ensemble
Patients en isolement (fin J),551,168,ND,3,722",Institut National de Santé Publique,CC BY 4.0,data/csv/069_table_06_tableau_6_occupation_des_structures_de_s.csv
insp,069,2026-07-22,2026-07-22,patients_in_isolation,province,Democratic Republic of the Congo,Ituri,Ituri,551,patients,point,FALSE,TRUE,high,"Indicateur,Ituri,Nord-Kivu,Haut-Uele,Tshopo,Ensemble
Patients en isolement (fin J),551,168,ND,3,722",Institut National de Santé Publique,CC BY 4.0,data/csv/069_table_06_tableau_6_occupation_des_structures_de_s.csv
insp,069,2026-07-22,2026-07-22,patients_in_isolation,province,Democratic Republic of the Congo,Nord-Kivu,Nord-Kivu,168,patients,point,FALSE,TRUE,high,"Indicateur,Ituri,Nord-Kivu,Haut-Uele,Tshopo,Ensemble
Patients en isolement (fin J),551,168,ND,3,722",Institut National de Santé Publique,CC BY 4.0,data/csv/069_table_06_tableau_6_occupation_des_structures_de_s.csv
insp,069,2026-07-22,2026-07-22,patients_in_isolation,province,Democratic Republic of the Congo,Tshopo,Tshopo,3,patients,point,FALSE,TRUE,high,"Indicateur,Ituri,Nord-Kivu,Haut-Uele,Tshopo,Ensemble
Patients en isolement (fin J),551,168,ND,3,722",Institut National de Santé Publique,CC BY 4.0,data/csv/069_table_06_tableau_6_occupation_des_structures_de_s.csv
insp,070,2026-07-23,2026-07-23,admissions,national,Democratic Republic of the Congo,"",Ensemble,169,patients,24h,FALSE,TRUE,high,"Indicateur,Ituri,Nord-Kivu,Haut-Uele,Tshopo,Ensemble
Total admissions (24 h),107,61,ND,1,169",Institut National de Santé Publique,CC BY 4.0,data/csv/070_table_06_tableau_6_occupation_des_structures_de_s.csv
insp,070,2026-07-23,2026-07-23,admissions,national,Democratic Republic of the Congo,"",Ensemble,893,patients,cumulative,FALSE,TRUE,high,"Indicateur,Ituri,Nord-Kivu,Haut-Uele,Tshopo,Ensemble
Total admissions,658,231,ND,4,893",Institut National de Santé Publique,CC BY 4.0,data/csv/070_table_06_tableau_6_occupation_des_structures_de_s.csv
insp,070,2026-07-23,2026-07-23,admissions,province,Democratic Republic of the Congo,Ituri,Ituri,107,patients,24h,FALSE,TRUE,high,"Indicateur,Ituri,Nord-Kivu,Haut-Uele,Tshopo,Ensemble
Total admissions (24 h),107,61,ND,1,169",Institut National de Santé Publique,CC BY 4.0,data/csv/070_table_06_tableau_6_occupation_des_structures_de_s.csv
insp,070,2026-07-23,2026-07-23,admissions,province,Democratic Republic of the Congo,Ituri,Ituri,658,patients,cumulative,FALSE,TRUE,high,"Indicateur,Ituri,Nord-Kivu,Haut-Uele,Tshopo,Ensemble
Total admissions,658,231,ND,4,893",Institut National de Santé Publique,CC BY 4.0,data/csv/070_table_06_tableau_6_occupation_des_structures_de_s.csv
insp,070,2026-07-23,2026-07-23,admissions,province,Democratic Republic of the Congo,Nord-Kivu,Nord-Kivu,61,patients,24h,FALSE,TRUE,high,"Indicateur,Ituri,Nord-Kivu,Haut-Uele,Tshopo,Ensemble
Total admissions (24 h),107,61,ND,1,169",Institut National de Santé Publique,CC BY 4.0,data/csv/070_table_06_tableau_6_occupation_des_structures_de_s.csv
insp,070,2026-07-23,2026-07-23,admissions,province,Democratic Republic of the Congo,Nord-Kivu,Nord-Kivu,231,patients,cumulative,FALSE,TRUE,high,"Indicateur,Ituri,Nord-Kivu,Haut-Uele,Tshopo,Ensemble
Total admissions,658,231,ND,4,893",Institut National de Santé Publique,CC BY 4.0,data/csv/070_table_06_tableau_6_occupation_des_structures_de_s.csv
insp,070,2026-07-23,2026-07-23,admissions,province,Democratic Republic of the Congo,Tshopo,Tshopo,1,patients,24h,FALSE,TRUE,high,"Indicateur,Ituri,Nord-Kivu,Haut-Uele,Tshopo,Ensemble
Total admissions (24 h),107,61,ND,1,169",Institut National de Santé Publique,CC BY 4.0,data/csv/070_table_06_tableau_6_occupation_des_structures_de_s.csv
insp,070,2026-07-23,2026-07-23,admissions,province,Democratic Republic of the Congo,Tshopo,Tshopo,4,patients,cumulative,FALSE,TRUE,high,"Indicateur,Ituri,Nord-Kivu,Haut-Uele,Tshopo,Ensemble
Total admissions,658,231,ND,4,893",Institut National de Santé Publique,CC BY 4.0,data/csv/070_table_06_tableau_6_occupation_des_structures_de_s.csv
insp,070,2026-07-23,2026-07-23,bed_occupancy_pct,national,Democratic Republic of the Congo,"",Ensemble,89.1,percent,point,FALSE,TRUE,low,"Indicateur,Ituri,Nord-Kivu,Haut-Uele,Tshopo,Ensemble
Taux d'occupation,""80,4%"",""136,2 %"",ND,""40,0%"",""89,1 %""",Institut National de Santé Publique,CC BY 4.0,data/csv/070_table_06_tableau_6_occupation_des_structures_de_s.csv
insp,070,2026-07-23,2026-07-23,bed_occupancy_pct,province,Democratic Republic of the Congo,Ituri,Ituri,80.4,percent,point,FALSE,TRUE,low,"Indicateur,Ituri,Nord-Kivu,Haut-Uele,Tshopo,Ensemble
Taux d'occupation,""80,4%"",""136,2 %"",ND,""40,0%"",""89,1 %""",Institut National de Santé Publique,CC BY 4.0,data/csv/070_table_06_tableau_6_occupation_des_structures_de_s.csv
insp,070,2026-07-23,2026-07-23,bed_occupancy_pct,province,Democratic Republic of the Congo,Nord-Kivu,Nord-Kivu,136.2,percent,point,FALSE,TRUE,low,"Indicateur,Ituri,Nord-Kivu,Haut-Uele,Tshopo,Ensemble
Taux d'occupation,""80,4%"",""136,2 %"",ND,""40,0%"",""89,1 %""",Institut National de Santé Publique,CC BY 4.0,data/csv/070_table_06_tableau_6_occupation_des_structures_de_s.csv
insp,070,2026-07-23,2026-07-23,bed_occupancy_pct,province,Democratic Republic of the Congo,Tshopo,Tshopo,40,percent,point,FALSE,TRUE,low,"Indicateur,Ituri,Nord-Kivu,Haut-Uele,Tshopo,Ensemble
Taux d'occupation,""80,4%"",""136,2 %"",ND,""40,0%"",""89,1 %""",Institut National de Santé Publique,CC BY 4.0,data/csv/070_table_06_tableau_6_occupation_des_structures_de_s.csv
insp,070,2026-07-23,2026-07-23,beds_capacity,national,Democratic Republic of the Congo,"",Ensemble,860,beds,point,FALSE,TRUE,high,"Indicateur,Ituri,Nord-Kivu,Haut-Uele,Tshopo,Ensemble
Nombre de lits,709,141,ND,10,860",Institut National de Santé Publique,CC BY 4.0,data/csv/070_table_06_tableau_6_occupation_des_structures_de_s.csv
insp,070,2026-07-23,2026-07-23,beds_capacity,province,Democratic Republic of the Congo,Ituri,Ituri,709,beds,point,FALSE,TRUE,high,"Indicateur,Ituri,Nord-Kivu,Haut-Uele,Tshopo,Ensemble
Nombre de lits,709,141,ND,10,860",Institut National de Santé Publique,CC BY 4.0,data/csv/070_table_06_tableau_6_occupation_des_structures_de_s.csv
insp,070,2026-07-23,2026-07-23,beds_capacity,province,Democratic Republic of the Congo,Nord-Kivu,Nord-Kivu,141,beds,point,FALSE,TRUE,high,"Indicateur,Ituri,Nord-Kivu,Haut-Uele,Tshopo,Ensemble
Nombre de lits,709,141,ND,10,860",Institut National de Santé Publique,CC BY 4.0,data/csv/070_table_06_tableau_6_occupation_des_structures_de_s.csv
insp,070,2026-07-23,2026-07-23,beds_capacity,province,Democratic Republic of the Congo,Tshopo,Tshopo,10,beds,point,FALSE,TRUE,high,"Indicateur,Ituri,Nord-Kivu,Haut-Uele,Tshopo,Ensemble
Nombre de lits,709,141,ND,10,860",Institut National de Santé Publique,CC BY 4.0,data/csv/070_table_06_tableau_6_occupation_des_structures_de_s.csv
insp,071,2026-07-24,2026-07-23,beds_occupied,national,Democratic Republic of the Congo,"",Ensemble,756,beds,point,FALSE,TRUE,high,"Indicateur,Ituri,Nord-Kivu,Haut-Uele,Tshopo,Ensemble
Patients au lit (J-1),570,186,ND,ND,756",Institut National de Santé Publique,CC BY 4.0,data/csv/071_table_06_tableau_6_occupation_des_structures_de_s.csv
insp,071,2026-07-24,2026-07-23,beds_occupied,province,Democratic Republic of the Congo,Ituri,Ituri,570,beds,point,FALSE,TRUE,high,"Indicateur,Ituri,Nord-Kivu,Haut-Uele,Tshopo,Ensemble
Patients au lit (J-1),570,186,ND,ND,756",Institut National de Santé Publique,CC BY 4.0,data/csv/071_table_06_tableau_6_occupation_des_structures_de_s.csv
insp,071,2026-07-24,2026-07-23,beds_occupied,province,Democratic Republic of the Congo,Nord-Kivu,Nord-Kivu,186,beds,point,FALSE,TRUE,high,"Indicateur,Ituri,Nord-Kivu,Haut-Uele,Tshopo,Ensemble
Patients au lit (J-1),570,186,ND,ND,756",Institut National de Santé Publique,CC BY 4.0,data/csv/071_table_06_tableau_6_occupation_des_structures_de_s.csv
insp,070,2026-07-23,2026-07-23,deaths_in_facility,national,Democratic Republic of the Congo,"",Ensemble,24,patients,24h,FALSE,TRUE,high,"Indicateur,Ituri,Nord-Kivu,Haut-Uele,Tshopo,Ensemble
Sorties Décédés,23,1,ND,0,24",Institut National de Santé Publique,CC BY 4.0,data/csv/070_table_06_tableau_6_occupation_des_structures_de_s.csv
insp,070,2026-07-23,2026-07-23,deaths_in_facility,province,Democratic Republic of the Congo,Ituri,Ituri,23,patients,24h,FALSE,TRUE,high,"Indicateur,Ituri,Nord-Kivu,Haut-Uele,Tshopo,Ensemble
Sorties Décédés,23,1,ND,0,24",Institut National de Santé Publique,CC BY 4.0,data/csv/070_table_06_tableau_6_occupation_des_structures_de_s.csv
insp,070,2026-07-23,2026-07-23,deaths_in_facility,province,Democratic Republic of the Congo,Nord-Kivu,Nord-Kivu,1,patients,24h,FALSE,TRUE,high,"Indicateur,Ituri,Nord-Kivu,Haut-Uele,Tshopo,Ensemble
Sorties Décédés,23,1,ND,0,24",Institut National de Santé Publique,CC BY 4.0,data/csv/070_table_06_tableau_6_occupation_des_structures_de_s.csv
insp,070,2026-07-23,2026-07-23,deaths_in_facility,province,Democratic Republic of the Congo,Tshopo,Tshopo,0,patients,24h,FALSE,TRUE,high,"Indicateur,Ituri,Nord-Kivu,Haut-Uele,Tshopo,Ensemble
Sorties Décédés,23,1,ND,0,24",Institut National de Santé Publique,CC BY 4.0,data/csv/070_table_06_tableau_6_occupation_des_structures_de_s.csv
insp,070,2026-07-23,2026-07-23,discharges_recovered,national,Democratic Republic of the Congo,"",Ensemble,21,patients,24h,FALSE,TRUE,high,"Indicateur,Ituri,Nord-Kivu,Haut-Uele,Tshopo,Ensemble
Sorties Guéris,20,1,ND,0,21",Institut National de Santé Publique,CC BY 4.0,data/csv/070_table_06_tableau_6_occupation_des_structures_de_s.csv
insp,070,2026-07-23,2026-07-23,discharges_recovered,province,Democratic Republic of the Congo,Ituri,Ituri,20,patients,24h,FALSE,TRUE,high,"Indicateur,Ituri,Nord-Kivu,Haut-Uele,Tshopo,Ensemble
Sorties Guéris,20,1,ND,0,21",Institut National de Santé Publique,CC BY 4.0,data/csv/070_table_06_tableau_6_occupation_des_structures_de_s.csv
insp,070,2026-07-23,2026-07-23,discharges_recovered,province,Democratic Republic of the Congo,Nord-Kivu,Nord-Kivu,1,patients,24h,FALSE,TRUE,high,"Indicateur,Ituri,Nord-Kivu,Haut-Uele,Tshopo,Ensemble
Sorties Guéris,20,1,ND,0,21",Institut National de Santé Publique,CC BY 4.0,data/csv/070_table_06_tableau_6_occupation_des_structures_de_s.csv
insp,070,2026-07-23,2026-07-23,discharges_recovered,province,Democratic Republic of the Congo,Tshopo,Tshopo,0,patients,24h,FALSE,TRUE,high,"Indicateur,Ituri,Nord-Kivu,Haut-Uele,Tshopo,Ensemble
Sorties Guéris,20,1,ND,0,21",Institut National de Santé Publique,CC BY 4.0,data/csv/070_table_06_tableau_6_occupation_des_structures_de_s.csv
insp,070,2026-07-23,2026-07-23,escapes,national,Democratic Republic of the Congo,"",Ensemble,4,patients,24h,FALSE,TRUE,high,"Indicateur,Ituri,Nord-Kivu,Haut-Uele,Tshopo,Ensemble
Sorties Evadés,3,1,ND,0,4",Institut National de Santé Publique,CC BY 4.0,data/csv/070_table_06_tableau_6_occupation_des_structures_de_s.csv
insp,070,2026-07-23,2026-07-23,escapes,province,Democratic Republic of the Congo,Ituri,Ituri,3,patients,24h,FALSE,TRUE,high,"Indicateur,Ituri,Nord-Kivu,Haut-Uele,Tshopo,Ensemble
Sorties Evadés,3,1,ND,0,4",Institut National de Santé Publique,CC BY 4.0,data/csv/070_table_06_tableau_6_occupation_des_structures_de_s.csv
insp,070,2026-07-23,2026-07-23,escapes,province,Democratic Republic of the Congo,Nord-Kivu,Nord-Kivu,1,patients,24h,FALSE,TRUE,high,"Indicateur,Ituri,Nord-Kivu,Haut-Uele,Tshopo,Ensemble
Sorties Evadés,3,1,ND,0,4",Institut National de Santé Publique,CC BY 4.0,data/csv/070_table_06_tableau_6_occupation_des_structures_de_s.csv
insp,070,2026-07-23,2026-07-23,escapes,province,Democratic Republic of the Congo,Tshopo,Tshopo,0,patients,24h,FALSE,TRUE,high,"Indicateur,Ituri,Nord-Kivu,Haut-Uele,Tshopo,Ensemble
Sorties Evadés,3,1,ND,0,4",Institut National de Santé Publique,CC BY 4.0,data/csv/070_table_06_tableau_6_occupation_des_structures_de_s.csv
insp,070,2026-07-23,2026-07-23,patients_in_isolation,national,Democratic Republic of the Congo,"",Ensemble,766,patients,point,FALSE,TRUE,high,"Indicateur,Ituri,Nord-Kivu,Haut-Uele,Tshopo,Ensemble
Patients en isolement (fin J),570,192,ND,4,766",Institut National de Santé Publique,CC BY 4.0,data/csv/070_table_06_tableau_6_occupation_des_structures_de_s.csv
insp,070,2026-07-23,2026-07-23,patients_in_isolation,province,Democratic Republic of the Congo,Ituri,Ituri,570,patients,point,FALSE,TRUE,high,"Indicateur,Ituri,Nord-Kivu,Haut-Uele,Tshopo,Ensemble
Patients en isolement (fin J),570,192,ND,4,766",Institut National de Santé Publique,CC BY 4.0,data/csv/070_table_06_tableau_6_occupation_des_structures_de_s.csv
insp,070,2026-07-23,2026-07-23,patients_in_isolation,province,Democratic Republic of the Congo,Nord-Kivu,Nord-Kivu,192,patients,point,FALSE,TRUE,high,"Indicateur,Ituri,Nord-Kivu,Haut-Uele,Tshopo,Ensemble
Patients en isolement (fin J),570,192,ND,4,766",Institut National de Santé Publique,CC BY 4.0,data/csv/070_table_06_tableau_6_occupation_des_structures_de_s.csv
insp,070,2026-07-23,2026-07-23,patients_in_isolation,province,Democratic Republic of the Congo,Tshopo,Tshopo,4,patients,point,FALSE,TRUE,high,"Indicateur,Ituri,Nord-Kivu,Haut-Uele,Tshopo,Ensemble
Patients en isolement (fin J),570,192,ND,4,766",Institut National de Santé Publique,CC BY 4.0,data/csv/070_table_06_tableau_6_occupation_des_structures_de_s.csv
insp,071,2026-07-24,2026-07-24,admissions,national,Democratic Republic of the Congo,"",Ensemble,113,patients,24h,FALSE,TRUE,high,"Indicateur,Ituri,Nord-Kivu,Haut-Uele,Tshopo,Ensemble
Total admissions (24 h),79,34,ND,ND,113",Institut National de Santé Publique,CC BY 4.0,data/csv/071_table_06_tableau_6_occupation_des_structures_de_s.csv
insp,071,2026-07-24,2026-07-24,admissions,national,Democratic Republic of the Congo,"",Ensemble,869,patients,cumulative,FALSE,TRUE,high,"Indicateur,Ituri,Nord-Kivu,Haut-Uele,Tshopo,Ensemble
Total admissions,649,220,ND,ND,869",Institut National de Santé Publique,CC BY 4.0,data/csv/071_table_06_tableau_6_occupation_des_structures_de_s.csv
insp,071,2026-07-24,2026-07-24,admissions,province,Democratic Republic of the Congo,Ituri,Ituri,79,patients,24h,FALSE,TRUE,high,"Indicateur,Ituri,Nord-Kivu,Haut-Uele,Tshopo,Ensemble
Total admissions (24 h),79,34,ND,ND,113",Institut National de Santé Publique,CC BY 4.0,data/csv/071_table_06_tableau_6_occupation_des_structures_de_s.csv
insp,071,2026-07-24,2026-07-24,admissions,province,Democratic Republic of the Congo,Ituri,Ituri,649,patients,cumulative,FALSE,TRUE,high,"Indicateur,Ituri,Nord-Kivu,Haut-Uele,Tshopo,Ensemble
Total admissions,649,220,ND,ND,869",Institut National de Santé Publique,CC BY 4.0,data/csv/071_table_06_tableau_6_occupation_des_structures_de_s.csv
insp,071,2026-07-24,2026-07-24,admissions,province,Democratic Republic of the Congo,Nord-Kivu,Nord-Kivu,34,patients,24h,FALSE,TRUE,high,"Indicateur,Ituri,Nord-Kivu,Haut-Uele,Tshopo,Ensemble
Total admissions (24 h),79,34,ND,ND,113",Institut National de Santé Publique,CC BY 4.0,data/csv/071_table_06_tableau_6_occupation_des_structures_de_s.csv
insp,071,2026-07-24,2026-07-24,admissions,province,Democratic Republic of the Congo,Nord-Kivu,Nord-Kivu,220,patients,cumulative,FALSE,TRUE,high,"Indicateur,Ituri,Nord-Kivu,Haut-Uele,Tshopo,Ensemble
Total admissions,649,220,ND,ND,869",Institut National de Santé Publique,CC BY 4.0,data/csv/071_table_06_tableau_6_occupation_des_structures_de_s.csv
insp,071,2026-07-24,2026-07-24,bed_occupancy_pct,national,Democratic Republic of the Congo,"",Ensemble,88.8,percent,point,FALSE,TRUE,low,"Indicateur,Ituri,Nord-Kivu,Haut-Uele,Tshopo,Ensemble
Taux d'occupation,""81,2%"",""126,9 %"",ND,ND,""88,8%""",Institut National de Santé Publique,CC BY 4.0,data/csv/071_table_06_tableau_6_occupation_des_structures_de_s.csv
insp,071,2026-07-24,2026-07-24,bed_occupancy_pct,province,Democratic Republic of the Congo,Ituri,Ituri,81.2,percent,point,FALSE,TRUE,low,"Indicateur,Ituri,Nord-Kivu,Haut-Uele,Tshopo,Ensemble
Taux d'occupation,""81,2%"",""126,9 %"",ND,ND,""88,8%""",Institut National de Santé Publique,CC BY 4.0,data/csv/071_table_06_tableau_6_occupation_des_structures_de_s.csv
insp,071,2026-07-24,2026-07-24,bed_occupancy_pct,province,Democratic Republic of the Congo,Nord-Kivu,Nord-Kivu,126.9,percent,point,FALSE,TRUE,low,"Indicateur,Ituri,Nord-Kivu,Haut-Uele,Tshopo,Ensemble
Taux d'occupation,""81,2%"",""126,9 %"",ND,ND,""88,8%""",Institut National de Santé Publique,CC BY 4.0,data/csv/071_table_06_tableau_6_occupation_des_structures_de_s.csv
insp,071,2026-07-24,2026-07-24,beds_capacity,national,Democratic Republic of the Congo,"",Ensemble,850,beds,point,FALSE,TRUE,high,"Indicateur,Ituri,Nord-Kivu,Haut-Uele,Tshopo,Ensemble
Nombre de lits,709,141,ND,ND,850",Institut National de Santé Publique,CC BY 4.0,data/csv/071_table_06_tableau_6_occupation_des_structures_de_s.csv
insp,071,2026-07-24,2026-07-24,beds_capacity,province,Democratic Republic of the Congo,Ituri,Ituri,709,beds,point,FALSE,TRUE,high,"Indicateur,Ituri,Nord-Kivu,Haut-Uele,Tshopo,Ensemble
Nombre de lits,709,141,ND,ND,850",Institut National de Santé Publique,CC BY 4.0,data/csv/071_table_06_tableau_6_occupation_des_structures_de_s.csv
insp,071,2026-07-24,2026-07-24,beds_capacity,province,Democratic Republic of the Congo,Nord-Kivu,Nord-Kivu,141,beds,point,FALSE,TRUE,high,"Indicateur,Ituri,Nord-Kivu,Haut-Uele,Tshopo,Ensemble
Nombre de lits,709,141,ND,ND,850",Institut National de Santé Publique,CC BY 4.0,data/csv/071_table_06_tableau_6_occupation_des_structures_de_s.csv
insp,072,2026-07-25,2026-07-24,beds_occupied,national,Democratic Republic of the Congo,"",Ensemble,743,beds,point,FALSE,TRUE,high,"Indicateur,Ituri,Nord-Kivu,Haut-Uele,Tshopo,Ensemble
Patients au lit (J-1),576,167,ND,ND,743",Institut National de Santé Publique,CC BY 4.0,data/csv/072_table_06_tableau_6_occupation_des_structures_de_s.csv
insp,072,2026-07-25,2026-07-24,beds_occupied,province,Democratic Republic of the Congo,Ituri,Ituri,576,beds,point,FALSE,TRUE,high,"Indicateur,Ituri,Nord-Kivu,Haut-Uele,Tshopo,Ensemble
Patients au lit (J-1),576,167,ND,ND,743",Institut National de Santé Publique,CC BY 4.0,data/csv/072_table_06_tableau_6_occupation_des_structures_de_s.csv
insp,072,2026-07-25,2026-07-24,beds_occupied,province,Democratic Republic of the Congo,Nord-Kivu,Nord-Kivu,167,beds,point,FALSE,TRUE,high,"Indicateur,Ituri,Nord-Kivu,Haut-Uele,Tshopo,Ensemble
Patients au lit (J-1),576,167,ND,ND,743",Institut National de Santé Publique,CC BY 4.0,data/csv/072_table_06_tableau_6_occupation_des_structures_de_s.csv
insp,071,2026-07-24,2026-07-24,deaths_in_facility,national,Democratic Republic of the Congo,"",Ensemble,16,patients,24h,FALSE,TRUE,high,"Indicateur,Ituri,Nord-Kivu,Haut-Uele,Tshopo,Ensemble
Sorties Décédés,14,2,ND,0,16",Institut National de Santé Publique,CC BY 4.0,data/csv/071_table_06_tableau_6_occupation_des_structures_de_s.csv
insp,071,2026-07-24,2026-07-24,deaths_in_facility,province,Democratic Republic of the Congo,Ituri,Ituri,14,patients,24h,FALSE,TRUE,high,"Indicateur,Ituri,Nord-Kivu,Haut-Uele,Tshopo,Ensemble
Sorties Décédés,14,2,ND,0,16",Institut National de Santé Publique,CC BY 4.0,data/csv/071_table_06_tableau_6_occupation_des_structures_de_s.csv
insp,071,2026-07-24,2026-07-24,deaths_in_facility,province,Democratic Republic of the Congo,Nord-Kivu,Nord-Kivu,2,patients,24h,FALSE,TRUE,high,"Indicateur,Ituri,Nord-Kivu,Haut-Uele,Tshopo,Ensemble
Sorties Décédés,14,2,ND,0,16",Institut National de Santé Publique,CC BY 4.0,data/csv/071_table_06_tableau_6_occupation_des_structures_de_s.csv
insp,071,2026-07-24,2026-07-24,deaths_in_facility,province,Democratic Republic of the Congo,Tshopo,Tshopo,0,patients,24h,FALSE,TRUE,high,"Indicateur,Ituri,Nord-Kivu,Haut-Uele,Tshopo,Ensemble
Sorties Décédés,14,2,ND,0,16",Institut National de Santé Publique,CC BY 4.0,data/csv/071_table_06_tableau_6_occupation_des_structures_de_s.csv
insp,071,2026-07-24,2026-07-24,discharges_recovered,national,Democratic Republic of the Congo,"",Ensemble,16,patients,24h,FALSE,TRUE,high,"Indicateur,Ituri,Nord-Kivu,Haut-Uele,Tshopo,Ensemble
Sorties Guéris,12,4,ND,0,16",Institut National de Santé Publique,CC BY 4.0,data/csv/071_table_06_tableau_6_occupation_des_structures_de_s.csv
insp,071,2026-07-24,2026-07-24,discharges_recovered,province,Democratic Republic of the Congo,Ituri,Ituri,12,patients,24h,FALSE,TRUE,high,"Indicateur,Ituri,Nord-Kivu,Haut-Uele,Tshopo,Ensemble
Sorties Guéris,12,4,ND,0,16",Institut National de Santé Publique,CC BY 4.0,data/csv/071_table_06_tableau_6_occupation_des_structures_de_s.csv
insp,071,2026-07-24,2026-07-24,discharges_recovered,province,Democratic Republic of the Congo,Nord-Kivu,Nord-Kivu,4,patients,24h,FALSE,TRUE,high,"Indicateur,Ituri,Nord-Kivu,Haut-Uele,Tshopo,Ensemble
Sorties Guéris,12,4,ND,0,16",Institut National de Santé Publique,CC BY 4.0,data/csv/071_table_06_tableau_6_occupation_des_structures_de_s.csv
insp,071,2026-07-24,2026-07-24,discharges_recovered,province,Democratic Republic of the Congo,Tshopo,Tshopo,0,patients,24h,FALSE,TRUE,high,"Indicateur,Ituri,Nord-Kivu,Haut-Uele,Tshopo,Ensemble
Sorties Guéris,12,4,ND,0,16",Institut National de Santé Publique,CC BY 4.0,data/csv/071_table_06_tableau_6_occupation_des_structures_de_s.csv
insp,071,2026-07-24,2026-07-24,escapes,national,Democratic Republic of the Congo,"",Ensemble,8,patients,24h,FALSE,TRUE,high,"Indicateur,Ituri,Nord-Kivu,Haut-Uele,Tshopo,Ensemble
Sorties Evadés,7,1,ND,0,8",Institut National de Santé Publique,CC BY 4.0,data/csv/071_table_06_tableau_6_occupation_des_structures_de_s.csv
insp,071,2026-07-24,2026-07-24,escapes,province,Democratic Republic of the Congo,Ituri,Ituri,7,patients,24h,FALSE,TRUE,high,"Indicateur,Ituri,Nord-Kivu,Haut-Uele,Tshopo,Ensemble
Sorties Evadés,7,1,ND,0,8",Institut National de Santé Publique,CC BY 4.0,data/csv/071_table_06_tableau_6_occupation_des_structures_de_s.csv
insp,071,2026-07-24,2026-07-24,escapes,province,Democratic Republic of the Congo,Nord-Kivu,Nord-Kivu,1,patients,24h,FALSE,TRUE,high,"Indicateur,Ituri,Nord-Kivu,Haut-Uele,Tshopo,Ensemble
Sorties Evadés,7,1,ND,0,8",Institut National de Santé Publique,CC BY 4.0,data/csv/071_table_06_tableau_6_occupation_des_structures_de_s.csv
insp,071,2026-07-24,2026-07-24,escapes,province,Democratic Republic of the Congo,Tshopo,Tshopo,0,patients,24h,FALSE,TRUE,high,"Indicateur,Ituri,Nord-Kivu,Haut-Uele,Tshopo,Ensemble
Sorties Evadés,7,1,ND,0,8",Institut National de Santé Publique,CC BY 4.0,data/csv/071_table_06_tableau_6_occupation_des_structures_de_s.csv
insp,071,2026-07-24,2026-07-24,patients_in_isolation,national,Democratic Republic of the Congo,"",Ensemble,755,patients,point,FALSE,TRUE,high,"Indicateur,Ituri,Nord-Kivu,Haut-Uele,Tshopo,Ensemble
Patients en isolement (fin J),576,179,ND,ND,755",Institut National de Santé Publique,CC BY 4.0,data/csv/071_table_06_tableau_6_occupation_des_structures_de_s.csv
insp,071,2026-07-24,2026-07-24,patients_in_isolation,province,Democratic Republic of the Congo,Ituri,Ituri,576,patients,point,FALSE,TRUE,high,"Indicateur,Ituri,Nord-Kivu,Haut-Uele,Tshopo,Ensemble
Patients en isolement (fin J),576,179,ND,ND,755",Institut National de Santé Publique,CC BY 4.0,data/csv/071_table_06_tableau_6_occupation_des_structures_de_s.csv
insp,071,2026-07-24,2026-07-24,patients_in_isolation,province,Democratic Republic of the Congo,Nord-Kivu,Nord-Kivu,179,patients,point,FALSE,TRUE,high,"Indicateur,Ituri,Nord-Kivu,Haut-Uele,Tshopo,Ensemble
Patients en isolement (fin J),576,179,ND,ND,755",Institut National de Santé Publique,CC BY 4.0,data/csv/071_table_06_tableau_6_occupation_des_structures_de_s.csv
insp,072,2026-07-25,2026-07-25,admissions,national,Democratic Republic of the Congo,"",Ensemble,151,patients,24h,FALSE,TRUE,high,"Indicateur,Ituri,Nord-Kivu,Haut-Uele,Tshopo,Ensemble
Total admissions (24 h),102,49,ND,ND,151",Institut National de Santé Publique,CC BY 4.0,data/csv/072_table_06_tableau_6_occupation_des_structures_de_s.csv
insp,072,2026-07-25,2026-07-25,admissions,national,Democratic Republic of the Congo,"",Ensemble,894,patients,cumulative,FALSE,TRUE,high,"Indicateur,Ituri,Nord-Kivu,Haut-Uele,Tshopo,Ensemble
Total admissions,678,216,ND,ND,894",Institut National de Santé Publique,CC BY 4.0,data/csv/072_table_06_tableau_6_occupation_des_structures_de_s.csv
insp,072,2026-07-25,2026-07-25,admissions,province,Democratic Republic of the Congo,Ituri,Ituri,102,patients,24h,FALSE,TRUE,high,"Indicateur,Ituri,Nord-Kivu,Haut-Uele,Tshopo,Ensemble
Total admissions (24 h),102,49,ND,ND,151",Institut National de Santé Publique,CC BY 4.0,data/csv/072_table_06_tableau_6_occupation_des_structures_de_s.csv
insp,072,2026-07-25,2026-07-25,admissions,province,Democratic Republic of the Congo,Ituri,Ituri,678,patients,cumulative,FALSE,TRUE,high,"Indicateur,Ituri,Nord-Kivu,Haut-Uele,Tshopo,Ensemble
Total admissions,678,216,ND,ND,894",Institut National de Santé Publique,CC BY 4.0,data/csv/072_table_06_tableau_6_occupation_des_structures_de_s.csv
insp,072,2026-07-25,2026-07-25,admissions,province,Democratic Republic of the Congo,Nord-Kivu,Nord-Kivu,49,patients,24h,FALSE,TRUE,high,"Indicateur,Ituri,Nord-Kivu,Haut-Uele,Tshopo,Ensemble
Total admissions (24 h),102,49,ND,ND,151",Institut National de Santé Publique,CC BY 4.0,data/csv/072_table_06_tableau_6_occupation_des_structures_de_s.csv
insp,072,2026-07-25,2026-07-25,admissions,province,Democratic Republic of the Congo,Nord-Kivu,Nord-Kivu,216,patients,cumulative,FALSE,TRUE,high,"Indicateur,Ituri,Nord-Kivu,Haut-Uele,Tshopo,Ensemble
Total admissions,678,216,ND,ND,894",Institut National de Santé Publique,CC BY 4.0,data/csv/072_table_06_tableau_6_occupation_des_structures_de_s.csv
insp,072,2026-07-25,2026-07-25,bed_occupancy_pct,national,Democratic Republic of the Congo,"",Ensemble,82.1,percent,point,FALSE,TRUE,low,"Indicateur,Ituri,Nord-Kivu,Haut-Uele,Tshopo,Ensemble
Taux d'occupation,""75,3%"",""121,3 %"",ND,ND,""82,1%""",Institut National de Santé Publique,CC BY 4.0,data/csv/072_table_06_tableau_6_occupation_des_structures_de_s.csv
insp,072,2026-07-25,2026-07-25,bed_occupancy_pct,province,Democratic Republic of the Congo,Ituri,Ituri,75.3,percent,point,FALSE,TRUE,low,"Indicateur,Ituri,Nord-Kivu,Haut-Uele,Tshopo,Ensemble
Taux d'occupation,""75,3%"",""121,3 %"",ND,ND,""82,1%""",Institut National de Santé Publique,CC BY 4.0,data/csv/072_table_06_tableau_6_occupation_des_structures_de_s.csv
insp,072,2026-07-25,2026-07-25,bed_occupancy_pct,province,Democratic Republic of the Congo,Nord-Kivu,Nord-Kivu,121.3,percent,point,FALSE,TRUE,low,"Indicateur,Ituri,Nord-Kivu,Haut-Uele,Tshopo,Ensemble
Taux d'occupation,""75,3%"",""121,3 %"",ND,ND,""82,1%""",Institut National de Santé Publique,CC BY 4.0,data/csv/072_table_06_tableau_6_occupation_des_structures_de_s.csv
insp,072,2026-07-25,2026-07-25,beds_capacity,national,Democratic Republic of the Congo,"",Ensemble,941,beds,point,FALSE,TRUE,high,"Indicateur,Ituri,Nord-Kivu,Haut-Uele,Tshopo,Ensemble
Nombre de lits,800,141,ND,ND,941",Institut National de Santé Publique,CC BY 4.0,data/csv/072_table_06_tableau_6_occupation_des_structures_de_s.csv
insp,072,2026-07-25,2026-07-25,beds_capacity,province,Democratic Republic of the Congo,Ituri,Ituri,800,beds,point,FALSE,TRUE,high,"Indicateur,Ituri,Nord-Kivu,Haut-Uele,Tshopo,Ensemble
Nombre de lits,800,141,ND,ND,941",Institut National de Santé Publique,CC BY 4.0,data/csv/072_table_06_tableau_6_occupation_des_structures_de_s.csv
insp,072,2026-07-25,2026-07-25,beds_capacity,province,Democratic Republic of the Congo,Nord-Kivu,Nord-Kivu,141,beds,point,FALSE,TRUE,high,"Indicateur,Ituri,Nord-Kivu,Haut-Uele,Tshopo,Ensemble
Nombre de lits,800,141,ND,ND,941",Institut National de Santé Publique,CC BY 4.0,data/csv/072_table_06_tableau_6_occupation_des_structures_de_s.csv
insp,073,2026-07-26,2026-07-25,beds_occupied,national,Democratic Republic of the Congo,"",Ensemble,681,beds,point,FALSE,TRUE,high,"Indicateur,Ituri,Nord-Kivu,Haut-Uele,Tshopo,Ensemble
Patients au lit (J-1),498,183,ND,ND,681",Institut National de Santé Publique,CC BY 4.0,data/csv/073_table_06_tableau_6_occupation_des_structures_de_s.csv
insp,073,2026-07-26,2026-07-25,beds_occupied,province,Democratic Republic of the Congo,Ituri,Ituri,498,beds,point,FALSE,TRUE,high,"Indicateur,Ituri,Nord-Kivu,Haut-Uele,Tshopo,Ensemble
Patients au lit (J-1),498,183,ND,ND,681",Institut National de Santé Publique,CC BY 4.0,data/csv/073_table_06_tableau_6_occupation_des_structures_de_s.csv
insp,073,2026-07-26,2026-07-25,beds_occupied,province,Democratic Republic of the Congo,Nord-Kivu,Nord-Kivu,183,beds,point,FALSE,TRUE,high,"Indicateur,Ituri,Nord-Kivu,Haut-Uele,Tshopo,Ensemble
Patients au lit (J-1),498,183,ND,ND,681",Institut National de Santé Publique,CC BY 4.0,data/csv/073_table_06_tableau_6_occupation_des_structures_de_s.csv
insp,072,2026-07-25,2026-07-25,deaths_in_facility,national,Democratic Republic of the Congo,"",Ensemble,25,patients,24h,FALSE,TRUE,high,"Indicateur,Ituri,Nord-Kivu,Haut-Uele,Tshopo,Ensemble
Sorties Décédés,19,6,ND,ND,25",Institut National de Santé Publique,CC BY 4.0,data/csv/072_table_06_tableau_6_occupation_des_structures_de_s.csv
insp,072,2026-07-25,2026-07-25,deaths_in_facility,province,Democratic Republic of the Congo,Ituri,Ituri,19,patients,24h,FALSE,TRUE,high,"Indicateur,Ituri,Nord-Kivu,Haut-Uele,Tshopo,Ensemble
Sorties Décédés,19,6,ND,ND,25",Institut National de Santé Publique,CC BY 4.0,data/csv/072_table_06_tableau_6_occupation_des_structures_de_s.csv
insp,072,2026-07-25,2026-07-25,deaths_in_facility,province,Democratic Republic of the Congo,Nord-Kivu,Nord-Kivu,6,patients,24h,FALSE,TRUE,high,"Indicateur,Ituri,Nord-Kivu,Haut-Uele,Tshopo,Ensemble
Sorties Décédés,19,6,ND,ND,25",Institut National de Santé Publique,CC BY 4.0,data/csv/072_table_06_tableau_6_occupation_des_structures_de_s.csv
insp,072,2026-07-25,2026-07-25,discharges_recovered,national,Democratic Republic of the Congo,"",Ensemble,15,patients,24h,FALSE,TRUE,high,"Indicateur,Ituri,Nord-Kivu,Haut-Uele,Tshopo,Ensemble
Sorties Guéris,13,2,ND,ND,15",Institut National de Santé Publique,CC BY 4.0,data/csv/072_table_06_tableau_6_occupation_des_structures_de_s.csv
insp,072,2026-07-25,2026-07-25,discharges_recovered,province,Democratic Republic of the Congo,Ituri,Ituri,13,patients,24h,FALSE,TRUE,high,"Indicateur,Ituri,Nord-Kivu,Haut-Uele,Tshopo,Ensemble
Sorties Guéris,13,2,ND,ND,15",Institut National de Santé Publique,CC BY 4.0,data/csv/072_table_06_tableau_6_occupation_des_structures_de_s.csv
insp,072,2026-07-25,2026-07-25,discharges_recovered,province,Democratic Republic of the Congo,Nord-Kivu,Nord-Kivu,2,patients,24h,FALSE,TRUE,high,"Indicateur,Ituri,Nord-Kivu,Haut-Uele,Tshopo,Ensemble
Sorties Guéris,13,2,ND,ND,15",Institut National de Santé Publique,CC BY 4.0,data/csv/072_table_06_tableau_6_occupation_des_structures_de_s.csv
insp,072,2026-07-25,2026-07-25,escapes,national,Democratic Republic of the Congo,"",Ensemble,2,patients,24h,FALSE,TRUE,high,"Indicateur,Ituri,Nord-Kivu,Haut-Uele,Tshopo,Ensemble
Sorties Evadés,2,0,ND,ND,2",Institut National de Santé Publique,CC BY 4.0,data/csv/072_table_06_tableau_6_occupation_des_structures_de_s.csv
insp,072,2026-07-25,2026-07-25,escapes,province,Democratic Republic of the Congo,Ituri,Ituri,2,patients,24h,FALSE,TRUE,high,"Indicateur,Ituri,Nord-Kivu,Haut-Uele,Tshopo,Ensemble
Sorties Evadés,2,0,ND,ND,2",Institut National de Santé Publique,CC BY 4.0,data/csv/072_table_06_tableau_6_occupation_des_structures_de_s.csv
insp,072,2026-07-25,2026-07-25,escapes,province,Democratic Republic of the Congo,Nord-Kivu,Nord-Kivu,0,patients,24h,FALSE,TRUE,high,"Indicateur,Ituri,Nord-Kivu,Haut-Uele,Tshopo,Ensemble
Sorties Evadés,2,0,ND,ND,2",Institut National de Santé Publique,CC BY 4.0,data/csv/072_table_06_tableau_6_occupation_des_structures_de_s.csv
insp,072,2026-07-25,2026-07-25,patients_in_isolation,national,Democratic Republic of the Congo,"",Ensemble,773,patients,point,FALSE,TRUE,high,"Indicateur,Ituri,Nord-Kivu,Haut-Uele,Tshopo,Ensemble
Patients en isolement (fin J),602,171,ND,ND,773",Institut National de Santé Publique,CC BY 4.0,data/csv/072_table_06_tableau_6_occupation_des_structures_de_s.csv
insp,072,2026-07-25,2026-07-25,patients_in_isolation,province,Democratic Republic of the Congo,Ituri,Ituri,602,patients,point,FALSE,TRUE,high,"Indicateur,Ituri,Nord-Kivu,Haut-Uele,Tshopo,Ensemble
Patients en isolement (fin J),602,171,ND,ND,773",Institut National de Santé Publique,CC BY 4.0,data/csv/072_table_06_tableau_6_occupation_des_structures_de_s.csv
insp,072,2026-07-25,2026-07-25,patients_in_isolation,province,Democratic Republic of the Congo,Nord-Kivu,Nord-Kivu,171,patients,point,FALSE,TRUE,high,"Indicateur,Ituri,Nord-Kivu,Haut-Uele,Tshopo,Ensemble
Patients en isolement (fin J),602,171,ND,ND,773",Institut National de Santé Publique,CC BY 4.0,data/csv/072_table_06_tableau_6_occupation_des_structures_de_s.csv
insp,073,2026-07-26,2026-07-26,admissions,national,Democratic Republic of the Congo,"",Ensemble,126,patients,24h,FALSE,TRUE,high,"Indicateur,Ituri,Nord-Kivu,Haut-Uele,Tshopo,Ensemble
Total admissions (24 h),96,30,ND,ND,126",Institut National de Santé Publique,CC BY 4.0,data/csv/073_table_06_tableau_6_occupation_des_structures_de_s.csv
insp,073,2026-07-26,2026-07-26,admissions,national,Democratic Republic of the Congo,"",Ensemble,807,patients,cumulative,FALSE,TRUE,high,"Indicateur,Ituri,Nord-Kivu,Haut-Uele,Tshopo,Ensemble
Total admissions,594,213,ND,ND,807",Institut National de Santé Publique,CC BY 4.0,data/csv/073_table_06_tableau_6_occupation_des_structures_de_s.csv
insp,073,2026-07-26,2026-07-26,admissions,province,Democratic Republic of the Congo,Ituri,Ituri,96,patients,24h,FALSE,TRUE,high,"Indicateur,Ituri,Nord-Kivu,Haut-Uele,Tshopo,Ensemble
Total admissions (24 h),96,30,ND,ND,126",Institut National de Santé Publique,CC BY 4.0,data/csv/073_table_06_tableau_6_occupation_des_structures_de_s.csv
insp,073,2026-07-26,2026-07-26,admissions,province,Democratic Republic of the Congo,Ituri,Ituri,594,patients,cumulative,FALSE,TRUE,high,"Indicateur,Ituri,Nord-Kivu,Haut-Uele,Tshopo,Ensemble
Total admissions,594,213,ND,ND,807",Institut National de Santé Publique,CC BY 4.0,data/csv/073_table_06_tableau_6_occupation_des_structures_de_s.csv
insp,073,2026-07-26,2026-07-26,admissions,province,Democratic Republic of the Congo,Nord-Kivu,Nord-Kivu,30,patients,24h,FALSE,TRUE,high,"Indicateur,Ituri,Nord-Kivu,Haut-Uele,Tshopo,Ensemble
Total admissions (24 h),96,30,ND,ND,126",Institut National de Santé Publique,CC BY 4.0,data/csv/073_table_06_tableau_6_occupation_des_structures_de_s.csv
insp,073,2026-07-26,2026-07-26,admissions,province,Democratic Republic of the Congo,Nord-Kivu,Nord-Kivu,213,patients,cumulative,FALSE,TRUE,high,"Indicateur,Ituri,Nord-Kivu,Haut-Uele,Tshopo,Ensemble
Total admissions,594,213,ND,ND,807",Institut National de Santé Publique,CC BY 4.0,data/csv/073_table_06_tableau_6_occupation_des_structures_de_s.csv
who_afro,afro-11,2026-07-26,2026-07-26,bed_occupancy_pct,national,Democratic Republic of the Congo,"","",76.8,percent,point,FALSE,TRUE,high,"As of 26 July 2026, 723
patients were in isolation, corresponding to an overall bed occupancy rate of 76.8%.",World Health Organization Regional Office for Africa,CC BY-NC-SA 3.0 IGO,https://iris.who.int/handle/10665/386797
insp,073,2026-07-26,2026-07-26,bed_occupancy_pct,national,Democratic Republic of the Congo,"",Ensemble,76.8,percent,point,FALSE,TRUE,low,"Indicateur,Ituri,Nord-Kivu,Haut-Uele,Tshopo,Ensemble
Taux d'occupation,""66,4%"",""136,2 %"",ND,ND,""76,8%""",Institut National de Santé Publique,CC BY 4.0,data/csv/073_table_06_tableau_6_occupation_des_structures_de_s.csv
who_afro,afro-11,2026-07-26,2026-07-26,bed_occupancy_pct,province,Democratic Republic of the Congo,Ituri,Ituri,66.4,percent,point,FALSE,TRUE,high,while Ituri reported an occupancy rate of 66.4%.,World Health Organization Regional Office for Africa,CC BY-NC-SA 3.0 IGO,https://iris.who.int/handle/10665/386797
insp,073,2026-07-26,2026-07-26,bed_occupancy_pct,province,Democratic Republic of the Congo,Ituri,Ituri,66.4,percent,point,FALSE,TRUE,low,"Indicateur,Ituri,Nord-Kivu,Haut-Uele,Tshopo,Ensemble
Taux d'occupation,""66,4%"",""136,2 %"",ND,ND,""76,8%""",Institut National de Santé Publique,CC BY 4.0,data/csv/073_table_06_tableau_6_occupation_des_structures_de_s.csv
who_afro,afro-11,2026-07-26,2026-07-26,bed_occupancy_pct,province,Democratic Republic of the Congo,Nord-Kivu,North Kivu,136.2,percent,point,FALSE,TRUE,high,"Bed occupancy
remained particularly high in North Kivu (136.2%)",World Health Organization Regional Office for Africa,CC BY-NC-SA 3.0 IGO,https://iris.who.int/handle/10665/386797
insp,073,2026-07-26,2026-07-26,bed_occupancy_pct,province,Democratic Republic of the Congo,Nord-Kivu,Nord-Kivu,136.2,percent,point,FALSE,TRUE,low,"Indicateur,Ituri,Nord-Kivu,Haut-Uele,Tshopo,Ensemble
Taux d'occupation,""66,4%"",""136,2 %"",ND,ND,""76,8%""",Institut National de Santé Publique,CC BY 4.0,data/csv/073_table_06_tableau_6_occupation_des_structures_de_s.csv
who_afro,afro-11,2026-07-26,2026-07-26,beds_capacity,national,Democratic Republic of the Congo,"","",941,beds,point,FALSE,TRUE,high,"Case management capacity continued across the Democratic Republic of the Congo, with operational
treatment centres and care facilities providing 941 isolation and treatment beds.",World Health Organization Regional Office for Africa,CC BY-NC-SA 3.0 IGO,https://iris.who.int/handle/10665/386797
insp,073,2026-07-26,2026-07-26,beds_capacity,national,Democratic Republic of the Congo,"",Ensemble,941,beds,point,FALSE,TRUE,high,"Indicateur,Ituri,Nord-Kivu,Haut-Uele,Tshopo,Ensemble
Nombre de lits,800,141,ND,ND,941",Institut National de Santé Publique,CC BY 4.0,data/csv/073_table_06_tableau_6_occupation_des_structures_de_s.csv
insp,073,2026-07-26,2026-07-26,beds_capacity,province,Democratic Republic of the Congo,Ituri,Ituri,800,beds,point,FALSE,TRUE,high,"Indicateur,Ituri,Nord-Kivu,Haut-Uele,Tshopo,Ensemble
Nombre de lits,800,141,ND,ND,941",Institut National de Santé Publique,CC BY 4.0,data/csv/073_table_06_tableau_6_occupation_des_structures_de_s.csv
insp,073,2026-07-26,2026-07-26,beds_capacity,province,Democratic Republic of the Congo,Nord-Kivu,Nord-Kivu,141,beds,point,FALSE,TRUE,high,"Indicateur,Ituri,Nord-Kivu,Haut-Uele,Tshopo,Ensemble
Nombre de lits,800,141,ND,ND,941",Institut National de Santé Publique,CC BY 4.0,data/csv/073_table_06_tableau_6_occupation_des_structures_de_s.csv
insp,074,2026-07-27,2026-07-26,beds_occupied,national,Democratic Republic of the Congo,"",Ensemble,719,beds,point,FALSE,TRUE,high,"Indicateur,Ituri,Nord-Kivu,Haut-Uele,Tshopo,Ensemble
Patients au lit (J-1),538,181,ND,ND,719",Institut National de Santé Publique,CC BY 4.0,data/csv/074_table_06_tableau_6_occupation_des_structures_de_s.csv
insp,074,2026-07-27,2026-07-26,beds_occupied,province,Democratic Republic of the Congo,Ituri,Ituri,538,beds,point,FALSE,TRUE,high,"Indicateur,Ituri,Nord-Kivu,Haut-Uele,Tshopo,Ensemble
Patients au lit (J-1),538,181,ND,ND,719",Institut National de Santé Publique,CC BY 4.0,data/csv/074_table_06_tableau_6_occupation_des_structures_de_s.csv
insp,074,2026-07-27,2026-07-26,beds_occupied,province,Democratic Republic of the Congo,Nord-Kivu,Nord-Kivu,181,beds,point,FALSE,TRUE,high,"Indicateur,Ituri,Nord-Kivu,Haut-Uele,Tshopo,Ensemble
Patients au lit (J-1),538,181,ND,ND,719",Institut National de Santé Publique,CC BY 4.0,data/csv/074_table_06_tableau_6_occupation_des_structures_de_s.csv
who_afro,afro-11,2026-07-26,2026-07-26,deaths_in_facility,national,Democratic Republic of the Congo,"","",110,patients,7d,FALSE,TRUE,high,"During the last seven reporting days (20
– 26 July 2026), 296 confirmed deaths were reported, of which 186 (62.8%) were classified as community deaths and
110 (37.2%) occurred in designated treatment or care centres.",World Health Organization Regional Office for Africa,CC BY-NC-SA 3.0 IGO,https://iris.who.int/handle/10665/386797
insp,073,2026-07-26,2026-07-26,deaths_in_facility,national,Democratic Republic of the Congo,"",Ensemble,14,patients,24h,FALSE,TRUE,high,"Indicateur,Ituri,Nord-Kivu,Haut-Uele,Tshopo,Ensemble
Sorties Décédés,11,3,ND,ND,14",Institut National de Santé Publique,CC BY 4.0,data/csv/073_table_06_tableau_6_occupation_des_structures_de_s.csv
insp,073,2026-07-26,2026-07-26,deaths_in_facility,province,Democratic Republic of the Congo,Ituri,Ituri,11,patients,24h,FALSE,TRUE,high,"Indicateur,Ituri,Nord-Kivu,Haut-Uele,Tshopo,Ensemble
Sorties Décédés,11,3,ND,ND,14",Institut National de Santé Publique,CC BY 4.0,data/csv/073_table_06_tableau_6_occupation_des_structures_de_s.csv
insp,073,2026-07-26,2026-07-26,deaths_in_facility,province,Democratic Republic of the Congo,Nord-Kivu,Nord-Kivu,3,patients,24h,FALSE,TRUE,high,"Indicateur,Ituri,Nord-Kivu,Haut-Uele,Tshopo,Ensemble
Sorties Décédés,11,3,ND,ND,14",Institut National de Santé Publique,CC BY 4.0,data/csv/073_table_06_tableau_6_occupation_des_structures_de_s.csv
who_afro,afro-11,2026-07-26,2026-07-26,discharges_recovered,national,Democratic Republic of the Congo,"","",583,patients,cumulative,TRUE,TRUE,high,"5 Provinces 4 Provinces 583 76.8% 15 498
48 Health Zones 42 Health Zones Cases Bed Contacts
Affected Active Transmission Recovered Occupancy to follow",World Health Organization Regional Office for Africa,CC BY-NC-SA 3.0 IGO,https://iris.who.int/handle/10665/386797
who_afro,afro-11,2026-07-26,2026-07-26,discharges_recovered,national,Democratic Republic of the Congo,"","",568,patients,cumulative,TRUE,FALSE,high,"Clinical outcomes continued to improve, with cumulative recoveries increasing to 568 by 26 July 2026",World Health Organization Regional Office for Africa,CC BY-NC-SA 3.0 IGO,https://iris.who.int/handle/10665/386797
insp,073,2026-07-26,2026-07-26,discharges_recovered,national,Democratic Republic of the Congo,"",Ensemble,12,patients,24h,FALSE,TRUE,high,"Indicateur,Ituri,Nord-Kivu,Haut-Uele,Tshopo,Ensemble
Sorties Guéris,11,1,ND,ND,12",Institut National de Santé Publique,CC BY 4.0,data/csv/073_table_06_tableau_6_occupation_des_structures_de_s.csv
insp,073,2026-07-26,2026-07-26,discharges_recovered,province,Democratic Republic of the Congo,Ituri,Ituri,11,patients,24h,FALSE,TRUE,high,"Indicateur,Ituri,Nord-Kivu,Haut-Uele,Tshopo,Ensemble
Sorties Guéris,11,1,ND,ND,12",Institut National de Santé Publique,CC BY 4.0,data/csv/073_table_06_tableau_6_occupation_des_structures_de_s.csv
insp,073,2026-07-26,2026-07-26,discharges_recovered,province,Democratic Republic of the Congo,Nord-Kivu,Nord-Kivu,1,patients,24h,FALSE,TRUE,high,"Indicateur,Ituri,Nord-Kivu,Haut-Uele,Tshopo,Ensemble
Sorties Guéris,11,1,ND,ND,12",Institut National de Santé Publique,CC BY 4.0,data/csv/073_table_06_tableau_6_occupation_des_structures_de_s.csv
insp,073,2026-07-26,2026-07-26,escapes,national,Democratic Republic of the Congo,"",Ensemble,1,patients,24h,FALSE,TRUE,high,"Indicateur,Ituri,Nord-Kivu,Haut-Uele,Tshopo,Ensemble
Sorties Evadés,1,0,ND,ND,1",Institut National de Santé Publique,CC BY 4.0,data/csv/073_table_06_tableau_6_occupation_des_structures_de_s.csv
insp,073,2026-07-26,2026-07-26,escapes,province,Democratic Republic of the Congo,Ituri,Ituri,1,patients,24h,FALSE,TRUE,high,"Indicateur,Ituri,Nord-Kivu,Haut-Uele,Tshopo,Ensemble
Sorties Evadés,1,0,ND,ND,1",Institut National de Santé Publique,CC BY 4.0,data/csv/073_table_06_tableau_6_occupation_des_structures_de_s.csv
insp,073,2026-07-26,2026-07-26,escapes,province,Democratic Republic of the Congo,Nord-Kivu,Nord-Kivu,0,patients,24h,FALSE,TRUE,high,"Indicateur,Ituri,Nord-Kivu,Haut-Uele,Tshopo,Ensemble
Sorties Evadés,1,0,ND,ND,1",Institut National de Santé Publique,CC BY 4.0,data/csv/073_table_06_tableau_6_occupation_des_structures_de_s.csv
who_afro,afro-11,2026-07-26,2026-07-26,facilities_operational,national,Democratic Republic of the Congo,"","",8,facilities,point,FALSE,TRUE,high,IPC/WASH assessments were also completed at all eight Ebola treatment centres (ETCs).,World Health Organization Regional Office for Africa,CC BY-NC-SA 3.0 IGO,https://iris.who.int/handle/10665/386797
who_afro,afro-11,2026-07-26,2026-07-26,laboratories_testing,national,Democratic Republic of the Congo,"","",18,laboratories,point,FALSE,TRUE,high,"723 123 37 941 18
Active Health Worker Health Worker Bed Testing
Cases in Isolation Cases Deaths Capacity Laboratories",World Health Organization Regional Office for Africa,CC BY-NC-SA 3.0 IGO,https://iris.who.int/handle/10665/386797
who_afro,afro-11,2026-07-26,2026-07-26,patients_in_isolation,national,Democratic Republic of the Congo,"","",723,patients,point,FALSE,TRUE,high,"As of 26 July 2026, 723
patients were in isolation, corresponding to an overall bed occupancy rate of 76.8%.",World Health Organization Regional Office for Africa,CC BY-NC-SA 3.0 IGO,https://iris.who.int/handle/10665/386797
insp,073,2026-07-26,2026-07-26,patients_in_isolation,national,Democratic Republic of the Congo,"",Ensemble,723,patients,point,FALSE,TRUE,high,"Indicateur,Ituri,Nord-Kivu,Haut-Uele,Tshopo,Ensemble
Patients en isolement (fin J),531,192,ND,ND,723",Institut National de Santé Publique,CC BY 4.0,data/csv/073_table_06_tableau_6_occupation_des_structures_de_s.csv
insp,073,2026-07-26,2026-07-26,patients_in_isolation,province,Democratic Republic of the Congo,Ituri,Ituri,531,patients,point,FALSE,TRUE,high,"Indicateur,Ituri,Nord-Kivu,Haut-Uele,Tshopo,Ensemble
Patients en isolement (fin J),531,192,ND,ND,723",Institut National de Santé Publique,CC BY 4.0,data/csv/073_table_06_tableau_6_occupation_des_structures_de_s.csv
insp,073,2026-07-26,2026-07-26,patients_in_isolation,province,Democratic Republic of the Congo,Nord-Kivu,Nord-Kivu,192,patients,point,FALSE,TRUE,high,"Indicateur,Ituri,Nord-Kivu,Haut-Uele,Tshopo,Ensemble
Patients en isolement (fin J),531,192,ND,ND,723",Institut National de Santé Publique,CC BY 4.0,data/csv/073_table_06_tableau_6_occupation_des_structures_de_s.csv
insp,074,2026-07-27,2026-07-27,admissions,national,Democratic Republic of the Congo,"",Ensemble,140,patients,24h,FALSE,TRUE,high,"Indicateur,Ituri,Nord-Kivu,Haut-Uele,Tshopo,Ensemble
Total admissions (24 h),92,48,ND,ND,140",Institut National de Santé Publique,CC BY 4.0,data/csv/074_table_06_tableau_6_occupation_des_structures_de_s.csv
insp,074,2026-07-27,2026-07-27,admissions,national,Democratic Republic of the Congo,"",Ensemble,859,patients,cumulative,FALSE,TRUE,high,"Indicateur,Ituri,Nord-Kivu,Haut-Uele,Tshopo,Ensemble
Total admissions,630,229,ND,ND,859",Institut National de Santé Publique,CC BY 4.0,data/csv/074_table_06_tableau_6_occupation_des_structures_de_s.csv
insp,074,2026-07-27,2026-07-27,admissions,province,Democratic Republic of the Congo,Ituri,Ituri,92,patients,24h,FALSE,TRUE,high,"Indicateur,Ituri,Nord-Kivu,Haut-Uele,Tshopo,Ensemble
Total admissions (24 h),92,48,ND,ND,140",Institut National de Santé Publique,CC BY 4.0,data/csv/074_table_06_tableau_6_occupation_des_structures_de_s.csv
insp,074,2026-07-27,2026-07-27,admissions,province,Democratic Republic of the Congo,Ituri,Ituri,630,patients,cumulative,FALSE,TRUE,high,"Indicateur,Ituri,Nord-Kivu,Haut-Uele,Tshopo,Ensemble
Total admissions,630,229,ND,ND,859",Institut National de Santé Publique,CC BY 4.0,data/csv/074_table_06_tableau_6_occupation_des_structures_de_s.csv
insp,074,2026-07-27,2026-07-27,admissions,province,Democratic Republic of the Congo,Nord-Kivu,Nord-Kivu,48,patients,24h,FALSE,TRUE,high,"Indicateur,Ituri,Nord-Kivu,Haut-Uele,Tshopo,Ensemble
Total admissions (24 h),92,48,ND,ND,140",Institut National de Santé Publique,CC BY 4.0,data/csv/074_table_06_tableau_6_occupation_des_structures_de_s.csv
insp,074,2026-07-27,2026-07-27,admissions,province,Democratic Republic of the Congo,Nord-Kivu,Nord-Kivu,229,patients,cumulative,FALSE,TRUE,high,"Indicateur,Ituri,Nord-Kivu,Haut-Uele,Tshopo,Ensemble
Total admissions,630,229,ND,ND,859",Institut National de Santé Publique,CC BY 4.0,data/csv/074_table_06_tableau_6_occupation_des_structures_de_s.csv
insp,074,2026-07-27,2026-07-27,bed_occupancy_pct,national,Democratic Republic of the Congo,"",Ensemble,77.3,percent,point,FALSE,TRUE,low,"Indicateur,Ituri,Nord-Kivu,Haut-Uele,Tshopo,Ensemble
Taux d'occupation,""67,3%"",""134,0 %"",ND,ND,""77,3%""",Institut National de Santé Publique,CC BY 4.0,data/csv/074_table_06_tableau_6_occupation_des_structures_de_s.csv
insp,074,2026-07-27,2026-07-27,bed_occupancy_pct,province,Democratic Republic of the Congo,Ituri,Ituri,67.3,percent,point,FALSE,TRUE,low,"Indicateur,Ituri,Nord-Kivu,Haut-Uele,Tshopo,Ensemble
Taux d'occupation,""67,3%"",""134,0 %"",ND,ND,""77,3%""",Institut National de Santé Publique,CC BY 4.0,data/csv/074_table_06_tableau_6_occupation_des_structures_de_s.csv
insp,074,2026-07-27,2026-07-27,bed_occupancy_pct,province,Democratic Republic of the Congo,Nord-Kivu,Nord-Kivu,134,percent,point,FALSE,TRUE,low,"Indicateur,Ituri,Nord-Kivu,Haut-Uele,Tshopo,Ensemble
Taux d'occupation,""67,3%"",""134,0 %"",ND,ND,""77,3%""",Institut National de Santé Publique,CC BY 4.0,data/csv/074_table_06_tableau_6_occupation_des_structures_de_s.csv
insp,074,2026-07-27,2026-07-27,beds_capacity,national,Democratic Republic of the Congo,"",Ensemble,949,beds,point,FALSE,TRUE,high,"Indicateur,Ituri,Nord-Kivu,Haut-Uele,Tshopo,Ensemble
Nombre de lits,808,141,ND,ND,949",Institut National de Santé Publique,CC BY 4.0,data/csv/074_table_06_tableau_6_occupation_des_structures_de_s.csv
insp,074,2026-07-27,2026-07-27,beds_capacity,province,Democratic Republic of the Congo,Ituri,Ituri,808,beds,point,FALSE,TRUE,high,"Indicateur,Ituri,Nord-Kivu,Haut-Uele,Tshopo,Ensemble
Nombre de lits,808,141,ND,ND,949",Institut National de Santé Publique,CC BY 4.0,data/csv/074_table_06_tableau_6_occupation_des_structures_de_s.csv
insp,074,2026-07-27,2026-07-27,beds_capacity,province,Democratic Republic of the Congo,Nord-Kivu,Nord-Kivu,141,beds,point,FALSE,TRUE,high,"Indicateur,Ituri,Nord-Kivu,Haut-Uele,Tshopo,Ensemble
Nombre de lits,808,141,ND,ND,949",Institut National de Santé Publique,CC BY 4.0,data/csv/074_table_06_tableau_6_occupation_des_structures_de_s.csv
insp,074,2026-07-27,2026-07-27,deaths_in_facility,national,Democratic Republic of the Congo,"",Ensemble,22,patients,24h,FALSE,TRUE,high,"Indicateur,Ituri,Nord-Kivu,Haut-Uele,Tshopo,Ensemble
Sorties Décédés,19,3,ND,ND,22",Institut National de Santé Publique,CC BY 4.0,data/csv/074_table_06_tableau_6_occupation_des_structures_de_s.csv
insp,074,2026-07-27,2026-07-27,deaths_in_facility,province,Democratic Republic of the Congo,Ituri,Ituri,19,patients,24h,FALSE,TRUE,high,"Indicateur,Ituri,Nord-Kivu,Haut-Uele,Tshopo,Ensemble
Sorties Décédés,19,3,ND,ND,22",Institut National de Santé Publique,CC BY 4.0,data/csv/074_table_06_tableau_6_occupation_des_structures_de_s.csv
insp,074,2026-07-27,2026-07-27,deaths_in_facility,province,Democratic Republic of the Congo,Nord-Kivu,Nord-Kivu,3,patients,24h,FALSE,TRUE,high,"Indicateur,Ituri,Nord-Kivu,Haut-Uele,Tshopo,Ensemble
Sorties Décédés,19,3,ND,ND,22",Institut National de Santé Publique,CC BY 4.0,data/csv/074_table_06_tableau_6_occupation_des_structures_de_s.csv
insp,074,2026-07-27,2026-07-27,discharges_recovered,national,Democratic Republic of the Congo,"",Ensemble,14,patients,24h,FALSE,TRUE,high,"Indicateur,Ituri,Nord-Kivu,Haut-Uele,Tshopo,Ensemble
Sorties Guéris,13,1,ND,ND,14",Institut National de Santé Publique,CC BY 4.0,data/csv/074_table_06_tableau_6_occupation_des_structures_de_s.csv
insp,074,2026-07-27,2026-07-27,discharges_recovered,province,Democratic Republic of the Congo,Ituri,Ituri,13,patients,24h,FALSE,TRUE,high,"Indicateur,Ituri,Nord-Kivu,Haut-Uele,Tshopo,Ensemble
Sorties Guéris,13,1,ND,ND,14",Institut National de Santé Publique,CC BY 4.0,data/csv/074_table_06_tableau_6_occupation_des_structures_de_s.csv
insp,074,2026-07-27,2026-07-27,discharges_recovered,province,Democratic Republic of the Congo,Nord-Kivu,Nord-Kivu,1,patients,24h,FALSE,TRUE,high,"Indicateur,Ituri,Nord-Kivu,Haut-Uele,Tshopo,Ensemble
Sorties Guéris,13,1,ND,ND,14",Institut National de Santé Publique,CC BY 4.0,data/csv/074_table_06_tableau_6_occupation_des_structures_de_s.csv
insp,074,2026-07-27,2026-07-27,escapes,national,Democratic Republic of the Congo,"",Ensemble,5,patients,24h,FALSE,TRUE,high,"Indicateur,Ituri,Nord-Kivu,Haut-Uele,Tshopo,Ensemble
Sorties Evadés,5,0,ND,ND,5",Institut National de Santé Publique,CC BY 4.0,data/csv/074_table_06_tableau_6_occupation_des_structures_de_s.csv
insp,074,2026-07-27,2026-07-27,escapes,province,Democratic Republic of the Congo,Ituri,Ituri,5,patients,24h,FALSE,TRUE,high,"Indicateur,Ituri,Nord-Kivu,Haut-Uele,Tshopo,Ensemble
Sorties Evadés,5,0,ND,ND,5",Institut National de Santé Publique,CC BY 4.0,data/csv/074_table_06_tableau_6_occupation_des_structures_de_s.csv
insp,074,2026-07-27,2026-07-27,escapes,province,Democratic Republic of the Congo,Nord-Kivu,Nord-Kivu,0,patients,24h,FALSE,TRUE,high,"Indicateur,Ituri,Nord-Kivu,Haut-Uele,Tshopo,Ensemble
Sorties Evadés,5,0,ND,ND,5",Institut National de Santé Publique,CC BY 4.0,data/csv/074_table_06_tableau_6_occupation_des_structures_de_s.csv
insp,074,2026-07-27,2026-07-27,patients_in_isolation,national,Democratic Republic of the Congo,"",Ensemble,733,patients,point,FALSE,TRUE,high,"Indicateur,Ituri,Nord-Kivu,Haut-Uele,Tshopo,Ensemble
Patients en isolement (fin J),544,189,ND,ND,733",Institut National de Santé Publique,CC BY 4.0,data/csv/074_table_06_tableau_6_occupation_des_structures_de_s.csv
insp,074,2026-07-27,2026-07-27,patients_in_isolation,province,Democratic Republic of the Congo,Ituri,Ituri,544,patients,point,FALSE,TRUE,high,"Indicateur,Ituri,Nord-Kivu,Haut-Uele,Tshopo,Ensemble
Patients en isolement (fin J),544,189,ND,ND,733",Institut National de Santé Publique,CC BY 4.0,data/csv/074_table_06_tableau_6_occupation_des_structures_de_s.csv
insp,074,2026-07-27,2026-07-27,patients_in_isolation,province,Democratic Republic of the Congo,Nord-Kivu,Nord-Kivu,189,patients,point,FALSE,TRUE,high,"Indicateur,Ituri,Nord-Kivu,Haut-Uele,Tshopo,Ensemble
Patients en isolement (fin J),544,189,ND,ND,733",Institut National de Santé Publique,CC BY 4.0,data/csv/074_table_06_tableau_6_occupation_des_structures_de_s.csv
insp,077,2026-07-30,2026-07-29,beds_occupied,national,Democratic Republic of the Congo,"",Ensemble,799,beds,point,FALSE,TRUE,high,"Indicateur,Ituri,Nord-Kivu,Haut-Uele,Tshopo,Ensemble
Patients au lit (J-1),553,220,25,1,799",Institut National de Santé Publique,CC BY 4.0,data/csv/077_table_06_tableau_6_occupation_des_structures_de_s.csv
insp,077,2026-07-30,2026-07-29,beds_occupied,province,Democratic Republic of the Congo,Haut-Uele,Haut-Uele,25,beds,point,FALSE,TRUE,high,"Indicateur,Ituri,Nord-Kivu,Haut-Uele,Tshopo,Ensemble
Patients au lit (J-1),553,220,25,1,799",Institut National de Santé Publique,CC BY 4.0,data/csv/077_table_06_tableau_6_occupation_des_structures_de_s.csv
insp,077,2026-07-30,2026-07-29,beds_occupied,province,Democratic Republic of the Congo,Ituri,Ituri,553,beds,point,FALSE,TRUE,high,"Indicateur,Ituri,Nord-Kivu,Haut-Uele,Tshopo,Ensemble
Patients au lit (J-1),553,220,25,1,799",Institut National de Santé Publique,CC BY 4.0,data/csv/077_table_06_tableau_6_occupation_des_structures_de_s.csv
insp,077,2026-07-30,2026-07-29,beds_occupied,province,Democratic Republic of the Congo,Nord-Kivu,Nord-Kivu,220,beds,point,FALSE,TRUE,high,"Indicateur,Ituri,Nord-Kivu,Haut-Uele,Tshopo,Ensemble
Patients au lit (J-1),553,220,25,1,799",Institut National de Santé Publique,CC BY 4.0,data/csv/077_table_06_tableau_6_occupation_des_structures_de_s.csv
insp,077,2026-07-30,2026-07-29,beds_occupied,province,Democratic Republic of the Congo,Tshopo,Tshopo,1,beds,point,FALSE,TRUE,high,"Indicateur,Ituri,Nord-Kivu,Haut-Uele,Tshopo,Ensemble
Patients au lit (J-1),553,220,25,1,799",Institut National de Santé Publique,CC BY 4.0,data/csv/077_table_06_tableau_6_occupation_des_structures_de_s.csv
who_afro,afro-11,2026-07-26,2026-07-29,laboratories_testing,national,Democratic Republic of the Congo,"","",19,laboratories,point,FALSE,TRUE,high,"As of 29 July
2026, 19 diagnostic laboratories and testing units were operational across Ituri, South Kivu, Tshopo, Haut-
Uélé and North Kivu provinces",World Health Organization Regional Office for Africa,CC BY-NC-SA 3.0 IGO,https://iris.who.int/handle/10665/386797
insp,077,2026-07-30,2026-07-30,admissions,national,Democratic Republic of the Congo,"",Ensemble,118,patients,24h,FALSE,TRUE,high,"Indicateur,Ituri,Nord-Kivu,Haut-Uele,Tshopo,Ensemble
Total admissions (24 h),58,53,7,0,118",Institut National de Santé Publique,CC BY 4.0,data/csv/077_table_06_tableau_6_occupation_des_structures_de_s.csv
insp,077,2026-07-30,2026-07-30,admissions,national,Democratic Republic of the Congo,"",Ensemble,1140,patients,cumulative,FALSE,TRUE,high,"Indicateur,Ituri,Nord-Kivu,Haut-Uele,Tshopo,Ensemble
Total admissions,771,321,47,1,1 140",Institut National de Santé Publique,CC BY 4.0,data/csv/077_table_06_tableau_6_occupation_des_structures_de_s.csv
insp,077,2026-07-30,2026-07-30,admissions,province,Democratic Republic of the Congo,Haut-Uele,Haut-Uele,7,patients,24h,FALSE,TRUE,high,"Indicateur,Ituri,Nord-Kivu,Haut-Uele,Tshopo,Ensemble
Total admissions (24 h),58,53,7,0,118",Institut National de Santé Publique,CC BY 4.0,data/csv/077_table_06_tableau_6_occupation_des_structures_de_s.csv
insp,077,2026-07-30,2026-07-30,admissions,province,Democratic Republic of the Congo,Haut-Uele,Haut-Uele,47,patients,cumulative,FALSE,TRUE,high,"Indicateur,Ituri,Nord-Kivu,Haut-Uele,Tshopo,Ensemble
Total admissions,771,321,47,1,1 140",Institut National de Santé Publique,CC BY 4.0,data/csv/077_table_06_tableau_6_occupation_des_structures_de_s.csv
insp,077,2026-07-30,2026-07-30,admissions,province,Democratic Republic of the Congo,Ituri,Ituri,58,patients,24h,FALSE,TRUE,high,"Indicateur,Ituri,Nord-Kivu,Haut-Uele,Tshopo,Ensemble
Total admissions (24 h),58,53,7,0,118",Institut National de Santé Publique,CC BY 4.0,data/csv/077_table_06_tableau_6_occupation_des_structures_de_s.csv
insp,077,2026-07-30,2026-07-30,admissions,province,Democratic Republic of the Congo,Ituri,Ituri,771,patients,cumulative,FALSE,TRUE,high,"Indicateur,Ituri,Nord-Kivu,Haut-Uele,Tshopo,Ensemble
Total admissions,771,321,47,1,1 140",Institut National de Santé Publique,CC BY 4.0,data/csv/077_table_06_tableau_6_occupation_des_structures_de_s.csv
insp,077,2026-07-30,2026-07-30,admissions,province,Democratic Republic of the Congo,Nord-Kivu,Nord-Kivu,53,patients,24h,FALSE,TRUE,high,"Indicateur,Ituri,Nord-Kivu,Haut-Uele,Tshopo,Ensemble
Total admissions (24 h),58,53,7,0,118",Institut National de Santé Publique,CC BY 4.0,data/csv/077_table_06_tableau_6_occupation_des_structures_de_s.csv
insp,077,2026-07-30,2026-07-30,admissions,province,Democratic Republic of the Congo,Nord-Kivu,Nord-Kivu,321,patients,cumulative,FALSE,TRUE,high,"Indicateur,Ituri,Nord-Kivu,Haut-Uele,Tshopo,Ensemble
Total admissions,771,321,47,1,1 140",Institut National de Santé Publique,CC BY 4.0,data/csv/077_table_06_tableau_6_occupation_des_structures_de_s.csv
insp,077,2026-07-30,2026-07-30,admissions,province,Democratic Republic of the Congo,Tshopo,Tshopo,0,patients,24h,FALSE,TRUE,high,"Indicateur,Ituri,Nord-Kivu,Haut-Uele,Tshopo,Ensemble
Total admissions (24 h),58,53,7,0,118",Institut National de Santé Publique,CC BY 4.0,data/csv/077_table_06_tableau_6_occupation_des_structures_de_s.csv
insp,077,2026-07-30,2026-07-30,admissions,province,Democratic Republic of the Congo,Tshopo,Tshopo,1,patients,cumulative,FALSE,TRUE,high,"Indicateur,Ituri,Nord-Kivu,Haut-Uele,Tshopo,Ensemble
Total admissions,771,321,47,1,1 140",Institut National de Santé Publique,CC BY 4.0,data/csv/077_table_06_tableau_6_occupation_des_structures_de_s.csv
insp,077,2026-07-30,2026-07-30,bed_occupancy_pct,national,Democratic Republic of the Congo,"",Ensemble,71.3,percent,point,FALSE,TRUE,low,"Indicateur,Ituri,Nord-Kivu,Haut-Uele,Tshopo,Ensemble
Taux d'occupation,""63,8%"",""143,3%"",""32,4%"",""5,0%"",""71,3%""",Institut National de Santé Publique,CC BY 4.0,data/csv/077_table_06_tableau_6_occupation_des_structures_de_s.csv
insp,077,2026-07-30,2026-07-30,bed_occupancy_pct,province,Democratic Republic of the Congo,Haut-Uele,Haut-Uele,32.4,percent,point,FALSE,TRUE,low,"Indicateur,Ituri,Nord-Kivu,Haut-Uele,Tshopo,Ensemble
Taux d'occupation,""63,8%"",""143,3%"",""32,4%"",""5,0%"",""71,3%""",Institut National de Santé Publique,CC BY 4.0,data/csv/077_table_06_tableau_6_occupation_des_structures_de_s.csv
insp,077,2026-07-30,2026-07-30,bed_occupancy_pct,province,Democratic Republic of the Congo,Ituri,Ituri,63.8,percent,point,FALSE,TRUE,low,"Indicateur,Ituri,Nord-Kivu,Haut-Uele,Tshopo,Ensemble
Taux d'occupation,""63,8%"",""143,3%"",""32,4%"",""5,0%"",""71,3%""",Institut National de Santé Publique,CC BY 4.0,data/csv/077_table_06_tableau_6_occupation_des_structures_de_s.csv
insp,077,2026-07-30,2026-07-30,bed_occupancy_pct,province,Democratic Republic of the Congo,Nord-Kivu,Nord-Kivu,143.3,percent,point,FALSE,TRUE,low,"Indicateur,Ituri,Nord-Kivu,Haut-Uele,Tshopo,Ensemble
Taux d'occupation,""63,8%"",""143,3%"",""32,4%"",""5,0%"",""71,3%""",Institut National de Santé Publique,CC BY 4.0,data/csv/077_table_06_tableau_6_occupation_des_structures_de_s.csv
insp,077,2026-07-30,2026-07-30,bed_occupancy_pct,province,Democratic Republic of the Congo,Tshopo,Tshopo,5,percent,point,FALSE,TRUE,low,"Indicateur,Ituri,Nord-Kivu,Haut-Uele,Tshopo,Ensemble
Taux d'occupation,""63,8%"",""143,3%"",""32,4%"",""5,0%"",""71,3%""",Institut National de Santé Publique,CC BY 4.0,data/csv/077_table_06_tableau_6_occupation_des_structures_de_s.csv
insp,077,2026-07-30,2026-07-30,beds_capacity,national,Democratic Republic of the Congo,"",Ensemble,1049,beds,point,FALSE,TRUE,high,"Indicateur,Ituri,Nord-Kivu,Haut-Uele,Tshopo,Ensemble
Nombre de lits,820,141,68,20,1 049",Institut National de Santé Publique,CC BY 4.0,data/csv/077_table_06_tableau_6_occupation_des_structures_de_s.csv
insp,077,2026-07-30,2026-07-30,beds_capacity,province,Democratic Republic of the Congo,Haut-Uele,Haut-Uele,68,beds,point,FALSE,TRUE,high,"Indicateur,Ituri,Nord-Kivu,Haut-Uele,Tshopo,Ensemble
Nombre de lits,820,141,68,20,1 049",Institut National de Santé Publique,CC BY 4.0,data/csv/077_table_06_tableau_6_occupation_des_structures_de_s.csv
insp,077,2026-07-30,2026-07-30,beds_capacity,province,Democratic Republic of the Congo,Ituri,Ituri,820,beds,point,FALSE,TRUE,high,"Indicateur,Ituri,Nord-Kivu,Haut-Uele,Tshopo,Ensemble
Nombre de lits,820,141,68,20,1 049",Institut National de Santé Publique,CC BY 4.0,data/csv/077_table_06_tableau_6_occupation_des_structures_de_s.csv
insp,077,2026-07-30,2026-07-30,beds_capacity,province,Democratic Republic of the Congo,Nord-Kivu,Nord-Kivu,141,beds,point,FALSE,TRUE,high,"Indicateur,Ituri,Nord-Kivu,Haut-Uele,Tshopo,Ensemble
Nombre de lits,820,141,68,20,1 049",Institut National de Santé Publique,CC BY 4.0,data/csv/077_table_06_tableau_6_occupation_des_structures_de_s.csv
insp,077,2026-07-30,2026-07-30,beds_capacity,province,Democratic Republic of the Congo,Tshopo,Tshopo,20,beds,point,FALSE,TRUE,high,"Indicateur,Ituri,Nord-Kivu,Haut-Uele,Tshopo,Ensemble
Nombre de lits,820,141,68,20,1 049",Institut National de Santé Publique,CC BY 4.0,data/csv/077_table_06_tableau_6_occupation_des_structures_de_s.csv
insp,078,2026-07-31,2026-07-30,beds_occupied,national,Democratic Republic of the Congo,"",Ensemble,731,beds,point,FALSE,TRUE,high,"Indicateur,Ituri,Nord-Kivu,Haut-Uele,Tshopo,Ensemble
Patients au lit (J-1),518,190,22,1,731",Institut National de Santé Publique,CC BY 4.0,data/csv/078_table_06_tableau_6_occupation_des_structures_de_s.csv
insp,078,2026-07-31,2026-07-30,beds_occupied,province,Democratic Republic of the Congo,Haut-Uele,Haut-Uele,22,beds,point,FALSE,TRUE,high,"Indicateur,Ituri,Nord-Kivu,Haut-Uele,Tshopo,Ensemble
Patients au lit (J-1),518,190,22,1,731",Institut National de Santé Publique,CC BY 4.0,data/csv/078_table_06_tableau_6_occupation_des_structures_de_s.csv
insp,078,2026-07-31,2026-07-30,beds_occupied,province,Democratic Republic of the Congo,Ituri,Ituri,518,beds,point,FALSE,TRUE,high,"Indicateur,Ituri,Nord-Kivu,Haut-Uele,Tshopo,Ensemble
Patients au lit (J-1),518,190,22,1,731",Institut National de Santé Publique,CC BY 4.0,data/csv/078_table_06_tableau_6_occupation_des_structures_de_s.csv
insp,078,2026-07-31,2026-07-30,beds_occupied,province,Democratic Republic of the Congo,Nord-Kivu,Nord-Kivu,190,beds,point,FALSE,TRUE,high,"Indicateur,Ituri,Nord-Kivu,Haut-Uele,Tshopo,Ensemble
Patients au lit (J-1),518,190,22,1,731",Institut National de Santé Publique,CC BY 4.0,data/csv/078_table_06_tableau_6_occupation_des_structures_de_s.csv
insp,078,2026-07-31,2026-07-30,beds_occupied,province,Democratic Republic of the Congo,Tshopo,Tshopo,1,beds,point,FALSE,TRUE,high,"Indicateur,Ituri,Nord-Kivu,Haut-Uele,Tshopo,Ensemble
Patients au lit (J-1),518,190,22,1,731",Institut National de Santé Publique,CC BY 4.0,data/csv/078_table_06_tableau_6_occupation_des_structures_de_s.csv
insp,077,2026-07-30,2026-07-30,deaths_in_facility,national,Democratic Republic of the Congo,"",Ensemble,19,patients,24h,FALSE,TRUE,high,"Indicateur,Ituri,Nord-Kivu,Haut-Uele,Tshopo,Ensemble
Sorties Décédés,17,2,0,0,19",Institut National de Santé Publique,CC BY 4.0,data/csv/077_table_06_tableau_6_occupation_des_structures_de_s.csv
insp,077,2026-07-30,2026-07-30,deaths_in_facility,province,Democratic Republic of the Congo,Haut-Uele,Haut-Uele,0,patients,24h,FALSE,TRUE,high,"Indicateur,Ituri,Nord-Kivu,Haut-Uele,Tshopo,Ensemble
Sorties Décédés,17,2,0,0,19",Institut National de Santé Publique,CC BY 4.0,data/csv/077_table_06_tableau_6_occupation_des_structures_de_s.csv
insp,077,2026-07-30,2026-07-30,deaths_in_facility,province,Democratic Republic of the Congo,Ituri,Ituri,17,patients,24h,FALSE,TRUE,high,"Indicateur,Ituri,Nord-Kivu,Haut-Uele,Tshopo,Ensemble
Sorties Décédés,17,2,0,0,19",Institut National de Santé Publique,CC BY 4.0,data/csv/077_table_06_tableau_6_occupation_des_structures_de_s.csv
insp,077,2026-07-30,2026-07-30,deaths_in_facility,province,Democratic Republic of the Congo,Nord-Kivu,Nord-Kivu,2,patients,24h,FALSE,TRUE,high,"Indicateur,Ituri,Nord-Kivu,Haut-Uele,Tshopo,Ensemble
Sorties Décédés,17,2,0,0,19",Institut National de Santé Publique,CC BY 4.0,data/csv/077_table_06_tableau_6_occupation_des_structures_de_s.csv
insp,077,2026-07-30,2026-07-30,deaths_in_facility,province,Democratic Republic of the Congo,Tshopo,Tshopo,0,patients,24h,FALSE,TRUE,high,"Indicateur,Ituri,Nord-Kivu,Haut-Uele,Tshopo,Ensemble
Sorties Décédés,17,2,0,0,19",Institut National de Santé Publique,CC BY 4.0,data/csv/077_table_06_tableau_6_occupation_des_structures_de_s.csv
insp,077,2026-07-30,2026-07-30,discharges_recovered,national,Democratic Republic of the Congo,"",Ensemble,25,patients,24h,FALSE,TRUE,high,"Indicateur,Ituri,Nord-Kivu,Haut-Uele,Tshopo,Ensemble
Sorties Guéris,25,0,0,0,25",Institut National de Santé Publique,CC BY 4.0,data/csv/077_table_06_tableau_6_occupation_des_structures_de_s.csv
insp,077,2026-07-30,2026-07-30,discharges_recovered,province,Democratic Republic of the Congo,Haut-Uele,Haut-Uele,0,patients,24h,FALSE,TRUE,high,"Indicateur,Ituri,Nord-Kivu,Haut-Uele,Tshopo,Ensemble
Sorties Guéris,25,0,0,0,25",Institut National de Santé Publique,CC BY 4.0,data/csv/077_table_06_tableau_6_occupation_des_structures_de_s.csv
insp,077,2026-07-30,2026-07-30,discharges_recovered,province,Democratic Republic of the Congo,Ituri,Ituri,25,patients,24h,FALSE,TRUE,high,"Indicateur,Ituri,Nord-Kivu,Haut-Uele,Tshopo,Ensemble
Sorties Guéris,25,0,0,0,25",Institut National de Santé Publique,CC BY 4.0,data/csv/077_table_06_tableau_6_occupation_des_structures_de_s.csv
insp,077,2026-07-30,2026-07-30,discharges_recovered,province,Democratic Republic of the Congo,Nord-Kivu,Nord-Kivu,0,patients,24h,FALSE,TRUE,high,"Indicateur,Ituri,Nord-Kivu,Haut-Uele,Tshopo,Ensemble
Sorties Guéris,25,0,0,0,25",Institut National de Santé Publique,CC BY 4.0,data/csv/077_table_06_tableau_6_occupation_des_structures_de_s.csv
insp,077,2026-07-30,2026-07-30,discharges_recovered,province,Democratic Republic of the Congo,Tshopo,Tshopo,0,patients,24h,FALSE,TRUE,high,"Indicateur,Ituri,Nord-Kivu,Haut-Uele,Tshopo,Ensemble
Sorties Guéris,25,0,0,0,25",Institut National de Santé Publique,CC BY 4.0,data/csv/077_table_06_tableau_6_occupation_des_structures_de_s.csv
insp,077,2026-07-30,2026-07-30,escapes,national,Democratic Republic of the Congo,"",Ensemble,2,patients,24h,FALSE,TRUE,high,"Indicateur,Ituri,Nord-Kivu,Haut-Uele,Tshopo,Ensemble
Sorties Evadés,2,0,0,0,2",Institut National de Santé Publique,CC BY 4.0,data/csv/077_table_06_tableau_6_occupation_des_structures_de_s.csv
insp,077,2026-07-30,2026-07-30,escapes,province,Democratic Republic of the Congo,Haut-Uele,Haut-Uele,0,patients,24h,FALSE,TRUE,high,"Indicateur,Ituri,Nord-Kivu,Haut-Uele,Tshopo,Ensemble
Sorties Evadés,2,0,0,0,2",Institut National de Santé Publique,CC BY 4.0,data/csv/077_table_06_tableau_6_occupation_des_structures_de_s.csv
insp,077,2026-07-30,2026-07-30,escapes,province,Democratic Republic of the Congo,Ituri,Ituri,2,patients,24h,FALSE,TRUE,high,"Indicateur,Ituri,Nord-Kivu,Haut-Uele,Tshopo,Ensemble
Sorties Evadés,2,0,0,0,2",Institut National de Santé Publique,CC BY 4.0,data/csv/077_table_06_tableau_6_occupation_des_structures_de_s.csv
insp,077,2026-07-30,2026-07-30,escapes,province,Democratic Republic of the Congo,Nord-Kivu,Nord-Kivu,0,patients,24h,FALSE,TRUE,high,"Indicateur,Ituri,Nord-Kivu,Haut-Uele,Tshopo,Ensemble
Sorties Evadés,2,0,0,0,2",Institut National de Santé Publique,CC BY 4.0,data/csv/077_table_06_tableau_6_occupation_des_structures_de_s.csv
insp,077,2026-07-30,2026-07-30,escapes,province,Democratic Republic of the Congo,Tshopo,Tshopo,0,patients,24h,FALSE,TRUE,high,"Indicateur,Ituri,Nord-Kivu,Haut-Uele,Tshopo,Ensemble
Sorties Evadés,2,0,0,0,2",Institut National de Santé Publique,CC BY 4.0,data/csv/077_table_06_tableau_6_occupation_des_structures_de_s.csv
insp,077,2026-07-30,2026-07-30,patients_in_isolation,national,Democratic Republic of the Congo,"",Ensemble,748,patients,point,FALSE,TRUE,high,"Indicateur,Ituri,Nord-Kivu,Haut-Uele,Tshopo,Ensemble
Patients en isolement (fin J),523,202,22,1,748",Institut National de Santé Publique,CC BY 4.0,data/csv/077_table_06_tableau_6_occupation_des_structures_de_s.csv
insp,077,2026-07-30,2026-07-30,patients_in_isolation,province,Democratic Republic of the Congo,Haut-Uele,Haut-Uele,22,patients,point,FALSE,TRUE,high,"Indicateur,Ituri,Nord-Kivu,Haut-Uele,Tshopo,Ensemble
Patients en isolement (fin J),523,202,22,1,748",Institut National de Santé Publique,CC BY 4.0,data/csv/077_table_06_tableau_6_occupation_des_structures_de_s.csv
insp,077,2026-07-30,2026-07-30,patients_in_isolation,province,Democratic Republic of the Congo,Ituri,Ituri,523,patients,point,FALSE,TRUE,high,"Indicateur,Ituri,Nord-Kivu,Haut-Uele,Tshopo,Ensemble
Patients en isolement (fin J),523,202,22,1,748",Institut National de Santé Publique,CC BY 4.0,data/csv/077_table_06_tableau_6_occupation_des_structures_de_s.csv
insp,077,2026-07-30,2026-07-30,patients_in_isolation,province,Democratic Republic of the Congo,Nord-Kivu,Nord-Kivu,202,patients,point,FALSE,TRUE,high,"Indicateur,Ituri,Nord-Kivu,Haut-Uele,Tshopo,Ensemble
Patients en isolement (fin J),523,202,22,1,748",Institut National de Santé Publique,CC BY 4.0,data/csv/077_table_06_tableau_6_occupation_des_structures_de_s.csv
insp,077,2026-07-30,2026-07-30,patients_in_isolation,province,Democratic Republic of the Congo,Tshopo,Tshopo,1,patients,point,FALSE,TRUE,high,"Indicateur,Ituri,Nord-Kivu,Haut-Uele,Tshopo,Ensemble
Patients en isolement (fin J),523,202,22,1,748",Institut National de Santé Publique,CC BY 4.0,data/csv/077_table_06_tableau_6_occupation_des_structures_de_s.csv
insp,078,2026-07-31,2026-07-31,admissions,national,Democratic Republic of the Congo,"",Ensemble,121,patients,24h,FALSE,TRUE,high,"Indicateur,Ituri,Nord-Kivu,Haut-Uele,Tshopo,Ensemble
Total admissions (24 h),73,47,ND,1,121",Institut National de Santé Publique,CC BY 4.0,data/csv/078_table_06_tableau_6_occupation_des_structures_de_s.csv
insp,078,2026-07-31,2026-07-31,admissions,national,Democratic Republic of the Congo,"",Ensemble,1261,patients,cumulative,FALSE,TRUE,high,"Indicateur,Ituri,Nord-Kivu,Haut-Uele,Tshopo,Ensemble
Total admissions,844,368,47,2,1 261",Institut National de Santé Publique,CC BY 4.0,data/csv/078_table_06_tableau_6_occupation_des_structures_de_s.csv
insp,078,2026-07-31,2026-07-31,admissions,province,Democratic Republic of the Congo,Haut-Uele,Haut-Uele,47,patients,cumulative,FALSE,TRUE,high,"Indicateur,Ituri,Nord-Kivu,Haut-Uele,Tshopo,Ensemble
Total admissions,844,368,47,2,1 261",Institut National de Santé Publique,CC BY 4.0,data/csv/078_table_06_tableau_6_occupation_des_structures_de_s.csv
insp,078,2026-07-31,2026-07-31,admissions,province,Democratic Republic of the Congo,Ituri,Ituri,73,patients,24h,FALSE,TRUE,high,"Indicateur,Ituri,Nord-Kivu,Haut-Uele,Tshopo,Ensemble
Total admissions (24 h),73,47,ND,1,121",Institut National de Santé Publique,CC BY 4.0,data/csv/078_table_06_tableau_6_occupation_des_structures_de_s.csv
insp,078,2026-07-31,2026-07-31,admissions,province,Democratic Republic of the Congo,Ituri,Ituri,844,patients,cumulative,FALSE,TRUE,high,"Indicateur,Ituri,Nord-Kivu,Haut-Uele,Tshopo,Ensemble
Total admissions,844,368,47,2,1 261",Institut National de Santé Publique,CC BY 4.0,data/csv/078_table_06_tableau_6_occupation_des_structures_de_s.csv
insp,078,2026-07-31,2026-07-31,admissions,province,Democratic Republic of the Congo,Nord-Kivu,Nord-Kivu,47,patients,24h,FALSE,TRUE,high,"Indicateur,Ituri,Nord-Kivu,Haut-Uele,Tshopo,Ensemble
Total admissions (24 h),73,47,ND,1,121",Institut National de Santé Publique,CC BY 4.0,data/csv/078_table_06_tableau_6_occupation_des_structures_de_s.csv
insp,078,2026-07-31,2026-07-31,admissions,province,Democratic Republic of the Congo,Nord-Kivu,Nord-Kivu,368,patients,cumulative,FALSE,TRUE,high,"Indicateur,Ituri,Nord-Kivu,Haut-Uele,Tshopo,Ensemble
Total admissions,844,368,47,2,1 261",Institut National de Santé Publique,CC BY 4.0,data/csv/078_table_06_tableau_6_occupation_des_structures_de_s.csv
insp,078,2026-07-31,2026-07-31,admissions,province,Democratic Republic of the Congo,Tshopo,Tshopo,1,patients,24h,FALSE,TRUE,high,"Indicateur,Ituri,Nord-Kivu,Haut-Uele,Tshopo,Ensemble
Total admissions (24 h),73,47,ND,1,121",Institut National de Santé Publique,CC BY 4.0,data/csv/078_table_06_tableau_6_occupation_des_structures_de_s.csv
insp,078,2026-07-31,2026-07-31,admissions,province,Democratic Republic of the Congo,Tshopo,Tshopo,2,patients,cumulative,FALSE,TRUE,high,"Indicateur,Ituri,Nord-Kivu,Haut-Uele,Tshopo,Ensemble
Total admissions,844,368,47,2,1 261",Institut National de Santé Publique,CC BY 4.0,data/csv/078_table_06_tableau_6_occupation_des_structures_de_s.csv
insp,078,2026-07-31,2026-07-31,bed_occupancy_pct,national,Democratic Republic of the Congo,"",Ensemble,72.4,percent,point,FALSE,TRUE,low,"Indicateur,Ituri,Nord-Kivu,Haut-Uele,Tshopo,Ensemble
Taux d'occupation,""63,9%"",""139,0%"",""54,4%"",""10,0%"",""72,4%""",Institut National de Santé Publique,CC BY 4.0,data/csv/078_table_06_tableau_6_occupation_des_structures_de_s.csv
insp,078,2026-07-31,2026-07-31,bed_occupancy_pct,province,Democratic Republic of the Congo,Haut-Uele,Haut-Uele,54.4,percent,point,FALSE,TRUE,low,"Indicateur,Ituri,Nord-Kivu,Haut-Uele,Tshopo,Ensemble
Taux d'occupation,""63,9%"",""139,0%"",""54,4%"",""10,0%"",""72,4%""",Institut National de Santé Publique,CC BY 4.0,data/csv/078_table_06_tableau_6_occupation_des_structures_de_s.csv
insp,078,2026-07-31,2026-07-31,bed_occupancy_pct,province,Democratic Republic of the Congo,Ituri,Ituri,63.9,percent,point,FALSE,TRUE,low,"Indicateur,Ituri,Nord-Kivu,Haut-Uele,Tshopo,Ensemble
Taux d'occupation,""63,9%"",""139,0%"",""54,4%"",""10,0%"",""72,4%""",Institut National de Santé Publique,CC BY 4.0,data/csv/078_table_06_tableau_6_occupation_des_structures_de_s.csv
insp,078,2026-07-31,2026-07-31,bed_occupancy_pct,province,Democratic Republic of the Congo,Nord-Kivu,Nord-Kivu,139,percent,point,FALSE,TRUE,low,"Indicateur,Ituri,Nord-Kivu,Haut-Uele,Tshopo,Ensemble
Taux d'occupation,""63,9%"",""139,0%"",""54,4%"",""10,0%"",""72,4%""",Institut National de Santé Publique,CC BY 4.0,data/csv/078_table_06_tableau_6_occupation_des_structures_de_s.csv
insp,078,2026-07-31,2026-07-31,bed_occupancy_pct,province,Democratic Republic of the Congo,Tshopo,Tshopo,10,percent,point,FALSE,TRUE,low,"Indicateur,Ituri,Nord-Kivu,Haut-Uele,Tshopo,Ensemble
Taux d'occupation,""63,9%"",""139,0%"",""54,4%"",""10,0%"",""72,4%""",Institut National de Santé Publique,CC BY 4.0,data/csv/078_table_06_tableau_6_occupation_des_structures_de_s.csv
insp,078,2026-07-31,2026-07-31,beds_capacity,national,Democratic Republic of the Congo,"",Ensemble,1050,beds,point,FALSE,TRUE,high,"Indicateur,Ituri,Nord-Kivu,Haut-Uele,Tshopo,Ensemble
Nombre de lits,821,141,68,20,1 050",Institut National de Santé Publique,CC BY 4.0,data/csv/078_table_06_tableau_6_occupation_des_structures_de_s.csv
insp,078,2026-07-31,2026-07-31,beds_capacity,province,Democratic Republic of the Congo,Haut-Uele,Haut-Uele,68,beds,point,FALSE,TRUE,high,"Indicateur,Ituri,Nord-Kivu,Haut-Uele,Tshopo,Ensemble
Nombre de lits,821,141,68,20,1 050",Institut National de Santé Publique,CC BY 4.0,data/csv/078_table_06_tableau_6_occupation_des_structures_de_s.csv
insp,078,2026-07-31,2026-07-31,beds_capacity,province,Democratic Republic of the Congo,Ituri,Ituri,821,beds,point,FALSE,TRUE,high,"Indicateur,Ituri,Nord-Kivu,Haut-Uele,Tshopo,Ensemble
Nombre de lits,821,141,68,20,1 050",Institut National de Santé Publique,CC BY 4.0,data/csv/078_table_06_tableau_6_occupation_des_structures_de_s.csv
insp,078,2026-07-31,2026-07-31,beds_capacity,province,Democratic Republic of the Congo,Nord-Kivu,Nord-Kivu,141,beds,point,FALSE,TRUE,high,"Indicateur,Ituri,Nord-Kivu,Haut-Uele,Tshopo,Ensemble
Nombre de lits,821,141,68,20,1 050",Institut National de Santé Publique,CC BY 4.0,data/csv/078_table_06_tableau_6_occupation_des_structures_de_s.csv
insp,078,2026-07-31,2026-07-31,beds_capacity,province,Democratic Republic of the Congo,Tshopo,Tshopo,20,beds,point,FALSE,TRUE,high,"Indicateur,Ituri,Nord-Kivu,Haut-Uele,Tshopo,Ensemble
Nombre de lits,821,141,68,20,1 050",Institut National de Santé Publique,CC BY 4.0,data/csv/078_table_06_tableau_6_occupation_des_structures_de_s.csv
insp,079,2026-08-01,2026-07-31,beds_occupied,national,Democratic Republic of the Congo,"",Ensemble,740,beds,point,FALSE,TRUE,high,"Indicateur,Ituri,Nord-Kivu,Haut-Uele,Tshopo,Ensemble
Patients au lit (J-1),525,181,33,1,740",Institut National de Santé Publique,CC BY 4.0,data/csv/079_table_06_tableau_6_occupation_des_structures_de_s.csv
insp,079,2026-08-01,2026-07-31,beds_occupied,province,Democratic Republic of the Congo,Haut-Uele,Haut-Uele,33,beds,point,FALSE,TRUE,high,"Indicateur,Ituri,Nord-Kivu,Haut-Uele,Tshopo,Ensemble
Patients au lit (J-1),525,181,33,1,740",Institut National de Santé Publique,CC BY 4.0,data/csv/079_table_06_tableau_6_occupation_des_structures_de_s.csv
insp,079,2026-08-01,2026-07-31,beds_occupied,province,Democratic Republic of the Congo,Ituri,Ituri,525,beds,point,FALSE,TRUE,high,"Indicateur,Ituri,Nord-Kivu,Haut-Uele,Tshopo,Ensemble
Patients au lit (J-1),525,181,33,1,740",Institut National de Santé Publique,CC BY 4.0,data/csv/079_table_06_tableau_6_occupation_des_structures_de_s.csv
insp,079,2026-08-01,2026-07-31,beds_occupied,province,Democratic Republic of the Congo,Nord-Kivu,Nord-Kivu,181,beds,point,FALSE,TRUE,high,"Indicateur,Ituri,Nord-Kivu,Haut-Uele,Tshopo,Ensemble
Patients au lit (J-1),525,181,33,1,740",Institut National de Santé Publique,CC BY 4.0,data/csv/079_table_06_tableau_6_occupation_des_structures_de_s.csv
insp,079,2026-08-01,2026-07-31,beds_occupied,province,Democratic Republic of the Congo,Tshopo,Tshopo,1,beds,point,FALSE,TRUE,high,"Indicateur,Ituri,Nord-Kivu,Haut-Uele,Tshopo,Ensemble
Patients au lit (J-1),525,181,33,1,740",Institut National de Santé Publique,CC BY 4.0,data/csv/079_table_06_tableau_6_occupation_des_structures_de_s.csv
insp,078,2026-07-31,2026-07-31,deaths_in_facility,national,Democratic Republic of the Congo,"",Ensemble,18,patients,24h,FALSE,TRUE,high,"Indicateur,Ituri,Nord-Kivu,Haut-Uele,Tshopo,Ensemble
Sorties Décédés,14,4,ND,0,18",Institut National de Santé Publique,CC BY 4.0,data/csv/078_table_06_tableau_6_occupation_des_structures_de_s.csv
insp,078,2026-07-31,2026-07-31,deaths_in_facility,province,Democratic Republic of the Congo,Ituri,Ituri,14,patients,24h,FALSE,TRUE,high,"Indicateur,Ituri,Nord-Kivu,Haut-Uele,Tshopo,Ensemble
Sorties Décédés,14,4,ND,0,18",Institut National de Santé Publique,CC BY 4.0,data/csv/078_table_06_tableau_6_occupation_des_structures_de_s.csv
insp,078,2026-07-31,2026-07-31,deaths_in_facility,province,Democratic Republic of the Congo,Nord-Kivu,Nord-Kivu,4,patients,24h,FALSE,TRUE,high,"Indicateur,Ituri,Nord-Kivu,Haut-Uele,Tshopo,Ensemble
Sorties Décédés,14,4,ND,0,18",Institut National de Santé Publique,CC BY 4.0,data/csv/078_table_06_tableau_6_occupation_des_structures_de_s.csv
insp,078,2026-07-31,2026-07-31,deaths_in_facility,province,Democratic Republic of the Congo,Tshopo,Tshopo,0,patients,24h,FALSE,TRUE,high,"Indicateur,Ituri,Nord-Kivu,Haut-Uele,Tshopo,Ensemble
Sorties Décédés,14,4,ND,0,18",Institut National de Santé Publique,CC BY 4.0,data/csv/078_table_06_tableau_6_occupation_des_structures_de_s.csv
insp,078,2026-07-31,2026-07-31,discharges_recovered,national,Democratic Republic of the Congo,"",Ensemble,15,patients,24h,FALSE,TRUE,high,"Indicateur,Ituri,Nord-Kivu,Haut-Uele,Tshopo,Ensemble
Sorties Guéris,13,2,ND,0,15",Institut National de Santé Publique,CC BY 4.0,data/csv/078_table_06_tableau_6_occupation_des_structures_de_s.csv
insp,078,2026-07-31,2026-07-31,discharges_recovered,province,Democratic Republic of the Congo,Ituri,Ituri,13,patients,24h,FALSE,TRUE,high,"Indicateur,Ituri,Nord-Kivu,Haut-Uele,Tshopo,Ensemble
Sorties Guéris,13,2,ND,0,15",Institut National de Santé Publique,CC BY 4.0,data/csv/078_table_06_tableau_6_occupation_des_structures_de_s.csv
insp,078,2026-07-31,2026-07-31,discharges_recovered,province,Democratic Republic of the Congo,Nord-Kivu,Nord-Kivu,2,patients,24h,FALSE,TRUE,high,"Indicateur,Ituri,Nord-Kivu,Haut-Uele,Tshopo,Ensemble
Sorties Guéris,13,2,ND,0,15",Institut National de Santé Publique,CC BY 4.0,data/csv/078_table_06_tableau_6_occupation_des_structures_de_s.csv
insp,078,2026-07-31,2026-07-31,discharges_recovered,province,Democratic Republic of the Congo,Tshopo,Tshopo,0,patients,24h,FALSE,TRUE,high,"Indicateur,Ituri,Nord-Kivu,Haut-Uele,Tshopo,Ensemble
Sorties Guéris,13,2,ND,0,15",Institut National de Santé Publique,CC BY 4.0,data/csv/078_table_06_tableau_6_occupation_des_structures_de_s.csv
insp,078,2026-07-31,2026-07-31,escapes,national,Democratic Republic of the Congo,"",Ensemble,2,patients,24h,FALSE,TRUE,high,"Indicateur,Ituri,Nord-Kivu,Haut-Uele,Tshopo,Ensemble
Sorties Evadés,1,1,ND,0,2",Institut National de Santé Publique,CC BY 4.0,data/csv/078_table_06_tableau_6_occupation_des_structures_de_s.csv
insp,078,2026-07-31,2026-07-31,escapes,province,Democratic Republic of the Congo,Ituri,Ituri,1,patients,24h,FALSE,TRUE,high,"Indicateur,Ituri,Nord-Kivu,Haut-Uele,Tshopo,Ensemble
Sorties Evadés,1,1,ND,0,2",Institut National de Santé Publique,CC BY 4.0,data/csv/078_table_06_tableau_6_occupation_des_structures_de_s.csv
insp,078,2026-07-31,2026-07-31,escapes,province,Democratic Republic of the Congo,Nord-Kivu,Nord-Kivu,1,patients,24h,FALSE,TRUE,high,"Indicateur,Ituri,Nord-Kivu,Haut-Uele,Tshopo,Ensemble
Sorties Evadés,1,1,ND,0,2",Institut National de Santé Publique,CC BY 4.0,data/csv/078_table_06_tableau_6_occupation_des_structures_de_s.csv
insp,078,2026-07-31,2026-07-31,escapes,province,Democratic Republic of the Congo,Tshopo,Tshopo,0,patients,24h,FALSE,TRUE,high,"Indicateur,Ituri,Nord-Kivu,Haut-Uele,Tshopo,Ensemble
Sorties Evadés,1,1,ND,0,2",Institut National de Santé Publique,CC BY 4.0,data/csv/078_table_06_tableau_6_occupation_des_structures_de_s.csv
insp,078,2026-07-31,2026-07-31,patients_in_isolation,national,Democratic Republic of the Congo,"",Ensemble,760,patients,point,FALSE,TRUE,high,"Indicateur,Ituri,Nord-Kivu,Haut-Uele,Tshopo,Ensemble
Patients en isolement (fin J),525,196,37,2,760",Institut National de Santé Publique,CC BY 4.0,data/csv/078_table_06_tableau_6_occupation_des_structures_de_s.csv
insp,078,2026-07-31,2026-07-31,patients_in_isolation,province,Democratic Republic of the Congo,Haut-Uele,Haut-Uele,37,patients,point,FALSE,TRUE,high,"Indicateur,Ituri,Nord-Kivu,Haut-Uele,Tshopo,Ensemble
Patients en isolement (fin J),525,196,37,2,760",Institut National de Santé Publique,CC BY 4.0,data/csv/078_table_06_tableau_6_occupation_des_structures_de_s.csv
insp,078,2026-07-31,2026-07-31,patients_in_isolation,province,Democratic Republic of the Congo,Ituri,Ituri,525,patients,point,FALSE,TRUE,high,"Indicateur,Ituri,Nord-Kivu,Haut-Uele,Tshopo,Ensemble
Patients en isolement (fin J),525,196,37,2,760",Institut National de Santé Publique,CC BY 4.0,data/csv/078_table_06_tableau_6_occupation_des_structures_de_s.csv
insp,078,2026-07-31,2026-07-31,patients_in_isolation,province,Democratic Republic of the Congo,Nord-Kivu,Nord-Kivu,196,patients,point,FALSE,TRUE,high,"Indicateur,Ituri,Nord-Kivu,Haut-Uele,Tshopo,Ensemble
Patients en isolement (fin J),525,196,37,2,760",Institut National de Santé Publique,CC BY 4.0,data/csv/078_table_06_tableau_6_occupation_des_structures_de_s.csv
insp,078,2026-07-31,2026-07-31,patients_in_isolation,province,Democratic Republic of the Congo,Tshopo,Tshopo,2,patients,point,FALSE,TRUE,high,"Indicateur,Ituri,Nord-Kivu,Haut-Uele,Tshopo,Ensemble
Patients en isolement (fin J),525,196,37,2,760",Institut National de Santé Publique,CC BY 4.0,data/csv/078_table_06_tableau_6_occupation_des_structures_de_s.csv
insp,079,2026-08-01,2026-08-01,admissions,national,Democratic Republic of the Congo,"",Ensemble,122,patients,24h,FALSE,TRUE,high,"Indicateur,Ituri,Nord-Kivu,Haut-Uele,Tshopo,Ensemble
Total admissions (24 h),61,44,16,1,122",Institut National de Santé Publique,CC BY 4.0,data/csv/079_table_06_tableau_6_occupation_des_structures_de_s.csv
insp,079,2026-08-01,2026-08-01,admissions,national,Democratic Republic of the Congo,"",Ensemble,1383,patients,cumulative,FALSE,TRUE,high,"Indicateur,Ituri,Nord-Kivu,Haut-Uele,Tshopo,Ensemble
Total admissions,905,412,63,3,1 383",Institut National de Santé Publique,CC BY 4.0,data/csv/079_table_06_tableau_6_occupation_des_structures_de_s.csv
insp,079,2026-08-01,2026-08-01,admissions,province,Democratic Republic of the Congo,Haut-Uele,Haut-Uele,16,patients,24h,FALSE,TRUE,high,"Indicateur,Ituri,Nord-Kivu,Haut-Uele,Tshopo,Ensemble
Total admissions (24 h),61,44,16,1,122",Institut National de Santé Publique,CC BY 4.0,data/csv/079_table_06_tableau_6_occupation_des_structures_de_s.csv
insp,079,2026-08-01,2026-08-01,admissions,province,Democratic Republic of the Congo,Haut-Uele,Haut-Uele,63,patients,cumulative,FALSE,TRUE,high,"Indicateur,Ituri,Nord-Kivu,Haut-Uele,Tshopo,Ensemble
Total admissions,905,412,63,3,1 383",Institut National de Santé Publique,CC BY 4.0,data/csv/079_table_06_tableau_6_occupation_des_structures_de_s.csv
insp,079,2026-08-01,2026-08-01,admissions,province,Democratic Republic of the Congo,Ituri,Ituri,61,patients,24h,FALSE,TRUE,high,"Indicateur,Ituri,Nord-Kivu,Haut-Uele,Tshopo,Ensemble
Total admissions (24 h),61,44,16,1,122",Institut National de Santé Publique,CC BY 4.0,data/csv/079_table_06_tableau_6_occupation_des_structures_de_s.csv
insp,079,2026-08-01,2026-08-01,admissions,province,Democratic Republic of the Congo,Ituri,Ituri,905,patients,cumulative,FALSE,TRUE,high,"Indicateur,Ituri,Nord-Kivu,Haut-Uele,Tshopo,Ensemble
Total admissions,905,412,63,3,1 383",Institut National de Santé Publique,CC BY 4.0,data/csv/079_table_06_tableau_6_occupation_des_structures_de_s.csv
insp,079,2026-08-01,2026-08-01,admissions,province,Democratic Republic of the Congo,Nord-Kivu,Nord-Kivu,44,patients,24h,FALSE,TRUE,high,"Indicateur,Ituri,Nord-Kivu,Haut-Uele,Tshopo,Ensemble
Total admissions (24 h),61,44,16,1,122",Institut National de Santé Publique,CC BY 4.0,data/csv/079_table_06_tableau_6_occupation_des_structures_de_s.csv
insp,079,2026-08-01,2026-08-01,admissions,province,Democratic Republic of the Congo,Nord-Kivu,Nord-Kivu,412,patients,cumulative,FALSE,TRUE,high,"Indicateur,Ituri,Nord-Kivu,Haut-Uele,Tshopo,Ensemble
Total admissions,905,412,63,3,1 383",Institut National de Santé Publique,CC BY 4.0,data/csv/079_table_06_tableau_6_occupation_des_structures_de_s.csv
insp,079,2026-08-01,2026-08-01,admissions,province,Democratic Republic of the Congo,Tshopo,Tshopo,1,patients,24h,FALSE,TRUE,high,"Indicateur,Ituri,Nord-Kivu,Haut-Uele,Tshopo,Ensemble
Total admissions (24 h),61,44,16,1,122",Institut National de Santé Publique,CC BY 4.0,data/csv/079_table_06_tableau_6_occupation_des_structures_de_s.csv
insp,079,2026-08-01,2026-08-01,admissions,province,Democratic Republic of the Congo,Tshopo,Tshopo,3,patients,cumulative,FALSE,TRUE,high,"Indicateur,Ituri,Nord-Kivu,Haut-Uele,Tshopo,Ensemble
Total admissions,905,412,63,3,1 383",Institut National de Santé Publique,CC BY 4.0,data/csv/079_table_06_tableau_6_occupation_des_structures_de_s.csv
insp,079,2026-08-01,2026-08-01,bed_occupancy_pct,national,Democratic Republic of the Congo,"",Ensemble,65.7,percent,point,FALSE,TRUE,low,"Indicateur,Ituri,Nord-Kivu,Haut-Uele,Tshopo,Ensemble
Taux d'occupation,""58,0%"",""128,4%"",""45,6%"",""10,0%"",""65,7%""",Institut National de Santé Publique,CC BY 4.0,data/csv/079_table_06_tableau_6_occupation_des_structures_de_s.csv
insp,079,2026-08-01,2026-08-01,bed_occupancy_pct,province,Democratic Republic of the Congo,Haut-Uele,Haut-Uele,45.6,percent,point,FALSE,TRUE,low,"Indicateur,Ituri,Nord-Kivu,Haut-Uele,Tshopo,Ensemble
Taux d'occupation,""58,0%"",""128,4%"",""45,6%"",""10,0%"",""65,7%""",Institut National de Santé Publique,CC BY 4.0,data/csv/079_table_06_tableau_6_occupation_des_structures_de_s.csv
insp,079,2026-08-01,2026-08-01,bed_occupancy_pct,province,Democratic Republic of the Congo,Ituri,Ituri,58,percent,point,FALSE,TRUE,low,"Indicateur,Ituri,Nord-Kivu,Haut-Uele,Tshopo,Ensemble
Taux d'occupation,""58,0%"",""128,4%"",""45,6%"",""10,0%"",""65,7%""",Institut National de Santé Publique,CC BY 4.0,data/csv/079_table_06_tableau_6_occupation_des_structures_de_s.csv
insp,079,2026-08-01,2026-08-01,bed_occupancy_pct,province,Democratic Republic of the Congo,Nord-Kivu,Nord-Kivu,128.4,percent,point,FALSE,TRUE,low,"Indicateur,Ituri,Nord-Kivu,Haut-Uele,Tshopo,Ensemble
Taux d'occupation,""58,0%"",""128,4%"",""45,6%"",""10,0%"",""65,7%""",Institut National de Santé Publique,CC BY 4.0,data/csv/079_table_06_tableau_6_occupation_des_structures_de_s.csv
insp,079,2026-08-01,2026-08-01,bed_occupancy_pct,province,Democratic Republic of the Congo,Tshopo,Tshopo,10,percent,point,FALSE,TRUE,low,"Indicateur,Ituri,Nord-Kivu,Haut-Uele,Tshopo,Ensemble
Taux d'occupation,""58,0%"",""128,4%"",""45,6%"",""10,0%"",""65,7%""",Institut National de Santé Publique,CC BY 4.0,data/csv/079_table_06_tableau_6_occupation_des_structures_de_s.csv
insp,079,2026-08-01,2026-08-01,beds_capacity,national,Democratic Republic of the Congo,"",Ensemble,1050,beds,point,FALSE,TRUE,high,"Indicateur,Ituri,Nord-Kivu,Haut-Uele,Tshopo,Ensemble
Nombre de lits,821,141,68,20,1 050",Institut National de Santé Publique,CC BY 4.0,data/csv/079_table_06_tableau_6_occupation_des_structures_de_s.csv
insp,079,2026-08-01,2026-08-01,beds_capacity,province,Democratic Republic of the Congo,Haut-Uele,Haut-Uele,68,beds,point,FALSE,TRUE,high,"Indicateur,Ituri,Nord-Kivu,Haut-Uele,Tshopo,Ensemble
Nombre de lits,821,141,68,20,1 050",Institut National de Santé Publique,CC BY 4.0,data/csv/079_table_06_tableau_6_occupation_des_structures_de_s.csv
insp,079,2026-08-01,2026-08-01,beds_capacity,province,Democratic Republic of the Congo,Ituri,Ituri,821,beds,point,FALSE,TRUE,high,"Indicateur,Ituri,Nord-Kivu,Haut-Uele,Tshopo,Ensemble
Nombre de lits,821,141,68,20,1 050",Institut National de Santé Publique,CC BY 4.0,data/csv/079_table_06_tableau_6_occupation_des_structures_de_s.csv
insp,079,2026-08-01,2026-08-01,beds_capacity,province,Democratic Republic of the Congo,Nord-Kivu,Nord-Kivu,141,beds,point,FALSE,TRUE,high,"Indicateur,Ituri,Nord-Kivu,Haut-Uele,Tshopo,Ensemble
Nombre de lits,821,141,68,20,1 050",Institut National de Santé Publique,CC BY 4.0,data/csv/079_table_06_tableau_6_occupation_des_structures_de_s.csv
insp,079,2026-08-01,2026-08-01,beds_capacity,province,Democratic Republic of the Congo,Tshopo,Tshopo,20,beds,point,FALSE,TRUE,high,"Indicateur,Ituri,Nord-Kivu,Haut-Uele,Tshopo,Ensemble
Nombre de lits,821,141,68,20,1 050",Institut National de Santé Publique,CC BY 4.0,data/csv/079_table_06_tableau_6_occupation_des_structures_de_s.csv
insp,080,2026-08-02,2026-08-01,beds_occupied,province,Democratic Republic of the Congo,Haut-Uele,Haut-Uélé,33,beds,point,FALSE,TRUE,high,"Indicateur,Ituri,Nord-Kivu,Haut-Uélé,Tshopo,Sud-Kivu,col
Patients au lit (J-1),476,183,33,2,17,""""",Institut National de Santé Publique,CC BY 4.0,data/csv/080_table_06_tableau_6_occupation_des_structures_de_s.csv
insp,080,2026-08-02,2026-08-01,beds_occupied,province,Democratic Republic of the Congo,Ituri,Ituri,476,beds,point,FALSE,TRUE,high,"Indicateur,Ituri,Nord-Kivu,Haut-Uélé,Tshopo,Sud-Kivu,col
Patients au lit (J-1),476,183,33,2,17,""""",Institut National de Santé Publique,CC BY 4.0,data/csv/080_table_06_tableau_6_occupation_des_structures_de_s.csv
insp,080,2026-08-02,2026-08-01,beds_occupied,province,Democratic Republic of the Congo,Nord-Kivu,Nord-Kivu,183,beds,point,FALSE,TRUE,high,"Indicateur,Ituri,Nord-Kivu,Haut-Uélé,Tshopo,Sud-Kivu,col
Patients au lit (J-1),476,183,33,2,17,""""",Institut National de Santé Publique,CC BY 4.0,data/csv/080_table_06_tableau_6_occupation_des_structures_de_s.csv
insp,080,2026-08-02,2026-08-01,beds_occupied,province,Democratic Republic of the Congo,Sud-Kivu,Sud-Kivu,17,beds,point,FALSE,TRUE,high,"Indicateur,Ituri,Nord-Kivu,Haut-Uélé,Tshopo,Sud-Kivu,col
Patients au lit (J-1),476,183,33,2,17,""""",Institut National de Santé Publique,CC BY 4.0,data/csv/080_table_06_tableau_6_occupation_des_structures_de_s.csv
insp,080,2026-08-02,2026-08-01,beds_occupied,province,Democratic Republic of the Congo,Tshopo,Tshopo,2,beds,point,FALSE,TRUE,high,"Indicateur,Ituri,Nord-Kivu,Haut-Uélé,Tshopo,Sud-Kivu,col
Patients au lit (J-1),476,183,33,2,17,""""",Institut National de Santé Publique,CC BY 4.0,data/csv/080_table_06_tableau_6_occupation_des_structures_de_s.csv
insp,079,2026-08-01,2026-08-01,deaths_in_facility,national,Democratic Republic of the Congo,"",Ensemble,18,patients,24h,FALSE,TRUE,high,"Indicateur,Ituri,Nord-Kivu,Haut-Uele,Tshopo,Ensemble
Sorties Décédés,17,4,4,0,18",Institut National de Santé Publique,CC BY 4.0,data/csv/079_table_06_tableau_6_occupation_des_structures_de_s.csv
insp,079,2026-08-01,2026-08-01,deaths_in_facility,province,Democratic Republic of the Congo,Haut-Uele,Haut-Uele,4,patients,24h,FALSE,TRUE,high,"Indicateur,Ituri,Nord-Kivu,Haut-Uele,Tshopo,Ensemble
Sorties Décédés,17,4,4,0,18",Institut National de Santé Publique,CC BY 4.0,data/csv/079_table_06_tableau_6_occupation_des_structures_de_s.csv
insp,079,2026-08-01,2026-08-01,deaths_in_facility,province,Democratic Republic of the Congo,Ituri,Ituri,17,patients,24h,FALSE,TRUE,high,"Indicateur,Ituri,Nord-Kivu,Haut-Uele,Tshopo,Ensemble
Sorties Décédés,17,4,4,0,18",Institut National de Santé Publique,CC BY 4.0,data/csv/079_table_06_tableau_6_occupation_des_structures_de_s.csv
insp,079,2026-08-01,2026-08-01,deaths_in_facility,province,Democratic Republic of the Congo,Nord-Kivu,Nord-Kivu,4,patients,24h,FALSE,TRUE,high,"Indicateur,Ituri,Nord-Kivu,Haut-Uele,Tshopo,Ensemble
Sorties Décédés,17,4,4,0,18",Institut National de Santé Publique,CC BY 4.0,data/csv/079_table_06_tableau_6_occupation_des_structures_de_s.csv
insp,079,2026-08-01,2026-08-01,deaths_in_facility,province,Democratic Republic of the Congo,Tshopo,Tshopo,0,patients,24h,FALSE,TRUE,high,"Indicateur,Ituri,Nord-Kivu,Haut-Uele,Tshopo,Ensemble
Sorties Décédés,17,4,4,0,18",Institut National de Santé Publique,CC BY 4.0,data/csv/079_table_06_tableau_6_occupation_des_structures_de_s.csv
insp,079,2026-08-01,2026-08-01,discharges_recovered,national,Democratic Republic of the Congo,"",Ensemble,15,patients,24h,FALSE,TRUE,high,"Indicateur,Ituri,Nord-Kivu,Haut-Uele,Tshopo,Ensemble
Sorties Guéris,38,4,0,0,15",Institut National de Santé Publique,CC BY 4.0,data/csv/079_table_06_tableau_6_occupation_des_structures_de_s.csv
insp,079,2026-08-01,2026-08-01,discharges_recovered,province,Democratic Republic of the Congo,Haut-Uele,Haut-Uele,0,patients,24h,FALSE,TRUE,high,"Indicateur,Ituri,Nord-Kivu,Haut-Uele,Tshopo,Ensemble
Sorties Guéris,38,4,0,0,15",Institut National de Santé Publique,CC BY 4.0,data/csv/079_table_06_tableau_6_occupation_des_structures_de_s.csv
insp,079,2026-08-01,2026-08-01,discharges_recovered,province,Democratic Republic of the Congo,Ituri,Ituri,38,patients,24h,FALSE,TRUE,high,"Indicateur,Ituri,Nord-Kivu,Haut-Uele,Tshopo,Ensemble
Sorties Guéris,38,4,0,0,15",Institut National de Santé Publique,CC BY 4.0,data/csv/079_table_06_tableau_6_occupation_des_structures_de_s.csv
insp,079,2026-08-01,2026-08-01,discharges_recovered,province,Democratic Republic of the Congo,Nord-Kivu,Nord-Kivu,4,patients,24h,FALSE,TRUE,high,"Indicateur,Ituri,Nord-Kivu,Haut-Uele,Tshopo,Ensemble
Sorties Guéris,38,4,0,0,15",Institut National de Santé Publique,CC BY 4.0,data/csv/079_table_06_tableau_6_occupation_des_structures_de_s.csv
insp,079,2026-08-01,2026-08-01,discharges_recovered,province,Democratic Republic of the Congo,Tshopo,Tshopo,0,patients,24h,FALSE,TRUE,high,"Indicateur,Ituri,Nord-Kivu,Haut-Uele,Tshopo,Ensemble
Sorties Guéris,38,4,0,0,15",Institut National de Santé Publique,CC BY 4.0,data/csv/079_table_06_tableau_6_occupation_des_structures_de_s.csv
insp,079,2026-08-01,2026-08-01,escapes,national,Democratic Republic of the Congo,"",Ensemble,2,patients,24h,FALSE,TRUE,high,"Indicateur,Ituri,Nord-Kivu,Haut-Uele,Tshopo,Ensemble
Sorties Evadés,4,0,0,0,2",Institut National de Santé Publique,CC BY 4.0,data/csv/079_table_06_tableau_6_occupation_des_structures_de_s.csv
insp,079,2026-08-01,2026-08-01,escapes,province,Democratic Republic of the Congo,Haut-Uele,Haut-Uele,0,patients,24h,FALSE,TRUE,high,"Indicateur,Ituri,Nord-Kivu,Haut-Uele,Tshopo,Ensemble
Sorties Evadés,4,0,0,0,2",Institut National de Santé Publique,CC BY 4.0,data/csv/079_table_06_tableau_6_occupation_des_structures_de_s.csv
insp,079,2026-08-01,2026-08-01,escapes,province,Democratic Republic of the Congo,Ituri,Ituri,4,patients,24h,FALSE,TRUE,high,"Indicateur,Ituri,Nord-Kivu,Haut-Uele,Tshopo,Ensemble
Sorties Evadés,4,0,0,0,2",Institut National de Santé Publique,CC BY 4.0,data/csv/079_table_06_tableau_6_occupation_des_structures_de_s.csv
insp,079,2026-08-01,2026-08-01,escapes,province,Democratic Republic of the Congo,Nord-Kivu,Nord-Kivu,0,patients,24h,FALSE,TRUE,high,"Indicateur,Ituri,Nord-Kivu,Haut-Uele,Tshopo,Ensemble
Sorties Evadés,4,0,0,0,2",Institut National de Santé Publique,CC BY 4.0,data/csv/079_table_06_tableau_6_occupation_des_structures_de_s.csv
insp,079,2026-08-01,2026-08-01,escapes,province,Democratic Republic of the Congo,Tshopo,Tshopo,0,patients,24h,FALSE,TRUE,high,"Indicateur,Ituri,Nord-Kivu,Haut-Uele,Tshopo,Ensemble
Sorties Evadés,4,0,0,0,2",Institut National de Santé Publique,CC BY 4.0,data/csv/079_table_06_tableau_6_occupation_des_structures_de_s.csv
insp,079,2026-08-01,2026-08-01,patients_in_isolation,national,Democratic Republic of the Congo,"",Ensemble,690,patients,point,FALSE,TRUE,high,"Indicateur,Ituri,Nord-Kivu,Haut-Uele,Tshopo,Ensemble
Patients en isolement (fin J),476,181,31,2,690",Institut National de Santé Publique,CC BY 4.0,data/csv/079_table_06_tableau_6_occupation_des_structures_de_s.csv
insp,079,2026-08-01,2026-08-01,patients_in_isolation,province,Democratic Republic of the Congo,Haut-Uele,Haut-Uele,31,patients,point,FALSE,TRUE,high,"Indicateur,Ituri,Nord-Kivu,Haut-Uele,Tshopo,Ensemble
Patients en isolement (fin J),476,181,31,2,690",Institut National de Santé Publique,CC BY 4.0,data/csv/079_table_06_tableau_6_occupation_des_structures_de_s.csv
insp,079,2026-08-01,2026-08-01,patients_in_isolation,province,Democratic Republic of the Congo,Ituri,Ituri,476,patients,point,FALSE,TRUE,high,"Indicateur,Ituri,Nord-Kivu,Haut-Uele,Tshopo,Ensemble
Patients en isolement (fin J),476,181,31,2,690",Institut National de Santé Publique,CC BY 4.0,data/csv/079_table_06_tableau_6_occupation_des_structures_de_s.csv
insp,079,2026-08-01,2026-08-01,patients_in_isolation,province,Democratic Republic of the Congo,Nord-Kivu,Nord-Kivu,181,patients,point,FALSE,TRUE,high,"Indicateur,Ituri,Nord-Kivu,Haut-Uele,Tshopo,Ensemble
Patients en isolement (fin J),476,181,31,2,690",Institut National de Santé Publique,CC BY 4.0,data/csv/079_table_06_tableau_6_occupation_des_structures_de_s.csv
insp,079,2026-08-01,2026-08-01,patients_in_isolation,province,Democratic Republic of the Congo,Tshopo,Tshopo,2,patients,point,FALSE,TRUE,high,"Indicateur,Ituri,Nord-Kivu,Haut-Uele,Tshopo,Ensemble
Patients en isolement (fin J),476,181,31,2,690",Institut National de Santé Publique,CC BY 4.0,data/csv/079_table_06_tableau_6_occupation_des_structures_de_s.csv
insp,080,2026-08-02,2026-08-02,admissions,province,Democratic Republic of the Congo,Haut-Uele,Haut-Uélé,16,patients,24h,FALSE,TRUE,high,"Indicateur,Ituri,Nord-Kivu,Haut-Uélé,Tshopo,Sud-Kivu,col
Total admissions (24 h),70,39,16,ND,22,""""",Institut National de Santé Publique,CC BY 4.0,data/csv/080_table_06_tableau_6_occupation_des_structures_de_s.csv
insp,080,2026-08-02,2026-08-02,admissions,province,Democratic Republic of the Congo,Haut-Uele,Haut-Uélé,79,patients,cumulative,FALSE,TRUE,high,"Indicateur,Ituri,Nord-Kivu,Haut-Uélé,Tshopo,Sud-Kivu,col
Total admissions (cumul),975,451,79,3,287,""""",Institut National de Santé Publique,CC BY 4.0,data/csv/080_table_06_tableau_6_occupation_des_structures_de_s.csv
insp,080,2026-08-02,2026-08-02,admissions,province,Democratic Republic of the Congo,Ituri,Ituri,70,patients,24h,FALSE,TRUE,high,"Indicateur,Ituri,Nord-Kivu,Haut-Uélé,Tshopo,Sud-Kivu,col
Total admissions (24 h),70,39,16,ND,22,""""",Institut National de Santé Publique,CC BY 4.0,data/csv/080_table_06_tableau_6_occupation_des_structures_de_s.csv
insp,080,2026-08-02,2026-08-02,admissions,province,Democratic Republic of the Congo,Ituri,Ituri,975,patients,cumulative,FALSE,TRUE,high,"Indicateur,Ituri,Nord-Kivu,Haut-Uélé,Tshopo,Sud-Kivu,col
Total admissions (cumul),975,451,79,3,287,""""",Institut National de Santé Publique,CC BY 4.0,data/csv/080_table_06_tableau_6_occupation_des_structures_de_s.csv
insp,080,2026-08-02,2026-08-02,admissions,province,Democratic Republic of the Congo,Nord-Kivu,Nord-Kivu,39,patients,24h,FALSE,TRUE,high,"Indicateur,Ituri,Nord-Kivu,Haut-Uélé,Tshopo,Sud-Kivu,col
Total admissions (24 h),70,39,16,ND,22,""""",Institut National de Santé Publique,CC BY 4.0,data/csv/080_table_06_tableau_6_occupation_des_structures_de_s.csv
insp,080,2026-08-02,2026-08-02,admissions,province,Democratic Republic of the Congo,Nord-Kivu,Nord-Kivu,451,patients,cumulative,FALSE,TRUE,high,"Indicateur,Ituri,Nord-Kivu,Haut-Uélé,Tshopo,Sud-Kivu,col
Total admissions (cumul),975,451,79,3,287,""""",Institut National de Santé Publique,CC BY 4.0,data/csv/080_table_06_tableau_6_occupation_des_structures_de_s.csv
insp,080,2026-08-02,2026-08-02,admissions,province,Democratic Republic of the Congo,Sud-Kivu,Sud-Kivu,22,patients,24h,FALSE,TRUE,high,"Indicateur,Ituri,Nord-Kivu,Haut-Uélé,Tshopo,Sud-Kivu,col
Total admissions (24 h),70,39,16,ND,22,""""",Institut National de Santé Publique,CC BY 4.0,data/csv/080_table_06_tableau_6_occupation_des_structures_de_s.csv
insp,080,2026-08-02,2026-08-02,admissions,province,Democratic Republic of the Congo,Sud-Kivu,Sud-Kivu,287,patients,cumulative,FALSE,TRUE,high,"Indicateur,Ituri,Nord-Kivu,Haut-Uélé,Tshopo,Sud-Kivu,col
Total admissions (cumul),975,451,79,3,287,""""",Institut National de Santé Publique,CC BY 4.0,data/csv/080_table_06_tableau_6_occupation_des_structures_de_s.csv
insp,080,2026-08-02,2026-08-02,admissions,province,Democratic Republic of the Congo,Tshopo,Tshopo,3,patients,cumulative,FALSE,TRUE,high,"Indicateur,Ituri,Nord-Kivu,Haut-Uélé,Tshopo,Sud-Kivu,col
Total admissions (cumul),975,451,79,3,287,""""",Institut National de Santé Publique,CC BY 4.0,data/csv/080_table_06_tableau_6_occupation_des_structures_de_s.csv
who_afro,afro-12,2026-08-02,2026-08-02,bed_occupancy_pct,national,Democratic Republic of the Congo,"","",72.4,percent,point,TRUE,FALSE,low,"5 Provinces 4 Provinces 727 72.4% 18 276
51 Health Zones 42 Health Zones Cases Bed Contacts
Affected Active Transmission Recovered Occupancy to follow",World Health Organization Regional Office for Africa,CC BY-NC-SA 3.0 IGO,https://iris.who.int/handle/10665/386882
who_afro,afro-12,2026-08-02,2026-08-02,bed_occupancy_pct,national,Democratic Republic of the Congo,"","",67.3,percent,point,TRUE,TRUE,high,"As of 2 August 2026, 707 patients were in isolation, corresponding to an overall bed occupancy rate of 67.3%.",World Health Organization Regional Office for Africa,CC BY-NC-SA 3.0 IGO,https://iris.who.int/handle/10665/386882
insp,080,2026-08-02,2026-08-02,bed_occupancy_pct,province,Democratic Republic of the Congo,Haut-Uele,Haut-Uélé,45.6,percent,point,FALSE,TRUE,low,"Indicateur,Ituri,Nord-Kivu,Haut-Uélé,Tshopo,Sud-Kivu,col
Taux d'occupation,""57,0 %"",""131,9 %"",""45,6 %"",""10,0 %"",ND,""""",Institut National de Santé Publique,CC BY 4.0,data/csv/080_table_06_tableau_6_occupation_des_structures_de_s.csv
insp,080,2026-08-02,2026-08-02,bed_occupancy_pct,province,Democratic Republic of the Congo,Ituri,Ituri,57,percent,point,FALSE,TRUE,low,"Indicateur,Ituri,Nord-Kivu,Haut-Uélé,Tshopo,Sud-Kivu,col
Taux d'occupation,""57,0 %"",""131,9 %"",""45,6 %"",""10,0 %"",ND,""""",Institut National de Santé Publique,CC BY 4.0,data/csv/080_table_06_tableau_6_occupation_des_structures_de_s.csv
who_afro,afro-12,2026-08-02,2026-08-02,bed_occupancy_pct,province,Democratic Republic of the Congo,Nord-Kivu,North Kivu,131.9,percent,point,FALSE,TRUE,high,"However, bed occupancy is not uniformed and remained particularly high in North Kivu (131.9%).",World Health Organization Regional Office for Africa,CC BY-NC-SA 3.0 IGO,https://iris.who.int/handle/10665/386882
insp,080,2026-08-02,2026-08-02,bed_occupancy_pct,province,Democratic Republic of the Congo,Nord-Kivu,Nord-Kivu,131.9,percent,point,FALSE,TRUE,low,"Indicateur,Ituri,Nord-Kivu,Haut-Uélé,Tshopo,Sud-Kivu,col
Taux d'occupation,""57,0 %"",""131,9 %"",""45,6 %"",""10,0 %"",ND,""""",Institut National de Santé Publique,CC BY 4.0,data/csv/080_table_06_tableau_6_occupation_des_structures_de_s.csv
insp,080,2026-08-02,2026-08-02,bed_occupancy_pct,province,Democratic Republic of the Congo,Tshopo,Tshopo,10,percent,point,FALSE,TRUE,low,"Indicateur,Ituri,Nord-Kivu,Haut-Uélé,Tshopo,Sud-Kivu,col
Taux d'occupation,""57,0 %"",""131,9 %"",""45,6 %"",""10,0 %"",ND,""""",Institut National de Santé Publique,CC BY 4.0,data/csv/080_table_06_tableau_6_occupation_des_structures_de_s.csv
who_afro,afro-12,2026-08-02,2026-08-02,beds_capacity,national,Democratic Republic of the Congo,"","",1050,beds,point,FALSE,TRUE,high,"Case management capacity expansion continued to expand across the Democratic Republic of the Congo, with bed capacity increasing to 1050 across 33 treatment facilities.",World Health Organization Regional Office for Africa,CC BY-NC-SA 3.0 IGO,https://iris.who.int/handle/10665/386882
insp,080,2026-08-02,2026-08-02,beds_capacity,province,Democratic Republic of the Congo,Haut-Uele,Haut-Uélé,68,beds,point,FALSE,TRUE,high,"Indicateur,Ituri,Nord-Kivu,Haut-Uélé,Tshopo,Sud-Kivu,col
Nombre de lits,821,141,68,20,ND,""""",Institut National de Santé Publique,CC BY 4.0,data/csv/080_table_06_tableau_6_occupation_des_structures_de_s.csv
insp,080,2026-08-02,2026-08-02,beds_capacity,province,Democratic Republic of the Congo,Ituri,Ituri,821,beds,point,FALSE,TRUE,high,"Indicateur,Ituri,Nord-Kivu,Haut-Uélé,Tshopo,Sud-Kivu,col
Nombre de lits,821,141,68,20,ND,""""",Institut National de Santé Publique,CC BY 4.0,data/csv/080_table_06_tableau_6_occupation_des_structures_de_s.csv
insp,080,2026-08-02,2026-08-02,beds_capacity,province,Democratic Republic of the Congo,Nord-Kivu,Nord-Kivu,141,beds,point,FALSE,TRUE,high,"Indicateur,Ituri,Nord-Kivu,Haut-Uélé,Tshopo,Sud-Kivu,col
Nombre de lits,821,141,68,20,ND,""""",Institut National de Santé Publique,CC BY 4.0,data/csv/080_table_06_tableau_6_occupation_des_structures_de_s.csv
insp,080,2026-08-02,2026-08-02,beds_capacity,province,Democratic Republic of the Congo,Tshopo,Tshopo,20,beds,point,FALSE,TRUE,high,"Indicateur,Ituri,Nord-Kivu,Haut-Uélé,Tshopo,Sud-Kivu,col
Nombre de lits,821,141,68,20,ND,""""",Institut National de Santé Publique,CC BY 4.0,data/csv/080_table_06_tableau_6_occupation_des_structures_de_s.csv
insp,080,2026-08-02,2026-08-02,deaths_in_facility,province,Democratic Republic of the Congo,Haut-Uele,Haut-Uélé,4,patients,24h,FALSE,TRUE,high,"Indicateur,Ituri,Nord-Kivu,Haut-Uélé,Tshopo,Sud-Kivu,col
Sorties — décédés,13,5,4,ND,0,18",Institut National de Santé Publique,CC BY 4.0,data/csv/080_table_06_tableau_6_occupation_des_structures_de_s.csv
insp,080,2026-08-02,2026-08-02,deaths_in_facility,province,Democratic Republic of the Congo,Ituri,Ituri,13,patients,24h,FALSE,TRUE,high,"Indicateur,Ituri,Nord-Kivu,Haut-Uélé,Tshopo,Sud-Kivu,col
Sorties — décédés,13,5,4,ND,0,18",Institut National de Santé Publique,CC BY 4.0,data/csv/080_table_06_tableau_6_occupation_des_structures_de_s.csv
insp,080,2026-08-02,2026-08-02,deaths_in_facility,province,Democratic Republic of the Congo,Nord-Kivu,Nord-Kivu,5,patients,24h,FALSE,TRUE,high,"Indicateur,Ituri,Nord-Kivu,Haut-Uélé,Tshopo,Sud-Kivu,col
Sorties — décédés,13,5,4,ND,0,18",Institut National de Santé Publique,CC BY 4.0,data/csv/080_table_06_tableau_6_occupation_des_structures_de_s.csv
insp,080,2026-08-02,2026-08-02,deaths_in_facility,province,Democratic Republic of the Congo,Sud-Kivu,Sud-Kivu,0,patients,24h,FALSE,TRUE,high,"Indicateur,Ituri,Nord-Kivu,Haut-Uélé,Tshopo,Sud-Kivu,col
Sorties — décédés,13,5,4,ND,0,18",Institut National de Santé Publique,CC BY 4.0,data/csv/080_table_06_tableau_6_occupation_des_structures_de_s.csv
who_afro,afro-12,2026-08-02,2026-08-02,discharges_recovered,national,Democratic Republic of the Congo,"","",727,patients,cumulative,FALSE,TRUE,high,"Clinical outcomes continued to improve, with cumulative recoveries increasing to 727 by 2 August 2026",World Health Organization Regional Office for Africa,CC BY-NC-SA 3.0 IGO,https://iris.who.int/handle/10665/386882
insp,080,2026-08-02,2026-08-02,discharges_recovered,province,Democratic Republic of the Congo,Haut-Uele,Haut-Uélé,0,patients,24h,FALSE,TRUE,high,"Indicateur,Ituri,Nord-Kivu,Haut-Uélé,Tshopo,Sud-Kivu,col
Sorties — guéris,17,2,0,ND,0,15",Institut National de Santé Publique,CC BY 4.0,data/csv/080_table_06_tableau_6_occupation_des_structures_de_s.csv
insp,080,2026-08-02,2026-08-02,discharges_recovered,province,Democratic Republic of the Congo,Ituri,Ituri,17,patients,24h,FALSE,TRUE,high,"Indicateur,Ituri,Nord-Kivu,Haut-Uélé,Tshopo,Sud-Kivu,col
Sorties — guéris,17,2,0,ND,0,15",Institut National de Santé Publique,CC BY 4.0,data/csv/080_table_06_tableau_6_occupation_des_structures_de_s.csv
insp,080,2026-08-02,2026-08-02,discharges_recovered,province,Democratic Republic of the Congo,Nord-Kivu,Nord-Kivu,2,patients,24h,FALSE,TRUE,high,"Indicateur,Ituri,Nord-Kivu,Haut-Uélé,Tshopo,Sud-Kivu,col
Sorties — guéris,17,2,0,ND,0,15",Institut National de Santé Publique,CC BY 4.0,data/csv/080_table_06_tableau_6_occupation_des_structures_de_s.csv
insp,080,2026-08-02,2026-08-02,discharges_recovered,province,Democratic Republic of the Congo,Sud-Kivu,Sud-Kivu,0,patients,24h,FALSE,TRUE,high,"Indicateur,Ituri,Nord-Kivu,Haut-Uélé,Tshopo,Sud-Kivu,col
Sorties — guéris,17,2,0,ND,0,15",Institut National de Santé Publique,CC BY 4.0,data/csv/080_table_06_tableau_6_occupation_des_structures_de_s.csv
insp,080,2026-08-02,2026-08-02,escapes,province,Democratic Republic of the Congo,Haut-Uele,Haut-Uélé,0,patients,24h,FALSE,TRUE,high,"Indicateur,Ituri,Nord-Kivu,Haut-Uélé,Tshopo,Sud-Kivu,col
Sorties — évadés,2,0,0,ND,0,2",Institut National de Santé Publique,CC BY 4.0,data/csv/080_table_06_tableau_6_occupation_des_structures_de_s.csv
insp,080,2026-08-02,2026-08-02,escapes,province,Democratic Republic of the Congo,Ituri,Ituri,2,patients,24h,FALSE,TRUE,high,"Indicateur,Ituri,Nord-Kivu,Haut-Uélé,Tshopo,Sud-Kivu,col
Sorties — évadés,2,0,0,ND,0,2",Institut National de Santé Publique,CC BY 4.0,data/csv/080_table_06_tableau_6_occupation_des_structures_de_s.csv
insp,080,2026-08-02,2026-08-02,escapes,province,Democratic Republic of the Congo,Nord-Kivu,Nord-Kivu,0,patients,24h,FALSE,TRUE,high,"Indicateur,Ituri,Nord-Kivu,Haut-Uélé,Tshopo,Sud-Kivu,col
Sorties — évadés,2,0,0,ND,0,2",Institut National de Santé Publique,CC BY 4.0,data/csv/080_table_06_tableau_6_occupation_des_structures_de_s.csv
insp,080,2026-08-02,2026-08-02,escapes,province,Democratic Republic of the Congo,Sud-Kivu,Sud-Kivu,0,patients,24h,FALSE,TRUE,high,"Indicateur,Ituri,Nord-Kivu,Haut-Uélé,Tshopo,Sud-Kivu,col
Sorties — évadés,2,0,0,ND,0,2",Institut National de Santé Publique,CC BY 4.0,data/csv/080_table_06_tableau_6_occupation_des_structures_de_s.csv
who_afro,afro-12,2026-08-02,2026-08-02,facilities_operational,national,Democratic Republic of the Congo,"","",33,facilities,point,TRUE,TRUE,high,"Case management capacity expansion continued to expand across the Democratic Republic of the Congo, with bed capacity increasing to 1050 across 33 treatment facilities.",World Health Organization Regional Office for Africa,CC BY-NC-SA 3.0 IGO,https://iris.who.int/handle/10665/386882
who_afro,afro-12,2026-08-02,2026-08-02,facilities_operational,national,Democratic Republic of the Congo,"","",8,facilities,point,TRUE,FALSE,high,IPC/WASH assessments were also completed at all eight Ebola treatment centres (ETCs).,World Health Organization Regional Office for Africa,CC BY-NC-SA 3.0 IGO,https://iris.who.int/handle/10665/386882
who_afro,afro-12,2026-08-02,2026-08-02,patients_in_isolation,national,Democratic Republic of the Congo,"","",707,patients,point,FALSE,TRUE,high,"As of 2 August 2026, 707 patients were in isolation, corresponding to an overall bed occupancy rate of 67.3%.",World Health Organization Regional Office for Africa,CC BY-NC-SA 3.0 IGO,https://iris.who.int/handle/10665/386882
insp,080,2026-08-02,2026-08-02,patients_in_isolation,province,Democratic Republic of the Congo,Haut-Uele,Haut-Uélé,31,patients,point,FALSE,TRUE,high,"Indicateur,Ituri,Nord-Kivu,Haut-Uélé,Tshopo,Sud-Kivu,col
Patients en isolement (fin J),468,186,31,2,20,""""",Institut National de Santé Publique,CC BY 4.0,data/csv/080_table_06_tableau_6_occupation_des_structures_de_s.csv
insp,080,2026-08-02,2026-08-02,patients_in_isolation,province,Democratic Republic of the Congo,Ituri,Ituri,468,patients,point,FALSE,TRUE,high,"Indicateur,Ituri,Nord-Kivu,Haut-Uélé,Tshopo,Sud-Kivu,col
Patients en isolement (fin J),468,186,31,2,20,""""",Institut National de Santé Publique,CC BY 4.0,data/csv/080_table_06_tableau_6_occupation_des_structures_de_s.csv
insp,080,2026-08-02,2026-08-02,patients_in_isolation,province,Democratic Republic of the Congo,Nord-Kivu,Nord-Kivu,186,patients,point,FALSE,TRUE,high,"Indicateur,Ituri,Nord-Kivu,Haut-Uélé,Tshopo,Sud-Kivu,col
Patients en isolement (fin J),468,186,31,2,20,""""",Institut National de Santé Publique,CC BY 4.0,data/csv/080_table_06_tableau_6_occupation_des_structures_de_s.csv
insp,080,2026-08-02,2026-08-02,patients_in_isolation,province,Democratic Republic of the Congo,Sud-Kivu,Sud-Kivu,20,patients,point,FALSE,TRUE,high,"Indicateur,Ituri,Nord-Kivu,Haut-Uélé,Tshopo,Sud-Kivu,col
Patients en isolement (fin J),468,186,31,2,20,""""",Institut National de Santé Publique,CC BY 4.0,data/csv/080_table_06_tableau_6_occupation_des_structures_de_s.csv
insp,080,2026-08-02,2026-08-02,patients_in_isolation,province,Democratic Republic of the Congo,Tshopo,Tshopo,2,patients,point,FALSE,TRUE,high,"Indicateur,Ituri,Nord-Kivu,Haut-Uélé,Tshopo,Sud-Kivu,col
Patients en isolement (fin J),468,186,31,2,20,""""",Institut National de Santé Publique,CC BY 4.0,data/csv/080_table_06_tableau_6_occupation_des_structures_de_s.csv
who_afro,afro-13,2026-08-09,2026-08-04,beds_capacity,facility,Democratic Republic of the Congo,Rwankole,Rwankole,100,beds,point,FALSE,TRUE,high,inauguration of a new 100-bed Ebola Treatment Centre in Rwankole,World Health Organization Regional Office for Africa,CC BY-NC-SA 3.0 IGO,https://iris.who.int/handle/10665/386915
who_afro,afro-13,2026-08-09,2026-08-09,admissions,national,Democratic Republic of the Congo,"","",124,patients,24h,FALSE,TRUE,high,124 were transferred to Ebola treatment or transit centres for isolation,World Health Organization Regional Office for Africa,CC BY-NC-SA 3.0 IGO,https://iris.who.int/handle/10665/386915
who_afro,afro-13,2026-08-09,2026-08-09,bed_occupancy_pct,national,Democratic Republic of the Congo,"","",67,percent,point,FALSE,TRUE,low,"869 67.0% 16 183
53 Health Zones 44 Health Zones Cases Bed Contacts
Affected Active Transmission* Recovered Occupancy",World Health Organization Regional Office for Africa,CC BY-NC-SA 3.0 IGO,https://iris.who.int/handle/10665/386915
who_afro,afro-13,2026-08-09,2026-08-09,discharges_recovered,national,Democratic Republic of the Congo,"","",869,patients,cumulative,FALSE,TRUE,high,cumulative recoveries reaching 869 by 9 August 2026,World Health Organization Regional Office for Africa,CC BY-NC-SA 3.0 IGO,https://iris.who.int/handle/10665/386915
who_afro,afro-13,2026-08-09,2026-08-09,discharges_recovered,national,Democratic Republic of the Congo,"","",18,patients,24h,FALSE,TRUE,high,"During the previous 24 hours, 18 patients were declared recovered",World Health Organization Regional Office for Africa,CC BY-NC-SA 3.0 IGO,https://iris.who.int/handle/10665/386915
who_afro,afro-14,2026-08-16,2026-08-09,discharges_recovered,national,"","","",869,patients,cumulative,FALSE,TRUE,high,"Cumulative recoveries increased from 869 on 9 August 2026 to 1061 on 16 August 2026, representing an additional 192 recoveries during the reporting period",World Health Organization Regional Office for Africa,CC BY-NC-SA 3.0 IGO,https://iris.who.int/handle/10665/386952
who_afro,afro-13,2026-08-09,2026-08-09,discharges_recovered,province,Democratic Republic of the Congo,Ituri,Ituri,14,patients,24h,FALSE,TRUE,high,"18 patients were declared recovered after two negative Ebola test results, including 14 in Ituri",World Health Organization Regional Office for Africa,CC BY-NC-SA 3.0 IGO,https://iris.who.int/handle/10665/386915
who_afro,afro-13,2026-08-09,2026-08-09,laboratories_testing,national,Democratic Republic of the Congo,"","",19,laboratories,point,FALSE,TRUE,high,The network includes 19 operational laboratories and testing units,World Health Organization Regional Office for Africa,CC BY-NC-SA 3.0 IGO,https://iris.who.int/handle/10665/386915
who_afro,afro-13,2026-08-09,2026-08-09,patients_in_isolation,national,Democratic Republic of the Congo,"","",704,patients,point,FALSE,TRUE,high,"As of 9 August 2026, 704 patients were in isolation and receiving care nationally",World Health Organization Regional Office for Africa,CC BY-NC-SA 3.0 IGO,https://iris.who.int/handle/10665/386915
who_afro,afro-14,2026-08-16,2026-08-12,facilities_operational,national,"","","",33,facilities,point,FALSE,TRUE,high,"The latest consolidated capacity assessment, conducted on 12 August 2026, identified 33 operational treatment and transit facilities with 1184 active beds",World Health Organization Regional Office for Africa,CC BY-NC-SA 3.0 IGO,https://iris.who.int/handle/10665/386952
who_afro,afro-14,2026-08-16,2026-08-16,admissions,national,"","","",134,patients,24h,FALSE,TRUE,high,"with 99.3% (270/272) of validated suspected cases investigated on 16 August 2026. Of those investigated, 134 (49.6%) were transferred to treatment centres.",World Health Organization Regional Office for Africa,CC BY-NC-SA 3.0 IGO,https://iris.who.int/handle/10665/386952
who_afro,afro-14,2026-08-16,2026-08-16,bed_occupancy_pct,national,Democratic Republic of the Congo,"","",63.4,percent,point,FALSE,TRUE,low,"6 Provinces 5 Provinces 1 061 63.4% 19 630
55 Health Zones 47 Health Zones Cases Bed Contacts
Affected Active Transmission* Recovered Occupancy under follow up",World Health Organization Regional Office for Africa,CC BY-NC-SA 3.0 IGO,https://iris.who.int/handle/10665/386952
who_afro,afro-14,2026-08-16,2026-08-16,beds_capacity,national,Democratic Republic of the Congo,"","",1184,beds,point,FALSE,TRUE,low,"751 155 45 1 184 22
Active Health Worker Health Worker Bed Testing
Cases in Isolation Cases Deaths Capacity Laboratories",World Health Organization Regional Office for Africa,CC BY-NC-SA 3.0 IGO,https://iris.who.int/handle/10665/386952
who_afro,afro-14,2026-08-16,2026-08-16,discharges_recovered,national,Democratic Republic of the Congo,"","",1061,patients,cumulative,FALSE,TRUE,low,"6 Provinces 5 Provinces 1 061 63.4% 19 630
55 Health Zones 47 Health Zones Cases Bed Contacts
Affected Active Transmission* Recovered Occupancy under follow up",World Health Organization Regional Office for Africa,CC BY-NC-SA 3.0 IGO,https://iris.who.int/handle/10665/386952
who_afro,afro-14,2026-08-16,2026-08-16,discharges_recovered,national,"","","",192,patients,7d,FALSE,TRUE,high,"Cumulative recoveries increased from 869 on 9 August 2026 to 1061 on 16 August 2026, representing an additional 192 recoveries during the reporting period",World Health Organization Regional Office for Africa,CC BY-NC-SA 3.0 IGO,https://iris.who.int/handle/10665/386952
who_afro,afro-15,2026-08-23,2026-08-16,discharges_recovered,national,Democratic Republic of the Congo,"","",1061,patients,cumulative,FALSE,TRUE,high,"Cumulative recoveries increased from 1 061 on 16 August 2026 to 1 215 on 23 August 2026, representing an
additional 154 recoveries during the reporting period",World Health Organization Regional Office for Africa,CC BY-NC-SA 3.0 IGO,https://iris.who.int/handle/10665/386996
who_afro,afro-14,2026-08-16,2026-08-16,laboratories_testing,national,Democratic Republic of the Congo,"","",22,laboratories,point,FALSE,TRUE,low,"751 155 45 1 184 22
Active Health Worker Health Worker Bed Testing
Cases in Isolation Cases Deaths Capacity Laboratories",World Health Organization Regional Office for Africa,CC BY-NC-SA 3.0 IGO,https://iris.who.int/handle/10665/386952
who_afro,afro-14,2026-08-16,2026-08-16,patients_in_isolation,national,Democratic Republic of the Congo,"","",751,patients,point,FALSE,TRUE,low,"751 155 45 1 184 22
Active Health Worker Health Worker Bed Testing
Cases in Isolation Cases Deaths Capacity Laboratories",World Health Organization Regional Office for Africa,CC BY-NC-SA 3.0 IGO,https://iris.who.int/handle/10665/386952
who_afro,afro-15,2026-08-23,2026-08-23,bed_occupancy_pct,national,Democratic Republic of the Congo,"","",64.7,percent,point,FALSE,TRUE,low,"6 Provinces 5 Provinces 1 215 64.7% 22 015
57 Health Zones 47 Health Zones Cases Bed Contacts
Affected Active Transmission* Recovered Occupancy under follow up",World Health Organization Regional Office for Africa,CC BY-NC-SA 3.0 IGO,https://iris.who.int/handle/10665/386996
who_afro,afro-15,2026-08-23,2026-08-23,bed_occupancy_pct,province,Democratic Republic of the Congo,Nord-Kivu,Nord-Kivu,100,percent,point,FALSE,TRUE,high,beds designated for suspected cases in Nord-Kivu reached 100% occupancy.,World Health Organization Regional Office for Africa,CC BY-NC-SA 3.0 IGO,https://iris.who.int/handle/10665/386996
who_afro,afro-15,2026-08-23,2026-08-23,beds_capacity,national,Democratic Republic of the Congo,"","",1184,beds,point,TRUE,FALSE,high,Bed capacity also increased from 1 184 to 1 308 active beds,World Health Organization Regional Office for Africa,CC BY-NC-SA 3.0 IGO,https://iris.who.int/handle/10665/386996
who_afro,afro-15,2026-08-23,2026-08-23,beds_capacity,national,Democratic Republic of the Congo,"","",1308,beds,point,TRUE,TRUE,high,Bed capacity also increased from 1 184 to 1 308 active beds,World Health Organization Regional Office for Africa,CC BY-NC-SA 3.0 IGO,https://iris.who.int/handle/10665/386996
who_afro,afro-15,2026-08-23,2026-08-23,deaths_in_facility,national,Democratic Republic of the Congo,"","",131,patients,7d,FALSE,TRUE,high,"Mortality remains high, with 302 confirmed deaths reported during the last seven days, including 171 (56.6%) in the
community and 131 (43.4%) in BVD treatment facilities.",World Health Organization Regional Office for Africa,CC BY-NC-SA 3.0 IGO,https://iris.who.int/handle/10665/386996
who_afro,afro-15,2026-08-23,2026-08-23,discharges_recovered,national,Democratic Republic of the Congo,"","",1215,patients,cumulative,FALSE,TRUE,high,"Cumulative recoveries increased from 1 061 on 16 August 2026 to 1 215 on 23 August 2026, representing an
additional 154 recoveries during the reporting period",World Health Organization Regional Office for Africa,CC BY-NC-SA 3.0 IGO,https://iris.who.int/handle/10665/386996
who_afro,afro-15,2026-08-23,2026-08-23,discharges_recovered,national,Democratic Republic of the Congo,"","",154,patients,7d,FALSE,TRUE,high,"Cumulative recoveries increased from 1 061 on 16 August 2026 to 1 215 on 23 August 2026, representing an
additional 154 recoveries during the reporting period",World Health Organization Regional Office for Africa,CC BY-NC-SA 3.0 IGO,https://iris.who.int/handle/10665/386996
who_afro,afro-15,2026-08-23,2026-08-23,facilities_operational,national,Democratic Republic of the Congo,"","",33,facilities,point,TRUE,FALSE,high,"The operational treatment and transit facilities
consolidated capacity has increased from 33 to 49.",World Health Organization Regional Office for Africa,CC BY-NC-SA 3.0 IGO,https://iris.who.int/handle/10665/386996
who_afro,afro-15,2026-08-23,2026-08-23,facilities_operational,national,Democratic Republic of the Congo,"","",49,facilities,point,TRUE,TRUE,high,"The operational treatment and transit facilities
consolidated capacity has increased from 33 to 49.",World Health Organization Regional Office for Africa,CC BY-NC-SA 3.0 IGO,https://iris.who.int/handle/10665/386996
who_afro,afro-15,2026-08-23,2026-08-23,laboratories_testing,national,Democratic Republic of the Congo,"","",2,laboratories,point,TRUE,FALSE,high,"Diagnostic capacity continued to expand and decentralize, increasing from 2 laboratories at outbreak onset to
22 active laboratories",World Health Organization Regional Office for Africa,CC BY-NC-SA 3.0 IGO,https://iris.who.int/handle/10665/386996
who_afro,afro-15,2026-08-23,2026-08-23,laboratories_testing,national,Democratic Republic of the Congo,"","",22,laboratories,point,TRUE,TRUE,high,"Diagnostic capacity continued to expand and decentralize, increasing from 2 laboratories at outbreak onset to
22 active laboratories",World Health Organization Regional Office for Africa,CC BY-NC-SA 3.0 IGO,https://iris.who.int/handle/10665/386996
who_afro,afro-15,2026-08-23,2026-08-23,patients_in_isolation,national,Democratic Republic of the Congo,"","",846,patients,point,FALSE,TRUE,high,"As of 23 August
2026, 846 patients were in isolation or receiving care nationally.",World Health Organization Regional Office for Africa,CC BY-NC-SA 3.0 IGO,https://iris.who.int/handle/10665/386996
who_afro,afro-16,2026-08-30,2026-08-30,beds_capacity,national,Democratic Republic of the Congo,"","",1308,beds,point,FALSE,TRUE,high,"814 160 45 1 308 22
Active Health Worker Health Worker Bed Testing
Cases in Isolation Cases Deaths Capacity Laboratories",World Health Organization Regional Office for Africa,CC BY-NC-SA 3.0 IGO,https://iris.who.int/handle/10665/387061
who_afro,afro-16,2026-08-30,2026-08-30,deaths_in_facility,national,Democratic Republic of the Congo,"","",99,patients,7d,FALSE,TRUE,high,"270 confirmed deaths reported during the last seven days, including 171 (63.3%) in the
community and 99 (36.7%) in BVD treatment facilities.",World Health Organization Regional Office for Africa,CC BY-NC-SA 3.0 IGO,https://iris.who.int/handle/10665/387061
who_afro,afro-16,2026-08-30,2026-08-30,facilities_operational,national,Democratic Republic of the Congo,"","",49,facilities,point,FALSE,TRUE,high,"A total of 49 treatment facilities are active,",World Health Organization Regional Office for Africa,CC BY-NC-SA 3.0 IGO,https://iris.who.int/handle/10665/387061
who_afro,afro-16,2026-08-30,2026-08-30,laboratories_testing,national,Democratic Republic of the Congo,"","",22,laboratories,point,FALSE,TRUE,high,"814 160 45 1 308 22
Active Health Worker Health Worker Bed Testing
Cases in Isolation Cases Deaths Capacity Laboratories",World Health Organization Regional Office for Africa,CC BY-NC-SA 3.0 IGO,https://iris.who.int/handle/10665/387061
who_afro,afro-16,2026-08-30,2026-08-30,patients_in_isolation,national,Democratic Republic of the Congo,"","",814,patients,point,FALSE,TRUE,high,"814 160 45 1 308 22
Active Health Worker Health Worker Bed Testing
Cases in Isolation Cases Deaths Capacity Laboratories",World Health Organization Regional Office for Africa,CC BY-NC-SA 3.0 IGO,https://iris.who.int/handle/10665/387061
who_afro,afro-17,2026-09-06,2026-09-06,bed_occupancy_pct,national,Democratic Republic of the Congo,"","",60,percent,point,TRUE,TRUE,high,"6 Provinces 5 Provinces 1 563 60.0% 24 479
61 Health Zones 52 Health Zones Cases Bed Contacts
Affected Active Transmission* Recovered Occupancy under follow up",World Health Organization Regional Office for Africa,CC BY-NC-SA 3.0 IGO,https://iris.who.int/handle/10665/387440
who_afro,afro-17,2026-09-06,2026-09-06,bed_occupancy_pct,national,Democratic Republic of the Congo,"","",62,percent,point,TRUE,FALSE,high,"with 49 treatment centres/units providing 1366 active beds, of which 819 were occupied by confirmed cases (62.0% occupancy) as of 6 September.",World Health Organization Regional Office for Africa,CC BY-NC-SA 3.0 IGO,https://iris.who.int/handle/10665/387440
who_afro,afro-17,2026-09-06,2026-09-06,beds_capacity,national,Democratic Republic of the Congo,"","",1366,beds,point,FALSE,TRUE,high,"with 49 treatment centres/units providing 1366 active beds, of which 819 were occupied by confirmed cases (62.0% occupancy) as of 6 September.",World Health Organization Regional Office for Africa,CC BY-NC-SA 3.0 IGO,https://iris.who.int/handle/10665/387440
who_afro,afro-17,2026-09-06,2026-09-06,beds_occupied,national,Democratic Republic of the Congo,"","",819,beds,point,FALSE,TRUE,high,"with 49 treatment centres/units providing 1366 active beds, of which 819 were occupied by confirmed cases (62.0% occupancy) as of 6 September.",World Health Organization Regional Office for Africa,CC BY-NC-SA 3.0 IGO,https://iris.who.int/handle/10665/387440
who_afro,afro-17,2026-09-06,2026-09-06,deaths_in_facility,national,Democratic Republic of the Congo,"","",99,patients,7d,TRUE,FALSE,high,deaths occurring in treatment facilities continued to decline from 99 to 69 (−30.3%).,World Health Organization Regional Office for Africa,CC BY-NC-SA 3.0 IGO,https://iris.who.int/handle/10665/387440
who_afro,afro-17,2026-09-06,2026-09-06,deaths_in_facility,national,Democratic Republic of the Congo,"","",69,patients,7d,TRUE,TRUE,high,deaths occurring in treatment facilities continued to decline from 99 to 69 (−30.3%).,World Health Organization Regional Office for Africa,CC BY-NC-SA 3.0 IGO,https://iris.who.int/handle/10665/387440
who_afro,afro-18,2026-09-13,2026-09-06,deaths_in_facility,national,Democratic Republic of the Congo,"","",69,patients,7d,FALSE,TRUE,high,while deaths in treatment facilities increased from 69 to 91 (+31.9%).,World Health Organization Regional Office for Africa,CC BY-NC-SA 3.0 IGO,https://iris.who.int/handle/10665/387547
who_afro,afro-17,2026-09-06,2026-09-06,discharges_recovered,national,Democratic Republic of the Congo,"","",1563,patients,cumulative,FALSE,TRUE,high,Cumulative recoveries increased to 1563 as of 6 September 2026.,World Health Organization Regional Office for Africa,CC BY-NC-SA 3.0 IGO,https://iris.who.int/handle/10665/387440
who_afro,afro-18,2026-09-13,2026-09-06,discharges_recovered,national,Democratic Republic of the Congo,"","",1563,patients,cumulative,FALSE,TRUE,high,"Cumulative recoveries increased to 1726 as of 13 September 2026, up from 1563 on 6 September",World Health Organization Regional Office for Africa,CC BY-NC-SA 3.0 IGO,https://iris.who.int/handle/10665/387547
who_afro,afro-17,2026-09-06,2026-09-06,facilities_operational,national,Democratic Republic of the Congo,"","",49,facilities,point,FALSE,TRUE,high,"with 49 treatment centres/units providing 1366 active beds, of which 819 were occupied by confirmed cases (62.0% occupancy) as of 6 September.",World Health Organization Regional Office for Africa,CC BY-NC-SA 3.0 IGO,https://iris.who.int/handle/10665/387440
who_afro,afro-17,2026-09-06,2026-09-06,laboratories_testing,national,Democratic Republic of the Congo,"","",2,laboratories,point,TRUE,FALSE,high,increasing from two laboratories at the onset of the outbreak to 25 active laboratories.,World Health Organization Regional Office for Africa,CC BY-NC-SA 3.0 IGO,https://iris.who.int/handle/10665/387440
who_afro,afro-17,2026-09-06,2026-09-06,laboratories_testing,national,Democratic Republic of the Congo,"","",25,laboratories,point,TRUE,TRUE,high,increasing from two laboratories at the onset of the outbreak to 25 active laboratories.,World Health Organization Regional Office for Africa,CC BY-NC-SA 3.0 IGO,https://iris.who.int/handle/10665/387440
who_afro,afro-17,2026-09-06,2026-09-06,patients_in_isolation,national,Democratic Republic of the Congo,"","",819,patients,point,FALSE,TRUE,high,"819 167 47 1 366 25
Active Health Worker Health Worker Bed Testing
Cases in Isolation Cases Deaths Capacity Laboratories",World Health Organization Regional Office for Africa,CC BY-NC-SA 3.0 IGO,https://iris.who.int/handle/10665/387440
who_afro,afro-18,2026-09-13,2026-09-13,admissions,national,Democratic Republic of the Congo,"","",1370,patients,7d,FALSE,TRUE,high,"Among those investigated, 1370 (50.4%) were isolated and transferred to treatment centres within 24 hours of investigation",World Health Organization Regional Office for Africa,CC BY-NC-SA 3.0 IGO,https://iris.who.int/handle/10665/387547
who_afro,afro-18,2026-09-13,2026-09-13,bed_occupancy_pct,national,Democratic Republic of the Congo,"","",66.3,percent,point,FALSE,TRUE,high,"with 905 patients hospitalized or in isolation as of 13 September, corresponding to a national bed occupancy of 66.3%.",World Health Organization Regional Office for Africa,CC BY-NC-SA 3.0 IGO,https://iris.who.int/handle/10665/387547
who_afro,afro-18,2026-09-13,2026-09-13,bed_occupancy_pct,province,Democratic Republic of the Congo,Haut-Uele,Haut-Uélé,51.5,percent,point,FALSE,TRUE,high,"with Nord-Kivu operating at 145.6% occupancy, compared
with 68.0% in Sud-Kivu, 51.5% in Haut-Uélé, 46.5% in Ituri and 25.8% in Tshopo.",World Health Organization Regional Office for Africa,CC BY-NC-SA 3.0 IGO,https://iris.who.int/handle/10665/387547
who_afro,afro-18,2026-09-13,2026-09-13,bed_occupancy_pct,province,Democratic Republic of the Congo,Ituri,Ituri,46.5,percent,point,FALSE,TRUE,high,"with Nord-Kivu operating at 145.6% occupancy, compared
with 68.0% in Sud-Kivu, 51.5% in Haut-Uélé, 46.5% in Ituri and 25.8% in Tshopo.",World Health Organization Regional Office for Africa,CC BY-NC-SA 3.0 IGO,https://iris.who.int/handle/10665/387547
who_afro,afro-18,2026-09-13,2026-09-13,bed_occupancy_pct,province,Democratic Republic of the Congo,Nord-Kivu,Nord-Kivu,145.6,percent,point,FALSE,TRUE,high,"with Nord-Kivu operating at 145.6% occupancy, compared
with 68.0% in Sud-Kivu, 51.5% in Haut-Uélé, 46.5% in Ituri and 25.8% in Tshopo.",World Health Organization Regional Office for Africa,CC BY-NC-SA 3.0 IGO,https://iris.who.int/handle/10665/387547
who_afro,afro-18,2026-09-13,2026-09-13,bed_occupancy_pct,province,Democratic Republic of the Congo,Sud-Kivu,Sud-Kivu,68,percent,point,FALSE,TRUE,high,"with Nord-Kivu operating at 145.6% occupancy, compared
with 68.0% in Sud-Kivu, 51.5% in Haut-Uélé, 46.5% in Ituri and 25.8% in Tshopo.",World Health Organization Regional Office for Africa,CC BY-NC-SA 3.0 IGO,https://iris.who.int/handle/10665/387547
who_afro,afro-18,2026-09-13,2026-09-13,bed_occupancy_pct,province,Democratic Republic of the Congo,Tshopo,Tshopo,25.8,percent,point,FALSE,TRUE,high,"with Nord-Kivu operating at 145.6% occupancy, compared
with 68.0% in Sud-Kivu, 51.5% in Haut-Uélé, 46.5% in Ituri and 25.8% in Tshopo.",World Health Organization Regional Office for Africa,CC BY-NC-SA 3.0 IGO,https://iris.who.int/handle/10665/387547
who_afro,afro-18,2026-09-13,2026-09-13,beds_capacity,national,Democratic Republic of the Congo,"","",1390,beds,point,TRUE,FALSE,high,Case-management capacity includes 49 treatment centres/units providing 1390 active beds,World Health Organization Regional Office for Africa,CC BY-NC-SA 3.0 IGO,https://iris.who.int/handle/10665/387547
who_afro,afro-18,2026-09-13,2026-09-13,beds_capacity,national,Democratic Republic of the Congo,"","",1366,beds,point,TRUE,TRUE,low,"905 167 47 1 366 26
Active Health Worker Health Worker Bed Testing
Cases in Isolation Cases Deaths Capacity Laboratories",World Health Organization Regional Office for Africa,CC BY-NC-SA 3.0 IGO,https://iris.who.int/handle/10665/387547
who_afro,afro-18,2026-09-13,2026-09-13,deaths_in_facility,national,Democratic Republic of the Congo,"","",91,patients,7d,FALSE,TRUE,high,while deaths in treatment facilities increased from 69 to 91 (+31.9%).,World Health Organization Regional Office for Africa,CC BY-NC-SA 3.0 IGO,https://iris.who.int/handle/10665/387547
who_afro,afro-19,2026-09-20,2026-09-13,deaths_in_facility,national,Democratic Republic of the Congo,"","",91,patients,7d,FALSE,TRUE,high,deaths in treatment facilities declining from 91 to 86 (−5.5%).,World Health Organization Regional Office for Africa,CC BY-NC-SA 3.0 IGO,https://iris.who.int/handle/10665/387652
who_afro,afro-18,2026-09-13,2026-09-13,discharges_recovered,national,Democratic Republic of the Congo,"","",1726,patients,cumulative,FALSE,TRUE,high,Cumulative recoveries increased to 1726 as of 13 September 2026,World Health Organization Regional Office for Africa,CC BY-NC-SA 3.0 IGO,https://iris.who.int/handle/10665/387547
who_afro,afro-18,2026-09-13,2026-09-13,discharges_recovered,national,Democratic Republic of the Congo,"","",163,patients,7d,FALSE,TRUE,high,"up from 1563 on 6 September, representing
163 additional recoveries over the reporting period.",World Health Organization Regional Office for Africa,CC BY-NC-SA 3.0 IGO,https://iris.who.int/handle/10665/387547
who_afro,afro-19,2026-09-20,2026-09-13,discharges_recovered,national,Democratic Republic of the Congo,"","",1726,patients,cumulative,FALSE,TRUE,high,"Cumulative recoveries increased to 1902 as of 20 September 2026, up from 1726 on 13 September",World Health Organization Regional Office for Africa,CC BY-NC-SA 3.0 IGO,https://iris.who.int/handle/10665/387652
who_afro,afro-18,2026-09-13,2026-09-13,facilities_operational,national,Democratic Republic of the Congo,"","",49,facilities,point,FALSE,TRUE,high,Case-management capacity includes 49 treatment centres/units providing 1390 active beds,World Health Organization Regional Office for Africa,CC BY-NC-SA 3.0 IGO,https://iris.who.int/handle/10665/387547
who_afro,afro-18,2026-09-13,2026-09-13,laboratories_testing,national,Democratic Republic of the Congo,"","",26,laboratories,point,FALSE,TRUE,high,increasing from two laboratories at the onset of the outbreak to 26 active laboratories.,World Health Organization Regional Office for Africa,CC BY-NC-SA 3.0 IGO,https://iris.who.int/handle/10665/387547
who_afro,afro-18,2026-09-13,2026-09-13,patients_in_isolation,national,Democratic Republic of the Congo,"","",905,patients,point,FALSE,TRUE,high,"providing 1390 active beds, with 905 patients hospitalized or in isolation as of 13 September",World Health Organization Regional Office for Africa,CC BY-NC-SA 3.0 IGO,https://iris.who.int/handle/10665/387547
who_afro,afro-19,2026-09-20,2026-09-20,admissions,national,Democratic Republic of the Congo,"","",1284,patients,7d,FALSE,TRUE,high,only 1284 (35.0%) were isolated and transferred to treatment centres within 24 hours,World Health Organization Regional Office for Africa,CC BY-NC-SA 3.0 IGO,https://iris.who.int/handle/10665/387652
who_afro,afro-19,2026-09-20,2026-09-20,bed_occupancy_pct,national,Democratic Republic of the Congo,"","",59.1,percent,point,FALSE,TRUE,high,"Case-management capacity includes 49 treatment centres/units providing 1535 active beds, with 821 patients hospitalized or in isolation as of 20 September, corresponding to a national bed occupancy of 59.1%.",World Health Organization Regional Office for Africa,CC BY-NC-SA 3.0 IGO,https://iris.who.int/handle/10665/387652
who_afro,afro-19,2026-09-20,2026-09-20,bed_occupancy_pct,province,Democratic Republic of the Congo,Haut-Uele,Haut-Uélé,32.6,percent,point,FALSE,TRUE,high,"Haut-Uélé and Tshopo reported lower occupancy at 32.6% and 38.7%, respectively",World Health Organization Regional Office for Africa,CC BY-NC-SA 3.0 IGO,https://iris.who.int/handle/10665/387652
who_afro,afro-19,2026-09-20,2026-09-20,bed_occupancy_pct,province,Democratic Republic of the Congo,Ituri,Ituri,43.5,percent,point,FALSE,TRUE,high,Ituri reported 442 hospitalized patients with 43.5% bed occupancy,World Health Organization Regional Office for Africa,CC BY-NC-SA 3.0 IGO,https://iris.who.int/handle/10665/387652
who_afro,afro-19,2026-09-20,2026-09-20,bed_occupancy_pct,province,Democratic Republic of the Congo,Nord-Kivu,Nord-Kivu,91.2,percent,point,FALSE,TRUE,high,"Nord-Kivu remains under the greatest pressure, with 316 patients hospitalized and 91.2% occupancy",World Health Organization Regional Office for Africa,CC BY-NC-SA 3.0 IGO,https://iris.who.int/handle/10665/387652
who_afro,afro-19,2026-09-20,2026-09-20,bed_occupancy_pct,province,Democratic Republic of the Congo,Tshopo,Tshopo,38.7,percent,point,FALSE,TRUE,high,"Haut-Uélé and Tshopo reported lower occupancy at 32.6% and 38.7%, respectively",World Health Organization Regional Office for Africa,CC BY-NC-SA 3.0 IGO,https://iris.who.int/handle/10665/387652
who_afro,afro-19,2026-09-20,2026-09-20,beds_capacity,national,Democratic Republic of the Congo,"","",1535,beds,point,FALSE,TRUE,high,"Case-management capacity includes 49 treatment centres/units providing 1535 active beds, with 821 patients hospitalized or in isolation as of 20 September, corresponding to a national bed occupancy of 59.1%.",World Health Organization Regional Office for Africa,CC BY-NC-SA 3.0 IGO,https://iris.who.int/handle/10665/387652
who_afro,afro-19,2026-09-20,2026-09-20,beds_occupied,province,Democratic Republic of the Congo,Bas-Uele,Bas-Uélé,6,patients,point,FALSE,TRUE,high,while six patients were hospitalized in health facilities in Bas-Uélé.,World Health Organization Regional Office for Africa,CC BY-NC-SA 3.0 IGO,https://iris.who.int/handle/10665/387652
who_afro,afro-19,2026-09-20,2026-09-20,beds_occupied,province,Democratic Republic of the Congo,Ituri,Ituri,442,patients,point,FALSE,TRUE,high,Ituri reported 442 hospitalized patients with 43.5% bed occupancy,World Health Organization Regional Office for Africa,CC BY-NC-SA 3.0 IGO,https://iris.who.int/handle/10665/387652
who_afro,afro-19,2026-09-20,2026-09-20,beds_occupied,province,Democratic Republic of the Congo,Nord-Kivu,Nord-Kivu,316,patients,point,FALSE,TRUE,high,"Nord-Kivu remains under the greatest pressure, with 316 patients hospitalized and 91.2% occupancy",World Health Organization Regional Office for Africa,CC BY-NC-SA 3.0 IGO,https://iris.who.int/handle/10665/387652
who_afro,afro-19,2026-09-20,2026-09-20,deaths_in_facility,national,Democratic Republic of the Congo,"","",86,patients,7d,FALSE,TRUE,high,deaths in treatment facilities declining from 91 to 86 (−5.5%).,World Health Organization Regional Office for Africa,CC BY-NC-SA 3.0 IGO,https://iris.who.int/handle/10665/387652
who_afro,afro-19,2026-09-20,2026-09-20,discharges_recovered,national,Democratic Republic of the Congo,"","",1902,patients,cumulative,FALSE,TRUE,high,"Cumulative recoveries increased to 1902 as of 20 September 2026, up from 1726 on 13 September",World Health Organization Regional Office for Africa,CC BY-NC-SA 3.0 IGO,https://iris.who.int/handle/10665/387652
who_afro,afro-19,2026-09-20,2026-09-20,discharges_recovered,national,Democratic Republic of the Congo,"","",176,patients,7d,FALSE,TRUE,high,"up from 1726 on 13 September, representing
176 additional recoveries over the reporting period.",World Health Organization Regional Office for Africa,CC BY-NC-SA 3.0 IGO,https://iris.who.int/handle/10665/387652
who_afro,afro-19,2026-09-20,2026-09-20,facilities_operational,national,Democratic Republic of the Congo,"","",49,facilities,point,FALSE,TRUE,high,"Case-management capacity includes 49 treatment centres/units providing 1535 active beds, with 821 patients hospitalized or in isolation as of 20 September, corresponding to a national bed occupancy of 59.1%.",World Health Organization Regional Office for Africa,CC BY-NC-SA 3.0 IGO,https://iris.who.int/handle/10665/387652
who_afro,afro-19,2026-09-20,2026-09-20,laboratories_testing,national,Democratic Republic of the Congo,"","",2,laboratories,point,TRUE,FALSE,high,increasing from two laboratories at the onset of the outbreak to 26 active laboratories.,World Health Organization Regional Office for Africa,CC BY-NC-SA 3.0 IGO,https://iris.who.int/handle/10665/387652
who_afro,afro-19,2026-09-20,2026-09-20,laboratories_testing,national,Democratic Republic of the Congo,"","",26,laboratories,point,TRUE,TRUE,high,increasing from two laboratories at the onset of the outbreak to 26 active laboratories.,World Health Organization Regional Office for Africa,CC BY-NC-SA 3.0 IGO,https://iris.who.int/handle/10665/387652
who_afro,afro-19,2026-09-20,2026-09-20,patients_in_isolation,national,Democratic Republic of the Congo,"","",821,patients,point,FALSE,TRUE,high,"Case-management capacity includes 49 treatment centres/units providing 1535 active beds, with 821 patients hospitalized or in isolation as of 20 September, corresponding to a national bed occupancy of 59.1%.",World Health Organization Regional Office for Africa,CC BY-NC-SA 3.0 IGO,https://iris.who.int/handle/10665/387652
