sitrep,report_date,province,quantity,ours,bos_scan,bos_read,agree_scan,agree_read,status,bos_commit
018,2026-06-01,Ituri,admissions,21,21,21,TRUE,TRUE,all_agree,126d07fbfc029fe51efd266368ef3a8cccc910d9
018,2026-06-01,Nord-Kivu,admissions,0,0,0,TRUE,TRUE,all_agree,126d07fbfc029fe51efd266368ef3a8cccc910d9
018,2026-06-01,Sud-Kivu,admissions,1,1,1,TRUE,TRUE,all_agree,126d07fbfc029fe51efd266368ef3a8cccc910d9
019,2026-06-02,Ituri,admissions,28,28,28,TRUE,TRUE,all_agree,126d07fbfc029fe51efd266368ef3a8cccc910d9
019,2026-06-02,Nord-Kivu,admissions,1,1,1,TRUE,TRUE,all_agree,126d07fbfc029fe51efd266368ef3a8cccc910d9
019,2026-06-02,Sud-Kivu,admissions,1,1,1,TRUE,TRUE,all_agree,126d07fbfc029fe51efd266368ef3a8cccc910d9
020,2026-06-03,Ituri,admissions,47,47,47,TRUE,TRUE,all_agree,126d07fbfc029fe51efd266368ef3a8cccc910d9
020,2026-06-03,Nord-Kivu,admissions,1,1,1,TRUE,TRUE,all_agree,126d07fbfc029fe51efd266368ef3a8cccc910d9
020,2026-06-03,Sud-Kivu,admissions,0,0,0,TRUE,TRUE,all_agree,126d07fbfc029fe51efd266368ef3a8cccc910d9
021,2026-06-04,Ituri,admissions,61,61,61,TRUE,TRUE,all_agree,126d07fbfc029fe51efd266368ef3a8cccc910d9
021,2026-06-04,Nord-Kivu,admissions,1,1,1,TRUE,TRUE,all_agree,126d07fbfc029fe51efd266368ef3a8cccc910d9
021,2026-06-04,Sud-Kivu,admissions,0,0,0,TRUE,TRUE,all_agree,126d07fbfc029fe51efd266368ef3a8cccc910d9
022,2026-06-05,Ituri,admissions,37,37,37,TRUE,TRUE,all_agree,126d07fbfc029fe51efd266368ef3a8cccc910d9
022,2026-06-05,Nord-Kivu,admissions,1,1,1,TRUE,TRUE,all_agree,126d07fbfc029fe51efd266368ef3a8cccc910d9
022,2026-06-05,Sud-Kivu,admissions,0,0,0,TRUE,TRUE,all_agree,126d07fbfc029fe51efd266368ef3a8cccc910d9
023,2026-06-06,Ituri,admissions,29,29,29,TRUE,TRUE,all_agree,126d07fbfc029fe51efd266368ef3a8cccc910d9
023,2026-06-06,Nord-Kivu,admissions,1,1,1,TRUE,TRUE,all_agree,126d07fbfc029fe51efd266368ef3a8cccc910d9
023,2026-06-06,Sud-Kivu,admissions,0,0,0,TRUE,TRUE,all_agree,126d07fbfc029fe51efd266368ef3a8cccc910d9
024,2026-06-07,Ituri,admissions,55,55,55,TRUE,TRUE,all_agree,126d07fbfc029fe51efd266368ef3a8cccc910d9
024,2026-06-07,Nord-Kivu,admissions,6,6,6,TRUE,TRUE,all_agree,126d07fbfc029fe51efd266368ef3a8cccc910d9
024,2026-06-07,Sud-Kivu,admissions,0,0,0,TRUE,TRUE,all_agree,126d07fbfc029fe51efd266368ef3a8cccc910d9
025,2026-06-08,Ituri,admissions,27,27,27,TRUE,TRUE,all_agree,126d07fbfc029fe51efd266368ef3a8cccc910d9
025,2026-06-08,Nord-Kivu,admissions,7,7,7,TRUE,TRUE,all_agree,126d07fbfc029fe51efd266368ef3a8cccc910d9
025,2026-06-08,Sud-Kivu,admissions,0,0,0,TRUE,TRUE,all_agree,126d07fbfc029fe51efd266368ef3a8cccc910d9
026,2026-06-09,Ituri,admissions,31,31,31,TRUE,TRUE,all_agree,126d07fbfc029fe51efd266368ef3a8cccc910d9
026,2026-06-09,Nord-Kivu,admissions,0,0,0,TRUE,TRUE,all_agree,126d07fbfc029fe51efd266368ef3a8cccc910d9
026,2026-06-09,Sud-Kivu,admissions,0,0,0,TRUE,TRUE,all_agree,126d07fbfc029fe51efd266368ef3a8cccc910d9
027,2026-06-10,Ituri,admissions,26,26,26,TRUE,TRUE,all_agree,126d07fbfc029fe51efd266368ef3a8cccc910d9
027,2026-06-10,Nord-Kivu,admissions,0,0,0,TRUE,TRUE,all_agree,126d07fbfc029fe51efd266368ef3a8cccc910d9
027,2026-06-10,Sud-Kivu,admissions,0,0,0,TRUE,TRUE,all_agree,126d07fbfc029fe51efd266368ef3a8cccc910d9
028,2026-06-11,Ituri,admissions,47,47,47,TRUE,TRUE,all_agree,126d07fbfc029fe51efd266368ef3a8cccc910d9
028,2026-06-11,Nord-Kivu,admissions,18,18,18,TRUE,TRUE,all_agree,126d07fbfc029fe51efd266368ef3a8cccc910d9
028,2026-06-11,Sud-Kivu,admissions,10,10,10,TRUE,TRUE,all_agree,126d07fbfc029fe51efd266368ef3a8cccc910d9
030,2026-06-13,Ituri,admissions,60,60,60,TRUE,TRUE,all_agree,126d07fbfc029fe51efd266368ef3a8cccc910d9
030,2026-06-13,Nord-Kivu,admissions,6,6,6,TRUE,TRUE,all_agree,126d07fbfc029fe51efd266368ef3a8cccc910d9
030,2026-06-13,Sud-Kivu,admissions,2,2,2,TRUE,TRUE,all_agree,126d07fbfc029fe51efd266368ef3a8cccc910d9
031,2026-06-14,Ituri,admissions,44,44,44,TRUE,TRUE,all_agree,126d07fbfc029fe51efd266368ef3a8cccc910d9
031,2026-06-14,Nord-Kivu,admissions,8,8,8,TRUE,TRUE,all_agree,126d07fbfc029fe51efd266368ef3a8cccc910d9
031,2026-06-14,Sud-Kivu,admissions,2,2,2,TRUE,TRUE,all_agree,126d07fbfc029fe51efd266368ef3a8cccc910d9
032,2026-06-15,Ituri,admissions,47,47,47,TRUE,TRUE,all_agree,126d07fbfc029fe51efd266368ef3a8cccc910d9
032,2026-06-15,Nord-Kivu,admissions,7,7,7,TRUE,TRUE,all_agree,126d07fbfc029fe51efd266368ef3a8cccc910d9
032,2026-06-15,Sud-Kivu,admissions,7,7,7,TRUE,TRUE,all_agree,126d07fbfc029fe51efd266368ef3a8cccc910d9
033,2026-06-16,Ituri,admissions,47,47,47,TRUE,TRUE,all_agree,126d07fbfc029fe51efd266368ef3a8cccc910d9
033,2026-06-16,Nord-Kivu,admissions,11,11,11,TRUE,TRUE,all_agree,126d07fbfc029fe51efd266368ef3a8cccc910d9
033,2026-06-16,Sud-Kivu,admissions,9,9,9,TRUE,TRUE,all_agree,126d07fbfc029fe51efd266368ef3a8cccc910d9
034,2026-06-17,Ituri,admissions,61,61,61,TRUE,TRUE,all_agree,126d07fbfc029fe51efd266368ef3a8cccc910d9
034,2026-06-17,Nord-Kivu,admissions,6,6,6,TRUE,TRUE,all_agree,126d07fbfc029fe51efd266368ef3a8cccc910d9
035,2026-06-18,Ituri,admissions,53,53,53,TRUE,TRUE,all_agree,126d07fbfc029fe51efd266368ef3a8cccc910d9
035,2026-06-18,Nord-Kivu,admissions,8,8,8,TRUE,TRUE,all_agree,126d07fbfc029fe51efd266368ef3a8cccc910d9
035,2026-06-18,Sud-Kivu,admissions,9,9,9,TRUE,TRUE,all_agree,126d07fbfc029fe51efd266368ef3a8cccc910d9
036,2026-06-19,Ituri,admissions,59,59,59,TRUE,TRUE,all_agree,126d07fbfc029fe51efd266368ef3a8cccc910d9
036,2026-06-19,Nord-Kivu,admissions,6,6,6,TRUE,TRUE,all_agree,126d07fbfc029fe51efd266368ef3a8cccc910d9
037,2026-06-20,Ituri,admissions,62,62,62,TRUE,TRUE,all_agree,126d07fbfc029fe51efd266368ef3a8cccc910d9
037,2026-06-20,Nord-Kivu,admissions,4,4,4,TRUE,TRUE,all_agree,126d07fbfc029fe51efd266368ef3a8cccc910d9
037,2026-06-20,Sud-Kivu,admissions,1,1,1,TRUE,TRUE,all_agree,126d07fbfc029fe51efd266368ef3a8cccc910d9
038,2026-06-21,Ituri,admissions,60,60,60,TRUE,TRUE,all_agree,126d07fbfc029fe51efd266368ef3a8cccc910d9
038,2026-06-21,Nord-Kivu,admissions,7,7,7,TRUE,TRUE,all_agree,126d07fbfc029fe51efd266368ef3a8cccc910d9
038,2026-06-21,Sud-Kivu,admissions,3,3,3,TRUE,TRUE,all_agree,126d07fbfc029fe51efd266368ef3a8cccc910d9
039,2026-06-22,Ituri,admissions,57,57,57,TRUE,TRUE,all_agree,126d07fbfc029fe51efd266368ef3a8cccc910d9
039,2026-06-22,Nord-Kivu,admissions,36,36,36,TRUE,TRUE,all_agree,126d07fbfc029fe51efd266368ef3a8cccc910d9
039,2026-06-22,Sud-Kivu,admissions,0,0,0,TRUE,TRUE,all_agree,126d07fbfc029fe51efd266368ef3a8cccc910d9
040,2026-06-23,Ituri,admissions,46,46,46,TRUE,TRUE,all_agree,126d07fbfc029fe51efd266368ef3a8cccc910d9
040,2026-06-23,Nord-Kivu,admissions,8,8,8,TRUE,TRUE,all_agree,126d07fbfc029fe51efd266368ef3a8cccc910d9
040,2026-06-23,Sud-Kivu,admissions,7,7,7,TRUE,TRUE,all_agree,126d07fbfc029fe51efd266368ef3a8cccc910d9
041,2026-06-24,Ituri,admissions,59,59,59,TRUE,TRUE,all_agree,126d07fbfc029fe51efd266368ef3a8cccc910d9
041,2026-06-24,Nord-Kivu,admissions,8,8,8,TRUE,TRUE,all_agree,126d07fbfc029fe51efd266368ef3a8cccc910d9
041,2026-06-24,Sud-Kivu,admissions,6,6,6,TRUE,TRUE,all_agree,126d07fbfc029fe51efd266368ef3a8cccc910d9
042,2026-06-25,Ituri,admissions,60,60,60,TRUE,TRUE,all_agree,126d07fbfc029fe51efd266368ef3a8cccc910d9
042,2026-06-25,Nord-Kivu,admissions,12,12,12,TRUE,TRUE,all_agree,126d07fbfc029fe51efd266368ef3a8cccc910d9
042,2026-06-25,Sud-Kivu,admissions,4,4,4,TRUE,TRUE,all_agree,126d07fbfc029fe51efd266368ef3a8cccc910d9
044,2026-06-27,Ituri,admissions,50,50,50,TRUE,TRUE,all_agree,126d07fbfc029fe51efd266368ef3a8cccc910d9
044,2026-06-27,Nord-Kivu,admissions,20,20,20,TRUE,TRUE,all_agree,126d07fbfc029fe51efd266368ef3a8cccc910d9
044,2026-06-27,Sud-Kivu,admissions,4,4,4,TRUE,TRUE,all_agree,126d07fbfc029fe51efd266368ef3a8cccc910d9
046,2026-06-29,Ituri,admissions,68,68,68,TRUE,TRUE,all_agree,126d07fbfc029fe51efd266368ef3a8cccc910d9
046,2026-06-29,Nord-Kivu,admissions,11,11,11,TRUE,TRUE,all_agree,126d07fbfc029fe51efd266368ef3a8cccc910d9
046,2026-06-29,Sud-Kivu,admissions,3,3,3,TRUE,TRUE,all_agree,126d07fbfc029fe51efd266368ef3a8cccc910d9
049,2026-07-02,Ituri,admissions,51,51,51,TRUE,TRUE,all_agree,126d07fbfc029fe51efd266368ef3a8cccc910d9
049,2026-07-02,Nord-Kivu,admissions,21,21,21,TRUE,TRUE,all_agree,126d07fbfc029fe51efd266368ef3a8cccc910d9
049,2026-07-02,Sud-Kivu,admissions,0,0,0,TRUE,TRUE,all_agree,126d07fbfc029fe51efd266368ef3a8cccc910d9
052,2026-07-05,Ituri,admissions,79,79,79,TRUE,TRUE,all_agree,126d07fbfc029fe51efd266368ef3a8cccc910d9
052,2026-07-05,Nord-Kivu,admissions,19,19,19,TRUE,TRUE,all_agree,126d07fbfc029fe51efd266368ef3a8cccc910d9
052,2026-07-05,Sud-Kivu,admissions,6,6,6,TRUE,TRUE,all_agree,126d07fbfc029fe51efd266368ef3a8cccc910d9
053,2026-07-06,Ituri,admissions,69,69,69,TRUE,TRUE,all_agree,126d07fbfc029fe51efd266368ef3a8cccc910d9
053,2026-07-06,Nord-Kivu,admissions,30,30,30,TRUE,TRUE,all_agree,126d07fbfc029fe51efd266368ef3a8cccc910d9
053,2026-07-06,Sud-Kivu,admissions,3,3,3,TRUE,TRUE,all_agree,126d07fbfc029fe51efd266368ef3a8cccc910d9
054,2026-07-07,Ituri,admissions,71,71,71,TRUE,TRUE,all_agree,126d07fbfc029fe51efd266368ef3a8cccc910d9
054,2026-07-07,Nord-Kivu,admissions,32,32,32,TRUE,TRUE,all_agree,126d07fbfc029fe51efd266368ef3a8cccc910d9
054,2026-07-07,Sud-Kivu,admissions,15,15,15,TRUE,TRUE,all_agree,126d07fbfc029fe51efd266368ef3a8cccc910d9
055,2026-07-08,Ituri,admissions,103,103,103,TRUE,TRUE,all_agree,126d07fbfc029fe51efd266368ef3a8cccc910d9
055,2026-07-08,Nord-Kivu,admissions,44,44,44,TRUE,TRUE,all_agree,126d07fbfc029fe51efd266368ef3a8cccc910d9
055,2026-07-08,Sud-Kivu,admissions,4,4,4,TRUE,TRUE,all_agree,126d07fbfc029fe51efd266368ef3a8cccc910d9
056,2026-07-09,Ituri,admissions,43,43,43,TRUE,TRUE,all_agree,126d07fbfc029fe51efd266368ef3a8cccc910d9
056,2026-07-09,Nord-Kivu,admissions,44,44,44,TRUE,TRUE,all_agree,126d07fbfc029fe51efd266368ef3a8cccc910d9
056,2026-07-09,Sud-Kivu,admissions,2,2,2,TRUE,TRUE,all_agree,126d07fbfc029fe51efd266368ef3a8cccc910d9
057,2026-07-10,Ituri,admissions,69,,,,,only_ours,126d07fbfc029fe51efd266368ef3a8cccc910d9
057,2026-07-10,Nord-Kivu,admissions,36,,,,,only_ours,126d07fbfc029fe51efd266368ef3a8cccc910d9
057,2026-07-10,Sud-Kivu,admissions,5,,,,,only_ours,126d07fbfc029fe51efd266368ef3a8cccc910d9
058,2026-07-11,Ituri,admissions,67,67,67,TRUE,TRUE,all_agree,126d07fbfc029fe51efd266368ef3a8cccc910d9
058,2026-07-11,Nord-Kivu,admissions,21,21,21,TRUE,TRUE,all_agree,126d07fbfc029fe51efd266368ef3a8cccc910d9
058,2026-07-11,Sud-Kivu,admissions,6,6,6,TRUE,TRUE,all_agree,126d07fbfc029fe51efd266368ef3a8cccc910d9
059,2026-07-12,Ituri,admissions,85,85,85,TRUE,TRUE,all_agree,126d07fbfc029fe51efd266368ef3a8cccc910d9
059,2026-07-12,Nord-Kivu,admissions,12,12,12,TRUE,TRUE,all_agree,126d07fbfc029fe51efd266368ef3a8cccc910d9
059,2026-07-12,Sud-Kivu,admissions,24,24,24,TRUE,TRUE,all_agree,126d07fbfc029fe51efd266368ef3a8cccc910d9
060,2026-07-13,Haut-Uele,admissions,2,2,2,TRUE,TRUE,all_agree,126d07fbfc029fe51efd266368ef3a8cccc910d9
060,2026-07-13,Ituri,admissions,85,85,85,TRUE,TRUE,all_agree,126d07fbfc029fe51efd266368ef3a8cccc910d9
060,2026-07-13,Nord-Kivu,admissions,12,12,12,TRUE,TRUE,all_agree,126d07fbfc029fe51efd266368ef3a8cccc910d9
060,2026-07-13,Sud-Kivu,admissions,4,4,4,TRUE,TRUE,all_agree,126d07fbfc029fe51efd266368ef3a8cccc910d9
061,2026-07-14,Ituri,admissions,80,80,80,TRUE,TRUE,all_agree,126d07fbfc029fe51efd266368ef3a8cccc910d9
061,2026-07-14,Nord-Kivu,admissions,52,52,52,TRUE,TRUE,all_agree,126d07fbfc029fe51efd266368ef3a8cccc910d9
061,2026-07-14,Tshopo,admissions,1,1,1,TRUE,TRUE,all_agree,126d07fbfc029fe51efd266368ef3a8cccc910d9
062,2026-07-15,Ituri,admissions,84,84,84,TRUE,TRUE,all_agree,126d07fbfc029fe51efd266368ef3a8cccc910d9
062,2026-07-15,Nord-Kivu,admissions,39,39,39,TRUE,TRUE,all_agree,126d07fbfc029fe51efd266368ef3a8cccc910d9
062,2026-07-15,Tshopo,admissions,1,1,1,TRUE,TRUE,all_agree,126d07fbfc029fe51efd266368ef3a8cccc910d9
064,2026-07-17,Ituri,admissions,86,86,86,TRUE,TRUE,all_agree,126d07fbfc029fe51efd266368ef3a8cccc910d9
064,2026-07-17,Nord-Kivu,admissions,33,33,33,TRUE,TRUE,all_agree,126d07fbfc029fe51efd266368ef3a8cccc910d9
065,2026-07-18,Ituri,admissions,71,71,71,TRUE,TRUE,all_agree,126d07fbfc029fe51efd266368ef3a8cccc910d9
065,2026-07-18,Nord-Kivu,admissions,47,47,47,TRUE,TRUE,all_agree,126d07fbfc029fe51efd266368ef3a8cccc910d9
065,2026-07-18,Tshopo,admissions,3,3,3,TRUE,TRUE,all_agree,126d07fbfc029fe51efd266368ef3a8cccc910d9
066,2026-07-19,Ituri,admissions,70,70,70,TRUE,TRUE,all_agree,126d07fbfc029fe51efd266368ef3a8cccc910d9
066,2026-07-19,Nord-Kivu,admissions,38,38,38,TRUE,TRUE,all_agree,126d07fbfc029fe51efd266368ef3a8cccc910d9
067,2026-07-20,Ituri,admissions,118,118,118,TRUE,TRUE,all_agree,126d07fbfc029fe51efd266368ef3a8cccc910d9
067,2026-07-20,Nord-Kivu,admissions,62,62,62,TRUE,TRUE,all_agree,126d07fbfc029fe51efd266368ef3a8cccc910d9
068,2026-07-21,Ituri,admissions,68,68,68,TRUE,TRUE,all_agree,126d07fbfc029fe51efd266368ef3a8cccc910d9
068,2026-07-21,Nord-Kivu,admissions,24,24,24,TRUE,TRUE,all_agree,126d07fbfc029fe51efd266368ef3a8cccc910d9
069,2026-07-22,Ituri,admissions,90,90,90,TRUE,TRUE,all_agree,126d07fbfc029fe51efd266368ef3a8cccc910d9
069,2026-07-22,Nord-Kivu,admissions,36,36,36,TRUE,TRUE,all_agree,126d07fbfc029fe51efd266368ef3a8cccc910d9
069,2026-07-22,Tshopo,admissions,0,0,0,TRUE,TRUE,all_agree,126d07fbfc029fe51efd266368ef3a8cccc910d9
070,2026-07-23,Ituri,admissions,107,107,107,TRUE,TRUE,all_agree,126d07fbfc029fe51efd266368ef3a8cccc910d9
070,2026-07-23,Nord-Kivu,admissions,61,61,61,TRUE,TRUE,all_agree,126d07fbfc029fe51efd266368ef3a8cccc910d9
070,2026-07-23,Tshopo,admissions,1,1,1,TRUE,TRUE,all_agree,126d07fbfc029fe51efd266368ef3a8cccc910d9
071,2026-07-24,Ituri,admissions,79,79,79,TRUE,TRUE,all_agree,126d07fbfc029fe51efd266368ef3a8cccc910d9
071,2026-07-24,Nord-Kivu,admissions,34,34,34,TRUE,TRUE,all_agree,126d07fbfc029fe51efd266368ef3a8cccc910d9
072,2026-07-25,Ituri,admissions,102,102,102,TRUE,TRUE,all_agree,126d07fbfc029fe51efd266368ef3a8cccc910d9
072,2026-07-25,Nord-Kivu,admissions,49,49,49,TRUE,TRUE,all_agree,126d07fbfc029fe51efd266368ef3a8cccc910d9
073,2026-07-26,Ituri,admissions,96,96,96,TRUE,TRUE,all_agree,126d07fbfc029fe51efd266368ef3a8cccc910d9
073,2026-07-26,Nord-Kivu,admissions,30,30,30,TRUE,TRUE,all_agree,126d07fbfc029fe51efd266368ef3a8cccc910d9
074,2026-07-27,Ituri,admissions,92,92,92,TRUE,TRUE,all_agree,126d07fbfc029fe51efd266368ef3a8cccc910d9
074,2026-07-27,Nord-Kivu,admissions,48,48,48,TRUE,TRUE,all_agree,126d07fbfc029fe51efd266368ef3a8cccc910d9
077,2026-07-30,Haut-Uele,admissions,7,7,7,TRUE,TRUE,all_agree,126d07fbfc029fe51efd266368ef3a8cccc910d9
077,2026-07-30,Ituri,admissions,58,58,58,TRUE,TRUE,all_agree,126d07fbfc029fe51efd266368ef3a8cccc910d9
077,2026-07-30,Nord-Kivu,admissions,53,53,53,TRUE,TRUE,all_agree,126d07fbfc029fe51efd266368ef3a8cccc910d9
077,2026-07-30,Tshopo,admissions,0,0,0,TRUE,TRUE,all_agree,126d07fbfc029fe51efd266368ef3a8cccc910d9
078,2026-07-31,Ituri,admissions,73,73,73,TRUE,TRUE,all_agree,126d07fbfc029fe51efd266368ef3a8cccc910d9
078,2026-07-31,Nord-Kivu,admissions,47,47,47,TRUE,TRUE,all_agree,126d07fbfc029fe51efd266368ef3a8cccc910d9
078,2026-07-31,Tshopo,admissions,1,1,1,TRUE,TRUE,all_agree,126d07fbfc029fe51efd266368ef3a8cccc910d9
079,2026-08-01,Haut-Uele,admissions,16,16,16,TRUE,TRUE,all_agree,126d07fbfc029fe51efd266368ef3a8cccc910d9
079,2026-08-01,Ituri,admissions,61,61,61,TRUE,TRUE,all_agree,126d07fbfc029fe51efd266368ef3a8cccc910d9
079,2026-08-01,Nord-Kivu,admissions,44,44,44,TRUE,TRUE,all_agree,126d07fbfc029fe51efd266368ef3a8cccc910d9
079,2026-08-01,Tshopo,admissions,1,1,1,TRUE,TRUE,all_agree,126d07fbfc029fe51efd266368ef3a8cccc910d9
080,2026-08-02,Haut-Uele,admissions,16,16,16,TRUE,TRUE,all_agree,126d07fbfc029fe51efd266368ef3a8cccc910d9
080,2026-08-02,Ituri,admissions,70,70,70,TRUE,TRUE,all_agree,126d07fbfc029fe51efd266368ef3a8cccc910d9
080,2026-08-02,Nord-Kivu,admissions,39,39,39,TRUE,TRUE,all_agree,126d07fbfc029fe51efd266368ef3a8cccc910d9
080,2026-08-02,Sud-Kivu,admissions,22,22,22,TRUE,TRUE,all_agree,126d07fbfc029fe51efd266368ef3a8cccc910d9
013,2026-05-27,Ituri,admissions_24h,,,14,,,only_bos,126d07fbfc029fe51efd266368ef3a8cccc910d9
013,2026-05-27,Nord-Kivu,admissions_24h,,,0,,,only_bos,126d07fbfc029fe51efd266368ef3a8cccc910d9
015,2026-05-29,Ituri,admissions_24h,,,17,,,only_bos,126d07fbfc029fe51efd266368ef3a8cccc910d9
016,2026-05-30,Ituri,admissions_24h,,,27,,,only_bos,126d07fbfc029fe51efd266368ef3a8cccc910d9
017,2026-05-31,Ituri,admissions_24h,,,26,,,only_bos,126d07fbfc029fe51efd266368ef3a8cccc910d9
063,2026-07-16,Ituri,admissions_24h,,,72,,,only_bos,126d07fbfc029fe51efd266368ef3a8cccc910d9
063,2026-07-16,Nord-Kivu,admissions_24h,,,34,,,only_bos,126d07fbfc029fe51efd266368ef3a8cccc910d9
063,2026-07-16,Tshopo,admissions_24h,,,0,,,only_bos,126d07fbfc029fe51efd266368ef3a8cccc910d9
081,2026-08-03,Ituri,admissions_24h,,,77,,,only_bos,126d07fbfc029fe51efd266368ef3a8cccc910d9
081,2026-08-03,Nord-Kivu,admissions_24h,,22,22,,,only_bos,126d07fbfc029fe51efd266368ef3a8cccc910d9
081,2026-08-03,Tshopo,admissions_24h,,1,1,,,only_bos,126d07fbfc029fe51efd266368ef3a8cccc910d9
082,2026-08-04,Ituri,admissions_24h,,,81,,,only_bos,126d07fbfc029fe51efd266368ef3a8cccc910d9
082,2026-08-04,Nord-Kivu,admissions_24h,,54,54,,,only_bos,126d07fbfc029fe51efd266368ef3a8cccc910d9
082,2026-08-04,Tshopo,admissions_24h,,1,1,,,only_bos,126d07fbfc029fe51efd266368ef3a8cccc910d9
083,2026-08-05,Nord-Kivu,admissions_24h,,56,56,,,only_bos,126d07fbfc029fe51efd266368ef3a8cccc910d9
083,2026-08-05,Tshopo,admissions_24h,,2,2,,,only_bos,126d07fbfc029fe51efd266368ef3a8cccc910d9
085,2026-08-07,Ituri,admissions_24h,,85,85,,,only_bos,126d07fbfc029fe51efd266368ef3a8cccc910d9
085,2026-08-07,Nord-Kivu,admissions_24h,,37,37,,,only_bos,126d07fbfc029fe51efd266368ef3a8cccc910d9
086,2026-08-08,Ituri,admissions_24h,,73,73,,,only_bos,126d07fbfc029fe51efd266368ef3a8cccc910d9
086,2026-08-08,Nord-Kivu,admissions_24h,,66,66,,,only_bos,126d07fbfc029fe51efd266368ef3a8cccc910d9
087,2026-08-09,Ituri,admissions_24h,,82,82,,,only_bos,126d07fbfc029fe51efd266368ef3a8cccc910d9
087,2026-08-09,Nord-Kivu,admissions_24h,,48,48,,,only_bos,126d07fbfc029fe51efd266368ef3a8cccc910d9
088,2026-08-10,Ituri,admissions_24h,,78,78,,,only_bos,126d07fbfc029fe51efd266368ef3a8cccc910d9
088,2026-08-10,Nord-Kivu,admissions_24h,,47,47,,,only_bos,126d07fbfc029fe51efd266368ef3a8cccc910d9
089,2026-08-11,Ituri,admissions_24h,,52,52,,,only_bos,126d07fbfc029fe51efd266368ef3a8cccc910d9
089,2026-08-11,Nord-Kivu,admissions_24h,,52,52,,,only_bos,126d07fbfc029fe51efd266368ef3a8cccc910d9
090,2026-08-12,Haut-Uele,admissions_24h,,11,11,,,only_bos,126d07fbfc029fe51efd266368ef3a8cccc910d9
090,2026-08-12,Ituri,admissions_24h,,83,83,,,only_bos,126d07fbfc029fe51efd266368ef3a8cccc910d9
090,2026-08-12,Nord-Kivu,admissions_24h,,63,63,,,only_bos,126d07fbfc029fe51efd266368ef3a8cccc910d9
090,2026-08-12,Tshopo,admissions_24h,,,2,,,only_bos,126d07fbfc029fe51efd266368ef3a8cccc910d9
091,2026-08-13,Haut-Uele,admissions_24h,,4,4,,,only_bos,126d07fbfc029fe51efd266368ef3a8cccc910d9
091,2026-08-13,Ituri,admissions_24h,,108,108,,,only_bos,126d07fbfc029fe51efd266368ef3a8cccc910d9
091,2026-08-13,Nord-Kivu,admissions_24h,,48,48,,,only_bos,126d07fbfc029fe51efd266368ef3a8cccc910d9
091,2026-08-13,Tshopo,admissions_24h,,,6,,,only_bos,126d07fbfc029fe51efd266368ef3a8cccc910d9
092,2026-08-14,Haut-Uele,admissions_24h,,13,13,,,only_bos,126d07fbfc029fe51efd266368ef3a8cccc910d9
092,2026-08-14,Ituri,admissions_24h,,88,88,,,only_bos,126d07fbfc029fe51efd266368ef3a8cccc910d9
092,2026-08-14,Nord-Kivu,admissions_24h,,56,56,,,only_bos,126d07fbfc029fe51efd266368ef3a8cccc910d9
093,2026-08-15,Ituri,admissions_24h,,116,116,,,only_bos,126d07fbfc029fe51efd266368ef3a8cccc910d9
093,2026-08-15,Nord-Kivu,admissions_24h,,,32,,,only_bos,126d07fbfc029fe51efd266368ef3a8cccc910d9
093,2026-08-15,Tshopo,admissions_24h,,1,1,,,only_bos,126d07fbfc029fe51efd266368ef3a8cccc910d9
094,2026-08-16,Ituri,admissions_24h,,127,127,,,only_bos,126d07fbfc029fe51efd266368ef3a8cccc910d9
094,2026-08-16,Nord-Kivu,admissions_24h,,48,48,,,only_bos,126d07fbfc029fe51efd266368ef3a8cccc910d9
094,2026-08-16,Tshopo,admissions_24h,,2,2,,,only_bos,126d07fbfc029fe51efd266368ef3a8cccc910d9
095,2026-08-17,Haut-Uele,admissions_24h,,3,3,,,only_bos,126d07fbfc029fe51efd266368ef3a8cccc910d9
095,2026-08-17,Ituri,admissions_24h,,79,79,,,only_bos,126d07fbfc029fe51efd266368ef3a8cccc910d9
095,2026-08-17,Nord-Kivu,admissions_24h,,20,20,,,only_bos,126d07fbfc029fe51efd266368ef3a8cccc910d9
096,2026-08-18,Ituri,admissions_24h,,70,70,,,only_bos,126d07fbfc029fe51efd266368ef3a8cccc910d9
096,2026-08-18,Nord-Kivu,admissions_24h,,64,64,,,only_bos,126d07fbfc029fe51efd266368ef3a8cccc910d9
096,2026-08-18,Tshopo,admissions_24h,,1,1,,,only_bos,126d07fbfc029fe51efd266368ef3a8cccc910d9
097,2026-08-19,Ituri,admissions_24h,,138,138,,,only_bos,126d07fbfc029fe51efd266368ef3a8cccc910d9
097,2026-08-19,Nord-Kivu,admissions_24h,,46,46,,,only_bos,126d07fbfc029fe51efd266368ef3a8cccc910d9
097,2026-08-19,Tshopo,admissions_24h,,1,1,,,only_bos,126d07fbfc029fe51efd266368ef3a8cccc910d9
098,2026-08-20,Ituri,admissions_24h,,89,89,,,only_bos,126d07fbfc029fe51efd266368ef3a8cccc910d9
098,2026-08-20,Nord-Kivu,admissions_24h,,41,41,,,only_bos,126d07fbfc029fe51efd266368ef3a8cccc910d9
098,2026-08-20,Tshopo,admissions_24h,,,3,,,only_bos,126d07fbfc029fe51efd266368ef3a8cccc910d9
099,2026-08-21,Haut-Uele,admissions_24h,,11,11,,,only_bos,126d07fbfc029fe51efd266368ef3a8cccc910d9
099,2026-08-21,Ituri,admissions_24h,,98,98,,,only_bos,126d07fbfc029fe51efd266368ef3a8cccc910d9
099,2026-08-21,Nord-Kivu,admissions_24h,,66,66,,,only_bos,126d07fbfc029fe51efd266368ef3a8cccc910d9
099,2026-08-21,Tshopo,admissions_24h,,1,1,,,only_bos,126d07fbfc029fe51efd266368ef3a8cccc910d9
100,2026-08-22,Haut-Uele,admissions_24h,,11,11,,,only_bos,126d07fbfc029fe51efd266368ef3a8cccc910d9
100,2026-08-22,Ituri,admissions_24h,,94,94,,,only_bos,126d07fbfc029fe51efd266368ef3a8cccc910d9
100,2026-08-22,Nord-Kivu,admissions_24h,,19,19,,,only_bos,126d07fbfc029fe51efd266368ef3a8cccc910d9
100,2026-08-22,Tshopo,admissions_24h,,1,1,,,only_bos,126d07fbfc029fe51efd266368ef3a8cccc910d9
101,2026-08-23,Haut-Uele,admissions_24h,,8,8,,,only_bos,126d07fbfc029fe51efd266368ef3a8cccc910d9
101,2026-08-23,Ituri,admissions_24h,,118,118,,,only_bos,126d07fbfc029fe51efd266368ef3a8cccc910d9
101,2026-08-23,Nord-Kivu,admissions_24h,,38,38,,,only_bos,126d07fbfc029fe51efd266368ef3a8cccc910d9
101,2026-08-23,Tshopo,admissions_24h,,4,4,,,only_bos,126d07fbfc029fe51efd266368ef3a8cccc910d9
102,2026-08-24,Haut-Uele,admissions_24h,,12,12,,,only_bos,126d07fbfc029fe51efd266368ef3a8cccc910d9
102,2026-08-24,Ituri,admissions_24h,,76,76,,,only_bos,126d07fbfc029fe51efd266368ef3a8cccc910d9
102,2026-08-24,Nord-Kivu,admissions_24h,,32,32,,,only_bos,126d07fbfc029fe51efd266368ef3a8cccc910d9
102,2026-08-24,Tshopo,admissions_24h,,4,4,,,only_bos,126d07fbfc029fe51efd266368ef3a8cccc910d9
103,2026-08-25,Haut-Uele,admissions_24h,,9,9,,,only_bos,126d07fbfc029fe51efd266368ef3a8cccc910d9
103,2026-08-25,Ituri,admissions_24h,,88,88,,,only_bos,126d07fbfc029fe51efd266368ef3a8cccc910d9
103,2026-08-25,Nord-Kivu,admissions_24h,,53,53,,,only_bos,126d07fbfc029fe51efd266368ef3a8cccc910d9
103,2026-08-25,Tshopo,admissions_24h,,3,3,,,only_bos,126d07fbfc029fe51efd266368ef3a8cccc910d9
104,2026-08-26,Haut-Uele,admissions_24h,,17,17,,,only_bos,126d07fbfc029fe51efd266368ef3a8cccc910d9
104,2026-08-26,Ituri,admissions_24h,,111,111,,,only_bos,126d07fbfc029fe51efd266368ef3a8cccc910d9
104,2026-08-26,Nord-Kivu,admissions_24h,,69,69,,,only_bos,126d07fbfc029fe51efd266368ef3a8cccc910d9
104,2026-08-26,Tshopo,admissions_24h,,2,2,,,only_bos,126d07fbfc029fe51efd266368ef3a8cccc910d9
105,2026-08-27,Ituri,admissions_24h,,119,119,,,only_bos,126d07fbfc029fe51efd266368ef3a8cccc910d9
105,2026-08-27,Nord-Kivu,admissions_24h,,89,89,,,only_bos,126d07fbfc029fe51efd266368ef3a8cccc910d9
106,2026-08-28,Haut-Uele,admissions_24h,,11,11,,,only_bos,126d07fbfc029fe51efd266368ef3a8cccc910d9
106,2026-08-28,Ituri,admissions_24h,,113,113,,,only_bos,126d07fbfc029fe51efd266368ef3a8cccc910d9
106,2026-08-28,Nord-Kivu,admissions_24h,,75,75,,,only_bos,126d07fbfc029fe51efd266368ef3a8cccc910d9
106,2026-08-28,Tshopo,admissions_24h,,3,3,,,only_bos,126d07fbfc029fe51efd266368ef3a8cccc910d9
107,2026-08-29,Haut-Uele,admissions_24h,,12,12,,,only_bos,126d07fbfc029fe51efd266368ef3a8cccc910d9
107,2026-08-29,Ituri,admissions_24h,,117,117,,,only_bos,126d07fbfc029fe51efd266368ef3a8cccc910d9
107,2026-08-29,Tshopo,admissions_24h,,1,1,,,only_bos,126d07fbfc029fe51efd266368ef3a8cccc910d9
108,2026-08-30,Ituri,admissions_24h,,75,75,,,only_bos,126d07fbfc029fe51efd266368ef3a8cccc910d9
108,2026-08-30,Nord-Kivu,admissions_24h,,75,75,,,only_bos,126d07fbfc029fe51efd266368ef3a8cccc910d9
108,2026-08-30,Tshopo,admissions_24h,,0,0,,,only_bos,126d07fbfc029fe51efd266368ef3a8cccc910d9
109,2026-08-31,Ituri,admissions_24h,,97,97,,,only_bos,126d07fbfc029fe51efd266368ef3a8cccc910d9
109,2026-08-31,Nord-Kivu,admissions_24h,,55,55,,,only_bos,126d07fbfc029fe51efd266368ef3a8cccc910d9
109,2026-08-31,Sud-Kivu,admissions_24h,,0,0,,,only_bos,126d07fbfc029fe51efd266368ef3a8cccc910d9
110,2026-09-01,Haut-Uele,admissions_24h,,11,11,,,only_bos,126d07fbfc029fe51efd266368ef3a8cccc910d9
110,2026-09-01,Ituri,admissions_24h,,112,112,,,only_bos,126d07fbfc029fe51efd266368ef3a8cccc910d9
110,2026-09-01,Nord-Kivu,admissions_24h,,60,60,,,only_bos,126d07fbfc029fe51efd266368ef3a8cccc910d9
110,2026-09-01,Sud-Kivu,admissions_24h,,0,0,,,only_bos,126d07fbfc029fe51efd266368ef3a8cccc910d9
110,2026-09-01,Tshopo,admissions_24h,,1,1,,,only_bos,126d07fbfc029fe51efd266368ef3a8cccc910d9
111,2026-09-02,Haut-Uele,admissions_24h,,9,9,,,only_bos,126d07fbfc029fe51efd266368ef3a8cccc910d9
111,2026-09-02,Ituri,admissions_24h,,63,63,,,only_bos,126d07fbfc029fe51efd266368ef3a8cccc910d9
111,2026-09-02,Nord-Kivu,admissions_24h,,73,73,,,only_bos,126d07fbfc029fe51efd266368ef3a8cccc910d9
111,2026-09-02,Tshopo,admissions_24h,,3,3,,,only_bos,126d07fbfc029fe51efd266368ef3a8cccc910d9
112,2026-09-03,Haut-Uele,admissions_24h,,14,14,,,only_bos,126d07fbfc029fe51efd266368ef3a8cccc910d9
112,2026-09-03,Ituri,admissions_24h,,53,53,,,only_bos,126d07fbfc029fe51efd266368ef3a8cccc910d9
112,2026-09-03,Nord-Kivu,admissions_24h,,70,70,,,only_bos,126d07fbfc029fe51efd266368ef3a8cccc910d9
112,2026-09-03,Tshopo,admissions_24h,,0,0,,,only_bos,126d07fbfc029fe51efd266368ef3a8cccc910d9
113,2026-09-04,Haut-Uele,admissions_24h,,10,10,,,only_bos,126d07fbfc029fe51efd266368ef3a8cccc910d9
113,2026-09-04,Ituri,admissions_24h,,96,96,,,only_bos,126d07fbfc029fe51efd266368ef3a8cccc910d9
113,2026-09-04,Nord-Kivu,admissions_24h,,78,78,,,only_bos,126d07fbfc029fe51efd266368ef3a8cccc910d9
113,2026-09-04,Sud-Kivu,admissions_24h,,5,5,,,only_bos,126d07fbfc029fe51efd266368ef3a8cccc910d9
113,2026-09-04,Tshopo,admissions_24h,,0,0,,,only_bos,126d07fbfc029fe51efd266368ef3a8cccc910d9
114,2026-09-05,Haut-Uele,admissions_24h,,15,15,,,only_bos,126d07fbfc029fe51efd266368ef3a8cccc910d9
114,2026-09-05,Ituri,admissions_24h,,100,100,,,only_bos,126d07fbfc029fe51efd266368ef3a8cccc910d9
114,2026-09-05,Nord-Kivu,admissions_24h,,54,54,,,only_bos,126d07fbfc029fe51efd266368ef3a8cccc910d9
114,2026-09-05,Tshopo,admissions_24h,,1,1,,,only_bos,126d07fbfc029fe51efd266368ef3a8cccc910d9
115,2026-09-06,Haut-Uele,admissions_24h,,13,13,,,only_bos,126d07fbfc029fe51efd266368ef3a8cccc910d9
115,2026-09-06,Ituri,admissions_24h,,55,55,,,only_bos,126d07fbfc029fe51efd266368ef3a8cccc910d9
115,2026-09-06,Nord-Kivu,admissions_24h,,67,67,,,only_bos,126d07fbfc029fe51efd266368ef3a8cccc910d9
115,2026-09-06,Tshopo,admissions_24h,,0,0,,,only_bos,126d07fbfc029fe51efd266368ef3a8cccc910d9
116,2026-09-07,Haut-Uele,admissions_24h,,11,11,,,only_bos,126d07fbfc029fe51efd266368ef3a8cccc910d9
116,2026-09-07,Ituri,admissions_24h,,77,77,,,only_bos,126d07fbfc029fe51efd266368ef3a8cccc910d9
116,2026-09-07,Nord-Kivu,admissions_24h,,74,74,,,only_bos,126d07fbfc029fe51efd266368ef3a8cccc910d9
116,2026-09-07,Sud-Kivu,admissions_24h,,6,6,,,only_bos,126d07fbfc029fe51efd266368ef3a8cccc910d9
116,2026-09-07,Tshopo,admissions_24h,,2,2,,,only_bos,126d07fbfc029fe51efd266368ef3a8cccc910d9
117,2026-09-08,Haut-Uele,admissions_24h,,3,3,,,only_bos,126d07fbfc029fe51efd266368ef3a8cccc910d9
117,2026-09-08,Ituri,admissions_24h,,87,87,,,only_bos,126d07fbfc029fe51efd266368ef3a8cccc910d9
117,2026-09-08,Nord-Kivu,admissions_24h,,88,88,,,only_bos,126d07fbfc029fe51efd266368ef3a8cccc910d9
117,2026-09-08,Sud-Kivu,admissions_24h,,,0,,,only_bos,126d07fbfc029fe51efd266368ef3a8cccc910d9
117,2026-09-08,Tshopo,admissions_24h,,3,3,,,only_bos,126d07fbfc029fe51efd266368ef3a8cccc910d9
118,2026-09-09,Haut-Uele,admissions_24h,,3,3,,,only_bos,126d07fbfc029fe51efd266368ef3a8cccc910d9
118,2026-09-09,Ituri,admissions_24h,,92,92,,,only_bos,126d07fbfc029fe51efd266368ef3a8cccc910d9
118,2026-09-09,Nord-Kivu,admissions_24h,,72,72,,,only_bos,126d07fbfc029fe51efd266368ef3a8cccc910d9
118,2026-09-09,Sud-Kivu,admissions_24h,,0,0,,,only_bos,126d07fbfc029fe51efd266368ef3a8cccc910d9
118,2026-09-09,Tshopo,admissions_24h,,0,0,,,only_bos,126d07fbfc029fe51efd266368ef3a8cccc910d9
119,2026-09-10,Haut-Uele,admissions_24h,,12,12,,,only_bos,126d07fbfc029fe51efd266368ef3a8cccc910d9
119,2026-09-10,Ituri,admissions_24h,,82,82,,,only_bos,126d07fbfc029fe51efd266368ef3a8cccc910d9
119,2026-09-10,Nord-Kivu,admissions_24h,,89,89,,,only_bos,126d07fbfc029fe51efd266368ef3a8cccc910d9
119,2026-09-10,Sud-Kivu,admissions_24h,,0,0,,,only_bos,126d07fbfc029fe51efd266368ef3a8cccc910d9
119,2026-09-10,Tshopo,admissions_24h,,1,1,,,only_bos,126d07fbfc029fe51efd266368ef3a8cccc910d9
120,2026-09-11,Bas-Uele,admissions_24h,,1,,,,only_bos,126d07fbfc029fe51efd266368ef3a8cccc910d9
120,2026-09-11,Haut-Uele,admissions_24h,,10,10,,,only_bos,126d07fbfc029fe51efd266368ef3a8cccc910d9
120,2026-09-11,Ituri,admissions_24h,,94,94,,,only_bos,126d07fbfc029fe51efd266368ef3a8cccc910d9
120,2026-09-11,Nord-Kivu,admissions_24h,,127,127,,,only_bos,126d07fbfc029fe51efd266368ef3a8cccc910d9
120,2026-09-11,Sud-Kivu,admissions_24h,,0,0,,,only_bos,126d07fbfc029fe51efd266368ef3a8cccc910d9
120,2026-09-11,Tshopo,admissions_24h,,2,2,,,only_bos,126d07fbfc029fe51efd266368ef3a8cccc910d9
121,2026-09-12,Bas-Uele,admissions_24h,,3,,,,only_bos,126d07fbfc029fe51efd266368ef3a8cccc910d9
121,2026-09-12,Haut-Uele,admissions_24h,,11,11,,,only_bos,126d07fbfc029fe51efd266368ef3a8cccc910d9
121,2026-09-12,Ituri,admissions_24h,,131,131,,,only_bos,126d07fbfc029fe51efd266368ef3a8cccc910d9
121,2026-09-12,Nord-Kivu,admissions_24h,,82,82,,,only_bos,126d07fbfc029fe51efd266368ef3a8cccc910d9
121,2026-09-12,Sud-Kivu,admissions_24h,,1,,,,only_bos,126d07fbfc029fe51efd266368ef3a8cccc910d9
121,2026-09-12,Tshopo,admissions_24h,,9,9,,,only_bos,126d07fbfc029fe51efd266368ef3a8cccc910d9
122,2026-09-13,Bas-Uele,admissions_24h,,1,,,,only_bos,126d07fbfc029fe51efd266368ef3a8cccc910d9
122,2026-09-13,Haut-Uele,admissions_24h,,7,7,,,only_bos,126d07fbfc029fe51efd266368ef3a8cccc910d9
122,2026-09-13,Ituri,admissions_24h,,86,86,,,only_bos,126d07fbfc029fe51efd266368ef3a8cccc910d9
122,2026-09-13,Nord-Kivu,admissions_24h,,46,46,,,only_bos,126d07fbfc029fe51efd266368ef3a8cccc910d9
122,2026-09-13,Sud-Kivu,admissions_24h,,0,,,,only_bos,126d07fbfc029fe51efd266368ef3a8cccc910d9
122,2026-09-13,Tshopo,admissions_24h,,0,0,,,only_bos,126d07fbfc029fe51efd266368ef3a8cccc910d9
123,2026-09-14,Bas-Uele,admissions_24h,,1,,,,only_bos,126d07fbfc029fe51efd266368ef3a8cccc910d9
123,2026-09-14,Haut-Uele,admissions_24h,,22,22,,,only_bos,126d07fbfc029fe51efd266368ef3a8cccc910d9
123,2026-09-14,Ituri,admissions_24h,,95,95,,,only_bos,126d07fbfc029fe51efd266368ef3a8cccc910d9
123,2026-09-14,Nord-Kivu,admissions_24h,,81,81,,,only_bos,126d07fbfc029fe51efd266368ef3a8cccc910d9
123,2026-09-14,Sud-Kivu,admissions_24h,,0,0,,,only_bos,126d07fbfc029fe51efd266368ef3a8cccc910d9
123,2026-09-14,Tshopo,admissions_24h,,1,1,,,only_bos,126d07fbfc029fe51efd266368ef3a8cccc910d9
124,2026-09-15,Bas-Uele,admissions_24h,,5,,,,only_bos,126d07fbfc029fe51efd266368ef3a8cccc910d9
124,2026-09-15,Haut-Uele,admissions_24h,,6,6,,,only_bos,126d07fbfc029fe51efd266368ef3a8cccc910d9
124,2026-09-15,Ituri,admissions_24h,,82,82,,,only_bos,126d07fbfc029fe51efd266368ef3a8cccc910d9
124,2026-09-15,Nord-Kivu,admissions_24h,,118,118,,,only_bos,126d07fbfc029fe51efd266368ef3a8cccc910d9
124,2026-09-15,Sud-Kivu,admissions_24h,,0,0,,,only_bos,126d07fbfc029fe51efd266368ef3a8cccc910d9
124,2026-09-15,Tshopo,admissions_24h,,0,0,,,only_bos,126d07fbfc029fe51efd266368ef3a8cccc910d9
125,2026-09-16,Bas-Uele,admissions_24h,,1,,,,only_bos,126d07fbfc029fe51efd266368ef3a8cccc910d9
125,2026-09-16,Haut-Uele,admissions_24h,,10,10,,,only_bos,126d07fbfc029fe51efd266368ef3a8cccc910d9
125,2026-09-16,Ituri,admissions_24h,,89,89,,,only_bos,126d07fbfc029fe51efd266368ef3a8cccc910d9
125,2026-09-16,Nord-Kivu,admissions_24h,,103,103,,,only_bos,126d07fbfc029fe51efd266368ef3a8cccc910d9
125,2026-09-16,Sud-Kivu,admissions_24h,,2,2,,,only_bos,126d07fbfc029fe51efd266368ef3a8cccc910d9
125,2026-09-16,Tshopo,admissions_24h,,1,1,,,only_bos,126d07fbfc029fe51efd266368ef3a8cccc910d9
126,2026-09-17,Bas-Uele,admissions_24h,,6,6,,,only_bos,126d07fbfc029fe51efd266368ef3a8cccc910d9
126,2026-09-17,Haut-Uele,admissions_24h,,17,17,,,only_bos,126d07fbfc029fe51efd266368ef3a8cccc910d9
126,2026-09-17,Ituri,admissions_24h,,72,72,,,only_bos,126d07fbfc029fe51efd266368ef3a8cccc910d9
126,2026-09-17,Nord-Kivu,admissions_24h,,122,122,,,only_bos,126d07fbfc029fe51efd266368ef3a8cccc910d9
126,2026-09-17,Sud-Kivu,admissions_24h,,0,0,,,only_bos,126d07fbfc029fe51efd266368ef3a8cccc910d9
126,2026-09-17,Tshopo,admissions_24h,,5,5,,,only_bos,126d07fbfc029fe51efd266368ef3a8cccc910d9
127,2026-09-18,Bas-Uele,admissions_24h,,1,1,,,only_bos,126d07fbfc029fe51efd266368ef3a8cccc910d9
127,2026-09-18,Haut-Uele,admissions_24h,,14,14,,,only_bos,126d07fbfc029fe51efd266368ef3a8cccc910d9
127,2026-09-18,Ituri,admissions_24h,,102,102,,,only_bos,126d07fbfc029fe51efd266368ef3a8cccc910d9
127,2026-09-18,Nord-Kivu,admissions_24h,,70,70,,,only_bos,126d07fbfc029fe51efd266368ef3a8cccc910d9
127,2026-09-18,Tshopo,admissions_24h,,2,2,,,only_bos,126d07fbfc029fe51efd266368ef3a8cccc910d9
128,2026-09-19,Haut-Uele,admissions_24h,,8,8,,,only_bos,126d07fbfc029fe51efd266368ef3a8cccc910d9
128,2026-09-19,Ituri,admissions_24h,,85,85,,,only_bos,126d07fbfc029fe51efd266368ef3a8cccc910d9
128,2026-09-19,Nord-Kivu,admissions_24h,,54,54,,,only_bos,126d07fbfc029fe51efd266368ef3a8cccc910d9
128,2026-09-19,Tshopo,admissions_24h,,4,4,,,only_bos,126d07fbfc029fe51efd266368ef3a8cccc910d9
129,2026-09-20,Bas-Uele,admissions_24h,,1,1,,,only_bos,126d07fbfc029fe51efd266368ef3a8cccc910d9
129,2026-09-20,Haut-Uele,admissions_24h,,1,1,,,only_bos,126d07fbfc029fe51efd266368ef3a8cccc910d9
129,2026-09-20,Ituri,admissions_24h,,77,77,,,only_bos,126d07fbfc029fe51efd266368ef3a8cccc910d9
129,2026-09-20,Nord-Kivu,admissions_24h,,63,63,,,only_bos,126d07fbfc029fe51efd266368ef3a8cccc910d9
129,2026-09-20,Tshopo,admissions_24h,,1,1,,,only_bos,126d07fbfc029fe51efd266368ef3a8cccc910d9
130,2026-09-21,Bas-Uele,admissions_24h,,2,2,,,only_bos,126d07fbfc029fe51efd266368ef3a8cccc910d9
130,2026-09-21,Haut-Uele,admissions_24h,,11,11,,,only_bos,126d07fbfc029fe51efd266368ef3a8cccc910d9
130,2026-09-21,Ituri,admissions_24h,,92,92,,,only_bos,126d07fbfc029fe51efd266368ef3a8cccc910d9
130,2026-09-21,Nord-Kivu,admissions_24h,,92,92,,,only_bos,126d07fbfc029fe51efd266368ef3a8cccc910d9
130,2026-09-21,Tshopo,admissions_24h,,,3,,,only_bos,126d07fbfc029fe51efd266368ef3a8cccc910d9
131,2026-09-22,Bas-Uele,admissions_24h,,0,0,,,only_bos,126d07fbfc029fe51efd266368ef3a8cccc910d9
131,2026-09-22,Haut-Uele,admissions_24h,,12,12,,,only_bos,126d07fbfc029fe51efd266368ef3a8cccc910d9
131,2026-09-22,Ituri,admissions_24h,,77,77,,,only_bos,126d07fbfc029fe51efd266368ef3a8cccc910d9
131,2026-09-22,Nord-Kivu,admissions_24h,,95,95,,,only_bos,126d07fbfc029fe51efd266368ef3a8cccc910d9
131,2026-09-22,Tshopo,admissions_24h,,,6,,,only_bos,126d07fbfc029fe51efd266368ef3a8cccc910d9
132,2026-09-23,Bas-Uele,admissions_24h,,2,2,,,only_bos,126d07fbfc029fe51efd266368ef3a8cccc910d9
132,2026-09-23,Haut-Uele,admissions_24h,,12,12,,,only_bos,126d07fbfc029fe51efd266368ef3a8cccc910d9
132,2026-09-23,Ituri,admissions_24h,,63,63,,,only_bos,126d07fbfc029fe51efd266368ef3a8cccc910d9
132,2026-09-23,Nord-Kivu,admissions_24h,,70,70,,,only_bos,126d07fbfc029fe51efd266368ef3a8cccc910d9
132,2026-09-23,Tshopo,admissions_24h,,0,0,,,only_bos,126d07fbfc029fe51efd266368ef3a8cccc910d9
133,2026-09-24,Bas-Uele,admissions_24h,,4,4,,,only_bos,126d07fbfc029fe51efd266368ef3a8cccc910d9
133,2026-09-24,Haut-Uele,admissions_24h,,9,9,,,only_bos,126d07fbfc029fe51efd266368ef3a8cccc910d9
133,2026-09-24,Ituri,admissions_24h,,72,72,,,only_bos,126d07fbfc029fe51efd266368ef3a8cccc910d9
133,2026-09-24,Nord-Kivu,admissions_24h,,75,75,,,only_bos,126d07fbfc029fe51efd266368ef3a8cccc910d9
133,2026-09-24,Sud Ubangi,admissions_24h,,0,0,,,only_bos,126d07fbfc029fe51efd266368ef3a8cccc910d9
133,2026-09-24,Tshopo,admissions_24h,,2,2,,,only_bos,126d07fbfc029fe51efd266368ef3a8cccc910d9
134,2026-09-25,Bas-Uele,admissions_24h,,2,2,,,only_bos,126d07fbfc029fe51efd266368ef3a8cccc910d9
134,2026-09-25,Haut-Uele,admissions_24h,,10,10,,,only_bos,126d07fbfc029fe51efd266368ef3a8cccc910d9
134,2026-09-25,Ituri,admissions_24h,,71,71,,,only_bos,126d07fbfc029fe51efd266368ef3a8cccc910d9
134,2026-09-25,Nord-Kivu,admissions_24h,,54,54,,,only_bos,126d07fbfc029fe51efd266368ef3a8cccc910d9
134,2026-09-25,Tshopo,admissions_24h,,4,4,,,only_bos,126d07fbfc029fe51efd266368ef3a8cccc910d9
026,2026-06-09,Ituri,bed_occupancy_pct,75.2,,75.2,,TRUE,all_agree,126d07fbfc029fe51efd266368ef3a8cccc910d9
026,2026-06-09,Nord-Kivu,bed_occupancy_pct,23.9,,23.9,,TRUE,all_agree,126d07fbfc029fe51efd266368ef3a8cccc910d9
026,2026-06-09,Sud-Kivu,bed_occupancy_pct,42.8,,42.8,,TRUE,all_agree,126d07fbfc029fe51efd266368ef3a8cccc910d9
027,2026-06-10,Ituri,bed_occupancy_pct,77.9,,77.9,,TRUE,all_agree,126d07fbfc029fe51efd266368ef3a8cccc910d9
027,2026-06-10,Nord-Kivu,bed_occupancy_pct,23.9,,23.9,,TRUE,all_agree,126d07fbfc029fe51efd266368ef3a8cccc910d9
027,2026-06-10,Sud-Kivu,bed_occupancy_pct,18.8,,18.8,,TRUE,all_agree,126d07fbfc029fe51efd266368ef3a8cccc910d9
028,2026-06-11,Ituri,bed_occupancy_pct,77.9,77.9,77.9,TRUE,TRUE,all_agree,126d07fbfc029fe51efd266368ef3a8cccc910d9
028,2026-06-11,Nord-Kivu,bed_occupancy_pct,43.7,43.7,43.7,TRUE,TRUE,all_agree,126d07fbfc029fe51efd266368ef3a8cccc910d9
028,2026-06-11,Sud-Kivu,bed_occupancy_pct,37.5,37.5,37.5,TRUE,TRUE,all_agree,126d07fbfc029fe51efd266368ef3a8cccc910d9
030,2026-06-13,Ituri,bed_occupancy_pct,93.9,93.9,93.9,TRUE,TRUE,all_agree,126d07fbfc029fe51efd266368ef3a8cccc910d9
030,2026-06-13,Nord-Kivu,bed_occupancy_pct,59.2,59.2,59.2,TRUE,TRUE,all_agree,126d07fbfc029fe51efd266368ef3a8cccc910d9
030,2026-06-13,Sud-Kivu,bed_occupancy_pct,21.9,21.9,21.9,TRUE,TRUE,all_agree,126d07fbfc029fe51efd266368ef3a8cccc910d9
031,2026-06-14,Ituri,bed_occupancy_pct,94.8,94.8,94.8,TRUE,TRUE,all_agree,126d07fbfc029fe51efd266368ef3a8cccc910d9
031,2026-06-14,Nord-Kivu,bed_occupancy_pct,62,62,62,TRUE,TRUE,all_agree,126d07fbfc029fe51efd266368ef3a8cccc910d9
031,2026-06-14,Sud-Kivu,bed_occupancy_pct,18.8,18.8,18.8,TRUE,TRUE,all_agree,126d07fbfc029fe51efd266368ef3a8cccc910d9
032,2026-06-15,Ituri,bed_occupancy_pct,97.3,97.3,97.3,TRUE,TRUE,all_agree,126d07fbfc029fe51efd266368ef3a8cccc910d9
032,2026-06-15,Nord-Kivu,bed_occupancy_pct,63.4,63.4,63.4,TRUE,TRUE,all_agree,126d07fbfc029fe51efd266368ef3a8cccc910d9
032,2026-06-15,Sud-Kivu,bed_occupancy_pct,31.3,31.3,31.3,TRUE,TRUE,all_agree,126d07fbfc029fe51efd266368ef3a8cccc910d9
033,2026-06-16,Ituri,bed_occupancy_pct,96.4,96.4,96.4,TRUE,TRUE,all_agree,126d07fbfc029fe51efd266368ef3a8cccc910d9
033,2026-06-16,Nord-Kivu,bed_occupancy_pct,64.8,64.8,64.8,TRUE,TRUE,all_agree,126d07fbfc029fe51efd266368ef3a8cccc910d9
033,2026-06-16,Sud-Kivu,bed_occupancy_pct,46.9,46.9,46.9,TRUE,TRUE,all_agree,126d07fbfc029fe51efd266368ef3a8cccc910d9
034,2026-06-17,Ituri,bed_occupancy_pct,99.1,99.1,99.1,TRUE,TRUE,all_agree,126d07fbfc029fe51efd266368ef3a8cccc910d9
034,2026-06-17,Nord-Kivu,bed_occupancy_pct,67.6,67.6,67.6,TRUE,TRUE,all_agree,126d07fbfc029fe51efd266368ef3a8cccc910d9
035,2026-06-18,Ituri,bed_occupancy_pct,103.3,103.3,103.3,TRUE,TRUE,all_agree,126d07fbfc029fe51efd266368ef3a8cccc910d9
035,2026-06-18,Nord-Kivu,bed_occupancy_pct,78.9,78.9,78.9,TRUE,TRUE,all_agree,126d07fbfc029fe51efd266368ef3a8cccc910d9
035,2026-06-18,Sud-Kivu,bed_occupancy_pct,34.4,34.4,34.4,TRUE,TRUE,all_agree,126d07fbfc029fe51efd266368ef3a8cccc910d9
036,2026-06-19,Ituri,bed_occupancy_pct,90.8,90.8,90.8,TRUE,TRUE,all_agree,126d07fbfc029fe51efd266368ef3a8cccc910d9
036,2026-06-19,Nord-Kivu,bed_occupancy_pct,76.1,76.1,76.1,TRUE,TRUE,all_agree,126d07fbfc029fe51efd266368ef3a8cccc910d9
037,2026-06-20,Ituri,bed_occupancy_pct,89.3,89.3,89.3,TRUE,TRUE,all_agree,126d07fbfc029fe51efd266368ef3a8cccc910d9
037,2026-06-20,Nord-Kivu,bed_occupancy_pct,73.2,73.2,73.2,TRUE,TRUE,all_agree,126d07fbfc029fe51efd266368ef3a8cccc910d9
037,2026-06-20,Sud-Kivu,bed_occupancy_pct,34.4,34.4,34.4,TRUE,TRUE,all_agree,126d07fbfc029fe51efd266368ef3a8cccc910d9
038,2026-06-21,Ituri,bed_occupancy_pct,88.2,88.2,88.2,TRUE,TRUE,all_agree,126d07fbfc029fe51efd266368ef3a8cccc910d9
038,2026-06-21,Nord-Kivu,bed_occupancy_pct,88.7,88.7,88.7,TRUE,TRUE,all_agree,126d07fbfc029fe51efd266368ef3a8cccc910d9
038,2026-06-21,Sud-Kivu,bed_occupancy_pct,31.3,31.3,31.3,TRUE,TRUE,all_agree,126d07fbfc029fe51efd266368ef3a8cccc910d9
039,2026-06-22,Ituri,bed_occupancy_pct,87,87,87,TRUE,TRUE,all_agree,126d07fbfc029fe51efd266368ef3a8cccc910d9
039,2026-06-22,Nord-Kivu,bed_occupancy_pct,54.4,54.4,54.4,TRUE,TRUE,all_agree,126d07fbfc029fe51efd266368ef3a8cccc910d9
039,2026-06-22,Sud-Kivu,bed_occupancy_pct,31.3,31.3,31.3,TRUE,TRUE,all_agree,126d07fbfc029fe51efd266368ef3a8cccc910d9
040,2026-06-23,Ituri,bed_occupancy_pct,91.3,91.3,91.3,TRUE,TRUE,all_agree,126d07fbfc029fe51efd266368ef3a8cccc910d9
040,2026-06-23,Nord-Kivu,bed_occupancy_pct,57.3,57.3,57.3,TRUE,TRUE,all_agree,126d07fbfc029fe51efd266368ef3a8cccc910d9
040,2026-06-23,Sud-Kivu,bed_occupancy_pct,37.5,37.5,37.5,TRUE,TRUE,all_agree,126d07fbfc029fe51efd266368ef3a8cccc910d9
041,2026-06-24,Ituri,bed_occupancy_pct,85.3,85.3,85.3,TRUE,TRUE,all_agree,126d07fbfc029fe51efd266368ef3a8cccc910d9
041,2026-06-24,Nord-Kivu,bed_occupancy_pct,57.3,57.3,57.3,TRUE,TRUE,all_agree,126d07fbfc029fe51efd266368ef3a8cccc910d9
041,2026-06-24,Sud-Kivu,bed_occupancy_pct,29.5,29.5,29.5,TRUE,TRUE,all_agree,126d07fbfc029fe51efd266368ef3a8cccc910d9
042,2026-06-25,Ituri,bed_occupancy_pct,89.8,89.8,89.8,TRUE,TRUE,all_agree,126d07fbfc029fe51efd266368ef3a8cccc910d9
042,2026-06-25,Nord-Kivu,bed_occupancy_pct,66,66,66,TRUE,TRUE,all_agree,126d07fbfc029fe51efd266368ef3a8cccc910d9
042,2026-06-25,Sud-Kivu,bed_occupancy_pct,38.6,38.6,38.6,TRUE,TRUE,all_agree,126d07fbfc029fe51efd266368ef3a8cccc910d9
044,2026-06-27,Ituri,bed_occupancy_pct,90.9,90.9,90.9,TRUE,TRUE,all_agree,126d07fbfc029fe51efd266368ef3a8cccc910d9
044,2026-06-27,Nord-Kivu,bed_occupancy_pct,138.8,138.8,138.8,TRUE,TRUE,all_agree,126d07fbfc029fe51efd266368ef3a8cccc910d9
044,2026-06-27,Sud-Kivu,bed_occupancy_pct,47.7,47.7,47.7,TRUE,TRUE,all_agree,126d07fbfc029fe51efd266368ef3a8cccc910d9
046,2026-06-29,Ituri,bed_occupancy_pct,102,102,102,TRUE,TRUE,all_agree,126d07fbfc029fe51efd266368ef3a8cccc910d9
046,2026-06-29,Nord-Kivu,bed_occupancy_pct,125,125,125,TRUE,TRUE,all_agree,126d07fbfc029fe51efd266368ef3a8cccc910d9
046,2026-06-29,Sud-Kivu,bed_occupancy_pct,51.1,51.1,51.1,TRUE,TRUE,all_agree,126d07fbfc029fe51efd266368ef3a8cccc910d9
049,2026-07-02,Ituri,bed_occupancy_pct,90,90,90,TRUE,TRUE,all_agree,126d07fbfc029fe51efd266368ef3a8cccc910d9
049,2026-07-02,Nord-Kivu,bed_occupancy_pct,136,136,136,TRUE,TRUE,all_agree,126d07fbfc029fe51efd266368ef3a8cccc910d9
049,2026-07-02,Sud-Kivu,bed_occupancy_pct,42.2,42.2,42.2,TRUE,TRUE,all_agree,126d07fbfc029fe51efd266368ef3a8cccc910d9
052,2026-07-05,Ituri,bed_occupancy_pct,89.3,89.3,89.3,TRUE,TRUE,all_agree,126d07fbfc029fe51efd266368ef3a8cccc910d9
052,2026-07-05,Nord-Kivu,bed_occupancy_pct,137,137,137,TRUE,TRUE,all_agree,126d07fbfc029fe51efd266368ef3a8cccc910d9
052,2026-07-05,Sud-Kivu,bed_occupancy_pct,47.7,47.7,47.7,TRUE,TRUE,all_agree,126d07fbfc029fe51efd266368ef3a8cccc910d9
053,2026-07-06,Ituri,bed_occupancy_pct,84,84,84,TRUE,TRUE,all_agree,126d07fbfc029fe51efd266368ef3a8cccc910d9
053,2026-07-06,Nord-Kivu,bed_occupancy_pct,115,115,115,TRUE,TRUE,all_agree,126d07fbfc029fe51efd266368ef3a8cccc910d9
053,2026-07-06,Sud-Kivu,bed_occupancy_pct,53.3,53.3,53.3,TRUE,TRUE,all_agree,126d07fbfc029fe51efd266368ef3a8cccc910d9
054,2026-07-07,Ituri,bed_occupancy_pct,85,85,85,TRUE,TRUE,all_agree,126d07fbfc029fe51efd266368ef3a8cccc910d9
054,2026-07-07,Nord-Kivu,bed_occupancy_pct,137,137,137,TRUE,TRUE,all_agree,126d07fbfc029fe51efd266368ef3a8cccc910d9
054,2026-07-07,Sud-Kivu,bed_occupancy_pct,86.6,86.6,86.6,TRUE,TRUE,all_agree,126d07fbfc029fe51efd266368ef3a8cccc910d9
055,2026-07-08,Ituri,bed_occupancy_pct,87,87,87,TRUE,TRUE,all_agree,126d07fbfc029fe51efd266368ef3a8cccc910d9
055,2026-07-08,Nord-Kivu,bed_occupancy_pct,133,133,133,TRUE,TRUE,all_agree,126d07fbfc029fe51efd266368ef3a8cccc910d9
055,2026-07-08,Sud-Kivu,bed_occupancy_pct,60,60,60,TRUE,TRUE,all_agree,126d07fbfc029fe51efd266368ef3a8cccc910d9
056,2026-07-09,Ituri,bed_occupancy_pct,89.9,89.9,89.9,TRUE,TRUE,all_agree,126d07fbfc029fe51efd266368ef3a8cccc910d9
056,2026-07-09,Nord-Kivu,bed_occupancy_pct,160,160,160,TRUE,TRUE,all_agree,126d07fbfc029fe51efd266368ef3a8cccc910d9
056,2026-07-09,Sud-Kivu,bed_occupancy_pct,42.2,42.2,42.2,TRUE,TRUE,all_agree,126d07fbfc029fe51efd266368ef3a8cccc910d9
057,2026-07-10,Ituri,bed_occupancy_pct,88,,,,,only_ours,126d07fbfc029fe51efd266368ef3a8cccc910d9
057,2026-07-10,Nord-Kivu,bed_occupancy_pct,135.2,,,,,only_ours,126d07fbfc029fe51efd266368ef3a8cccc910d9
057,2026-07-10,Sud-Kivu,bed_occupancy_pct,53.3,,,,,only_ours,126d07fbfc029fe51efd266368ef3a8cccc910d9
058,2026-07-11,Ituri,bed_occupancy_pct,87,87,87,TRUE,TRUE,all_agree,126d07fbfc029fe51efd266368ef3a8cccc910d9
058,2026-07-11,Nord-Kivu,bed_occupancy_pct,129.6,129.6,129.6,TRUE,TRUE,all_agree,126d07fbfc029fe51efd266368ef3a8cccc910d9
058,2026-07-11,Sud-Kivu,bed_occupancy_pct,66.6,66.6,66.6,TRUE,TRUE,all_agree,126d07fbfc029fe51efd266368ef3a8cccc910d9
059,2026-07-12,Ituri,bed_occupancy_pct,82.1,82.1,82.1,TRUE,TRUE,all_agree,126d07fbfc029fe51efd266368ef3a8cccc910d9
059,2026-07-12,Nord-Kivu,bed_occupancy_pct,117.2,117.2,117.2,TRUE,TRUE,all_agree,126d07fbfc029fe51efd266368ef3a8cccc910d9
060,2026-07-13,Haut-Uele,bed_occupancy_pct,100,100,100,TRUE,TRUE,all_agree,126d07fbfc029fe51efd266368ef3a8cccc910d9
060,2026-07-13,Ituri,bed_occupancy_pct,82.7,82.7,82.7,TRUE,TRUE,all_agree,126d07fbfc029fe51efd266368ef3a8cccc910d9
060,2026-07-13,Nord-Kivu,bed_occupancy_pct,120.6,120.6,120.6,TRUE,TRUE,all_agree,126d07fbfc029fe51efd266368ef3a8cccc910d9
060,2026-07-13,Sud-Kivu,bed_occupancy_pct,60,60,60,TRUE,TRUE,all_agree,126d07fbfc029fe51efd266368ef3a8cccc910d9
061,2026-07-14,Ituri,bed_occupancy_pct,78,78,78,TRUE,TRUE,all_agree,126d07fbfc029fe51efd266368ef3a8cccc910d9
061,2026-07-14,Nord-Kivu,bed_occupancy_pct,129.6,129.6,129.6,TRUE,TRUE,all_agree,126d07fbfc029fe51efd266368ef3a8cccc910d9
061,2026-07-14,Tshopo,bed_occupancy_pct,60,60,60,TRUE,TRUE,all_agree,126d07fbfc029fe51efd266368ef3a8cccc910d9
062,2026-07-15,Ituri,bed_occupancy_pct,79,79,79,TRUE,TRUE,all_agree,126d07fbfc029fe51efd266368ef3a8cccc910d9
062,2026-07-15,Nord-Kivu,bed_occupancy_pct,118.8,118.8,118.8,TRUE,TRUE,all_agree,126d07fbfc029fe51efd266368ef3a8cccc910d9
062,2026-07-15,Tshopo,bed_occupancy_pct,41.7,41.7,41.7,TRUE,TRUE,all_agree,126d07fbfc029fe51efd266368ef3a8cccc910d9
065,2026-07-18,Ituri,bed_occupancy_pct,76.3,76.3,76.3,TRUE,TRUE,all_agree,126d07fbfc029fe51efd266368ef3a8cccc910d9
065,2026-07-18,Nord-Kivu,bed_occupancy_pct,123.1,123.1,123.1,TRUE,TRUE,all_agree,126d07fbfc029fe51efd266368ef3a8cccc910d9
065,2026-07-18,Tshopo,bed_occupancy_pct,40,40,40,TRUE,TRUE,all_agree,126d07fbfc029fe51efd266368ef3a8cccc910d9
066,2026-07-19,Ituri,bed_occupancy_pct,69.3,69.3,69.3,TRUE,TRUE,all_agree,126d07fbfc029fe51efd266368ef3a8cccc910d9
066,2026-07-19,Nord-Kivu,bed_occupancy_pct,128.4,128.4,128.4,TRUE,TRUE,all_agree,126d07fbfc029fe51efd266368ef3a8cccc910d9
067,2026-07-20,Ituri,bed_occupancy_pct,78.4,78.4,78.4,TRUE,TRUE,all_agree,126d07fbfc029fe51efd266368ef3a8cccc910d9
067,2026-07-20,Nord-Kivu,bed_occupancy_pct,128.4,128.4,128.4,TRUE,TRUE,all_agree,126d07fbfc029fe51efd266368ef3a8cccc910d9
068,2026-07-21,Ituri,bed_occupancy_pct,78.5,78.5,78.5,TRUE,TRUE,all_agree,126d07fbfc029fe51efd266368ef3a8cccc910d9
068,2026-07-21,Nord-Kivu,bed_occupancy_pct,129.1,129.1,129.1,TRUE,TRUE,all_agree,126d07fbfc029fe51efd266368ef3a8cccc910d9
069,2026-07-22,Ituri,bed_occupancy_pct,77.7,77.7,77.7,TRUE,TRUE,all_agree,126d07fbfc029fe51efd266368ef3a8cccc910d9
069,2026-07-22,Nord-Kivu,bed_occupancy_pct,119.1,119.1,119.1,TRUE,TRUE,all_agree,126d07fbfc029fe51efd266368ef3a8cccc910d9
069,2026-07-22,Tshopo,bed_occupancy_pct,37.5,37.5,37.5,TRUE,TRUE,all_agree,126d07fbfc029fe51efd266368ef3a8cccc910d9
070,2026-07-23,Ituri,bed_occupancy_pct,80.4,,80.4,,TRUE,all_agree,126d07fbfc029fe51efd266368ef3a8cccc910d9
070,2026-07-23,Nord-Kivu,bed_occupancy_pct,136.2,,136.2,,TRUE,all_agree,126d07fbfc029fe51efd266368ef3a8cccc910d9
070,2026-07-23,Tshopo,bed_occupancy_pct,40,,40,,TRUE,all_agree,126d07fbfc029fe51efd266368ef3a8cccc910d9
071,2026-07-24,Ituri,bed_occupancy_pct,81.2,81.2,81.2,TRUE,TRUE,all_agree,126d07fbfc029fe51efd266368ef3a8cccc910d9
071,2026-07-24,Nord-Kivu,bed_occupancy_pct,126.9,126.9,126.9,TRUE,TRUE,all_agree,126d07fbfc029fe51efd266368ef3a8cccc910d9
072,2026-07-25,Ituri,bed_occupancy_pct,75.3,75.3,75.3,TRUE,TRUE,all_agree,126d07fbfc029fe51efd266368ef3a8cccc910d9
072,2026-07-25,Nord-Kivu,bed_occupancy_pct,121.3,121.3,121.3,TRUE,TRUE,all_agree,126d07fbfc029fe51efd266368ef3a8cccc910d9
073,2026-07-26,Ituri,bed_occupancy_pct,66.4,66.4,66.4,TRUE,TRUE,all_agree,126d07fbfc029fe51efd266368ef3a8cccc910d9
073,2026-07-26,Nord-Kivu,bed_occupancy_pct,136.2,136.2,136.2,TRUE,TRUE,all_agree,126d07fbfc029fe51efd266368ef3a8cccc910d9
074,2026-07-27,Ituri,bed_occupancy_pct,67.3,67.3,67.3,TRUE,TRUE,all_agree,126d07fbfc029fe51efd266368ef3a8cccc910d9
074,2026-07-27,Nord-Kivu,bed_occupancy_pct,134,134,134,TRUE,TRUE,all_agree,126d07fbfc029fe51efd266368ef3a8cccc910d9
077,2026-07-30,Haut-Uele,bed_occupancy_pct,32.4,32.4,32.4,TRUE,TRUE,all_agree,126d07fbfc029fe51efd266368ef3a8cccc910d9
077,2026-07-30,Ituri,bed_occupancy_pct,63.8,63.8,63.8,TRUE,TRUE,all_agree,126d07fbfc029fe51efd266368ef3a8cccc910d9
077,2026-07-30,Nord-Kivu,bed_occupancy_pct,143.3,143.3,143.3,TRUE,TRUE,all_agree,126d07fbfc029fe51efd266368ef3a8cccc910d9
077,2026-07-30,Tshopo,bed_occupancy_pct,5,5,5,TRUE,TRUE,all_agree,126d07fbfc029fe51efd266368ef3a8cccc910d9
078,2026-07-31,Haut-Uele,bed_occupancy_pct,54.4,54.4,54.4,TRUE,TRUE,all_agree,126d07fbfc029fe51efd266368ef3a8cccc910d9
078,2026-07-31,Ituri,bed_occupancy_pct,63.9,63.9,63.9,TRUE,TRUE,all_agree,126d07fbfc029fe51efd266368ef3a8cccc910d9
078,2026-07-31,Nord-Kivu,bed_occupancy_pct,139,139,139,TRUE,TRUE,all_agree,126d07fbfc029fe51efd266368ef3a8cccc910d9
078,2026-07-31,Tshopo,bed_occupancy_pct,10,10,10,TRUE,TRUE,all_agree,126d07fbfc029fe51efd266368ef3a8cccc910d9
079,2026-08-01,Haut-Uele,bed_occupancy_pct,45.6,45.6,45.6,TRUE,TRUE,all_agree,126d07fbfc029fe51efd266368ef3a8cccc910d9
079,2026-08-01,Ituri,bed_occupancy_pct,58,58,58,TRUE,TRUE,all_agree,126d07fbfc029fe51efd266368ef3a8cccc910d9
079,2026-08-01,Nord-Kivu,bed_occupancy_pct,128.4,128.4,128.4,TRUE,TRUE,all_agree,126d07fbfc029fe51efd266368ef3a8cccc910d9
079,2026-08-01,Tshopo,bed_occupancy_pct,10,10,10,TRUE,TRUE,all_agree,126d07fbfc029fe51efd266368ef3a8cccc910d9
080,2026-08-02,Haut-Uele,bed_occupancy_pct,45.6,45.6,45.6,TRUE,TRUE,all_agree,126d07fbfc029fe51efd266368ef3a8cccc910d9
080,2026-08-02,Ituri,bed_occupancy_pct,57,57,57,TRUE,TRUE,all_agree,126d07fbfc029fe51efd266368ef3a8cccc910d9
080,2026-08-02,Nord-Kivu,bed_occupancy_pct,131.9,131.9,131.9,TRUE,TRUE,all_agree,126d07fbfc029fe51efd266368ef3a8cccc910d9
080,2026-08-02,Tshopo,bed_occupancy_pct,10,10,10,TRUE,TRUE,all_agree,126d07fbfc029fe51efd266368ef3a8cccc910d9
013,2026-05-27,Nord-Kivu,beds,,,19,,,only_bos,126d07fbfc029fe51efd266368ef3a8cccc910d9
018,2026-06-01,Nord-Kivu,beds,,,71,,,only_bos,126d07fbfc029fe51efd266368ef3a8cccc910d9
026,2026-06-09,Ituri,beds,,,315,,,only_bos,126d07fbfc029fe51efd266368ef3a8cccc910d9
026,2026-06-09,Nord-Kivu,beds,,,71,,,only_bos,126d07fbfc029fe51efd266368ef3a8cccc910d9
026,2026-06-09,Sud-Kivu,beds,,,14,,,only_bos,126d07fbfc029fe51efd266368ef3a8cccc910d9
027,2026-06-10,Ituri,beds,,,307,,,only_bos,126d07fbfc029fe51efd266368ef3a8cccc910d9
027,2026-06-10,Nord-Kivu,beds,,,71,,,only_bos,126d07fbfc029fe51efd266368ef3a8cccc910d9
027,2026-06-10,Sud-Kivu,beds,,,32,,,only_bos,126d07fbfc029fe51efd266368ef3a8cccc910d9
028,2026-06-11,Ituri,beds,,,349,,,only_bos,126d07fbfc029fe51efd266368ef3a8cccc910d9
028,2026-06-11,Nord-Kivu,beds,,,71,,,only_bos,126d07fbfc029fe51efd266368ef3a8cccc910d9
028,2026-06-11,Sud-Kivu,beds,,,32,,,only_bos,126d07fbfc029fe51efd266368ef3a8cccc910d9
063,2026-07-16,Ituri,beds,,,693,,,only_bos,126d07fbfc029fe51efd266368ef3a8cccc910d9
063,2026-07-16,Nord-Kivu,beds,,,141,,,only_bos,126d07fbfc029fe51efd266368ef3a8cccc910d9
063,2026-07-16,Tshopo,beds,,,12,,,only_bos,126d07fbfc029fe51efd266368ef3a8cccc910d9
081,2026-08-03,Haut-Uele,beds,,68,68,,,only_bos,126d07fbfc029fe51efd266368ef3a8cccc910d9
081,2026-08-03,Ituri,beds,,,833,,,only_bos,126d07fbfc029fe51efd266368ef3a8cccc910d9
081,2026-08-03,Nord-Kivu,beds,,141,141,,,only_bos,126d07fbfc029fe51efd266368ef3a8cccc910d9
081,2026-08-03,Tshopo,beds,,20,20,,,only_bos,126d07fbfc029fe51efd266368ef3a8cccc910d9
082,2026-08-04,Ituri,beds,,,833,,,only_bos,126d07fbfc029fe51efd266368ef3a8cccc910d9
082,2026-08-04,Tshopo,beds,,,20,,,only_bos,126d07fbfc029fe51efd266368ef3a8cccc910d9
083,2026-08-05,Ituri,beds,,833,833,,,only_bos,126d07fbfc029fe51efd266368ef3a8cccc910d9
083,2026-08-05,Tshopo,beds,,,20,,,only_bos,126d07fbfc029fe51efd266368ef3a8cccc910d9
084,2026-08-06,Ituri,beds,,833,833,,,only_bos,126d07fbfc029fe51efd266368ef3a8cccc910d9
085,2026-08-07,Ituri,beds,,860,860,,,only_bos,126d07fbfc029fe51efd266368ef3a8cccc910d9
086,2026-08-08,Ituri,beds,,840,840,,,only_bos,126d07fbfc029fe51efd266368ef3a8cccc910d9
087,2026-08-09,Ituri,beds,,840,840,,,only_bos,126d07fbfc029fe51efd266368ef3a8cccc910d9
088,2026-08-10,Ituri,beds,,845,845,,,only_bos,126d07fbfc029fe51efd266368ef3a8cccc910d9
089,2026-08-11,Ituri,beds,,845,845,,,only_bos,126d07fbfc029fe51efd266368ef3a8cccc910d9
090,2026-08-12,Haut-Uele,beds,,,78,,,only_bos,126d07fbfc029fe51efd266368ef3a8cccc910d9
090,2026-08-12,Ituri,beds,,973,973,,,only_bos,126d07fbfc029fe51efd266368ef3a8cccc910d9
090,2026-08-12,Tshopo,beds,,,12,,,only_bos,126d07fbfc029fe51efd266368ef3a8cccc910d9
091,2026-08-13,Haut-Uele,beds,,84,84,,,only_bos,126d07fbfc029fe51efd266368ef3a8cccc910d9
091,2026-08-13,Ituri,beds,,985,985,,,only_bos,126d07fbfc029fe51efd266368ef3a8cccc910d9
091,2026-08-13,Nord-Kivu,beds,,,206,,,only_bos,126d07fbfc029fe51efd266368ef3a8cccc910d9
091,2026-08-13,Tshopo,beds,,,12,,,only_bos,126d07fbfc029fe51efd266368ef3a8cccc910d9
092,2026-08-14,Haut-Uele,beds,,84,84,,,only_bos,126d07fbfc029fe51efd266368ef3a8cccc910d9
092,2026-08-14,Ituri,beds,,991,991,,,only_bos,126d07fbfc029fe51efd266368ef3a8cccc910d9
092,2026-08-14,Nord-Kivu,beds,,206,206,,,only_bos,126d07fbfc029fe51efd266368ef3a8cccc910d9
093,2026-08-15,Ituri,beds,,991,991,,,only_bos,126d07fbfc029fe51efd266368ef3a8cccc910d9
093,2026-08-15,Nord-Kivu,beds,,,206,,,only_bos,126d07fbfc029fe51efd266368ef3a8cccc910d9
093,2026-08-15,Tshopo,beds,,12,12,,,only_bos,126d07fbfc029fe51efd266368ef3a8cccc910d9
094,2026-08-16,Ituri,beds,,991,991,,,only_bos,126d07fbfc029fe51efd266368ef3a8cccc910d9
094,2026-08-16,Nord-Kivu,beds,,206,206,,,only_bos,126d07fbfc029fe51efd266368ef3a8cccc910d9
094,2026-08-16,Tshopo,beds,,12,12,,,only_bos,126d07fbfc029fe51efd266368ef3a8cccc910d9
095,2026-08-17,Haut-Uele,beds,,78,78,,,only_bos,126d07fbfc029fe51efd266368ef3a8cccc910d9
095,2026-08-17,Ituri,beds,,,996,,,only_bos,126d07fbfc029fe51efd266368ef3a8cccc910d9
095,2026-08-17,Nord-Kivu,beds,,206,206,,,only_bos,126d07fbfc029fe51efd266368ef3a8cccc910d9
096,2026-08-18,Haut-Uele,beds,,,130,,,only_bos,126d07fbfc029fe51efd266368ef3a8cccc910d9
096,2026-08-18,Ituri,beds,,965,965,,,only_bos,126d07fbfc029fe51efd266368ef3a8cccc910d9
096,2026-08-18,Nord-Kivu,beds,,206,206,,,only_bos,126d07fbfc029fe51efd266368ef3a8cccc910d9
096,2026-08-18,Tshopo,beds,,12,12,,,only_bos,126d07fbfc029fe51efd266368ef3a8cccc910d9
097,2026-08-19,Haut-Uele,beds,,,130,,,only_bos,126d07fbfc029fe51efd266368ef3a8cccc910d9
097,2026-08-19,Ituri,beds,,965,965,,,only_bos,126d07fbfc029fe51efd266368ef3a8cccc910d9
097,2026-08-19,Nord-Kivu,beds,,206,206,,,only_bos,126d07fbfc029fe51efd266368ef3a8cccc910d9
097,2026-08-19,Tshopo,beds,,14,14,,,only_bos,126d07fbfc029fe51efd266368ef3a8cccc910d9
098,2026-08-20,Bas-Uele,beds,,3,,,,only_bos,126d07fbfc029fe51efd266368ef3a8cccc910d9
098,2026-08-20,Ituri,beds,,965,965,,,only_bos,126d07fbfc029fe51efd266368ef3a8cccc910d9
098,2026-08-20,Nord-Kivu,beds,,206,206,,,only_bos,126d07fbfc029fe51efd266368ef3a8cccc910d9
098,2026-08-20,Tshopo,beds,,12,12,,,only_bos,126d07fbfc029fe51efd266368ef3a8cccc910d9
099,2026-08-21,Haut-Uele,beds,,130,130,,,only_bos,126d07fbfc029fe51efd266368ef3a8cccc910d9
099,2026-08-21,Ituri,beds,,965,965,,,only_bos,126d07fbfc029fe51efd266368ef3a8cccc910d9
099,2026-08-21,Nord-Kivu,beds,,206,206,,,only_bos,126d07fbfc029fe51efd266368ef3a8cccc910d9
099,2026-08-21,Tshopo,beds,,14,14,,,only_bos,126d07fbfc029fe51efd266368ef3a8cccc910d9
100,2026-08-22,Haut-Uele,beds,,130,130,,,only_bos,126d07fbfc029fe51efd266368ef3a8cccc910d9
100,2026-08-22,Ituri,beds,,965,965,,,only_bos,126d07fbfc029fe51efd266368ef3a8cccc910d9
100,2026-08-22,Nord-Kivu,beds,,206,206,,,only_bos,126d07fbfc029fe51efd266368ef3a8cccc910d9
100,2026-08-22,Tshopo,beds,,14,14,,,only_bos,126d07fbfc029fe51efd266368ef3a8cccc910d9
101,2026-08-23,Haut-Uele,beds,,130,130,,,only_bos,126d07fbfc029fe51efd266368ef3a8cccc910d9
101,2026-08-23,Ituri,beds,,965,965,,,only_bos,126d07fbfc029fe51efd266368ef3a8cccc910d9
101,2026-08-23,Nord-Kivu,beds,,206,206,,,only_bos,126d07fbfc029fe51efd266368ef3a8cccc910d9
101,2026-08-23,Tshopo,beds,,14,14,,,only_bos,126d07fbfc029fe51efd266368ef3a8cccc910d9
102,2026-08-24,Haut-Uele,beds,,130,130,,,only_bos,126d07fbfc029fe51efd266368ef3a8cccc910d9
102,2026-08-24,Ituri,beds,,978,978,,,only_bos,126d07fbfc029fe51efd266368ef3a8cccc910d9
102,2026-08-24,Nord-Kivu,beds,,206,206,,,only_bos,126d07fbfc029fe51efd266368ef3a8cccc910d9
102,2026-08-24,Tshopo,beds,,14,14,,,only_bos,126d07fbfc029fe51efd266368ef3a8cccc910d9
103,2026-08-25,Haut-Uele,beds,,120,120,,,only_bos,126d07fbfc029fe51efd266368ef3a8cccc910d9
103,2026-08-25,Ituri,beds,,978,978,,,only_bos,126d07fbfc029fe51efd266368ef3a8cccc910d9
103,2026-08-25,Nord-Kivu,beds,,206,206,,,only_bos,126d07fbfc029fe51efd266368ef3a8cccc910d9
103,2026-08-25,Tshopo,beds,,14,14,,,only_bos,126d07fbfc029fe51efd266368ef3a8cccc910d9
104,2026-08-26,Ituri,beds,,978,978,,,only_bos,126d07fbfc029fe51efd266368ef3a8cccc910d9
104,2026-08-26,Nord-Kivu,beds,,206,206,,,only_bos,126d07fbfc029fe51efd266368ef3a8cccc910d9
104,2026-08-26,Tshopo,beds,,14,14,,,only_bos,126d07fbfc029fe51efd266368ef3a8cccc910d9
105,2026-08-27,Ituri,beds,,978,978,,,only_bos,126d07fbfc029fe51efd266368ef3a8cccc910d9
105,2026-08-27,Nord-Kivu,beds,,220,220,,,only_bos,126d07fbfc029fe51efd266368ef3a8cccc910d9
106,2026-08-28,Bas-Uele,beds,,3,,,,only_bos,126d07fbfc029fe51efd266368ef3a8cccc910d9
106,2026-08-28,Haut-Uele,beds,,120,120,,,only_bos,126d07fbfc029fe51efd266368ef3a8cccc910d9
106,2026-08-28,Ituri,beds,,978,978,,,only_bos,126d07fbfc029fe51efd266368ef3a8cccc910d9
106,2026-08-28,Nord-Kivu,beds,,220,220,,,only_bos,126d07fbfc029fe51efd266368ef3a8cccc910d9
106,2026-08-28,Tshopo,beds,,25,25,,,only_bos,126d07fbfc029fe51efd266368ef3a8cccc910d9
107,2026-08-29,Haut-Uele,beds,,120,120,,,only_bos,126d07fbfc029fe51efd266368ef3a8cccc910d9
107,2026-08-29,Ituri,beds,,978,978,,,only_bos,126d07fbfc029fe51efd266368ef3a8cccc910d9
107,2026-08-29,Tshopo,beds,,25,25,,,only_bos,126d07fbfc029fe51efd266368ef3a8cccc910d9
108,2026-08-30,Ituri,beds,,978,978,,,only_bos,126d07fbfc029fe51efd266368ef3a8cccc910d9
108,2026-08-30,Nord-Kivu,beds,,,220,,,only_bos,126d07fbfc029fe51efd266368ef3a8cccc910d9
108,2026-08-30,Tshopo,beds,,25,25,,,only_bos,126d07fbfc029fe51efd266368ef3a8cccc910d9
109,2026-08-31,Ituri,beds,,978,978,,,only_bos,126d07fbfc029fe51efd266368ef3a8cccc910d9
109,2026-08-31,Nord-Kivu,beds,,,220,,,only_bos,126d07fbfc029fe51efd266368ef3a8cccc910d9
109,2026-08-31,Sud-Kivu,beds,,25,25,,,only_bos,126d07fbfc029fe51efd266368ef3a8cccc910d9
110,2026-09-01,Haut-Uele,beds,,,120,,,only_bos,126d07fbfc029fe51efd266368ef3a8cccc910d9
110,2026-09-01,Ituri,beds,,978,978,,,only_bos,126d07fbfc029fe51efd266368ef3a8cccc910d9
110,2026-09-01,Nord-Kivu,beds,,,220,,,only_bos,126d07fbfc029fe51efd266368ef3a8cccc910d9
110,2026-09-01,Sud-Kivu,beds,,25,25,,,only_bos,126d07fbfc029fe51efd266368ef3a8cccc910d9
110,2026-09-01,Tshopo,beds,,,25,,,only_bos,126d07fbfc029fe51efd266368ef3a8cccc910d9
111,2026-09-02,Haut-Uele,beds,,,120,,,only_bos,126d07fbfc029fe51efd266368ef3a8cccc910d9
111,2026-09-02,Ituri,beds,,978,978,,,only_bos,126d07fbfc029fe51efd266368ef3a8cccc910d9
111,2026-09-02,Nord-Kivu,beds,,220,220,,,only_bos,126d07fbfc029fe51efd266368ef3a8cccc910d9
111,2026-09-02,Tshopo,beds,,25,25,,,only_bos,126d07fbfc029fe51efd266368ef3a8cccc910d9
112,2026-09-03,Haut-Uele,beds,,128,128,,,only_bos,126d07fbfc029fe51efd266368ef3a8cccc910d9
112,2026-09-03,Ituri,beds,,978,978,,,only_bos,126d07fbfc029fe51efd266368ef3a8cccc910d9
112,2026-09-03,Nord-Kivu,beds,,220,220,,,only_bos,126d07fbfc029fe51efd266368ef3a8cccc910d9
112,2026-09-03,Tshopo,beds,,25,25,,,only_bos,126d07fbfc029fe51efd266368ef3a8cccc910d9
113,2026-09-04,Haut-Uele,beds,,128,128,,,only_bos,126d07fbfc029fe51efd266368ef3a8cccc910d9
113,2026-09-04,Ituri,beds,,978,978,,,only_bos,126d07fbfc029fe51efd266368ef3a8cccc910d9
113,2026-09-04,Nord-Kivu,beds,,220,220,,,only_bos,126d07fbfc029fe51efd266368ef3a8cccc910d9
113,2026-09-04,Sud-Kivu,beds,,25,25,,,only_bos,126d07fbfc029fe51efd266368ef3a8cccc910d9
113,2026-09-04,Tshopo,beds,,25,25,,,only_bos,126d07fbfc029fe51efd266368ef3a8cccc910d9
114,2026-09-05,Haut-Uele,beds,,128,128,,,only_bos,126d07fbfc029fe51efd266368ef3a8cccc910d9
114,2026-09-05,Ituri,beds,,978,978,,,only_bos,126d07fbfc029fe51efd266368ef3a8cccc910d9
114,2026-09-05,Nord-Kivu,beds,,220,220,,,only_bos,126d07fbfc029fe51efd266368ef3a8cccc910d9
114,2026-09-05,Sud-Kivu,beds,,25,25,,,only_bos,126d07fbfc029fe51efd266368ef3a8cccc910d9
114,2026-09-05,Tshopo,beds,,25,25,,,only_bos,126d07fbfc029fe51efd266368ef3a8cccc910d9
115,2026-09-06,Haut-Uele,beds,,128,128,,,only_bos,126d07fbfc029fe51efd266368ef3a8cccc910d9
115,2026-09-06,Ituri,beds,,978,978,,,only_bos,126d07fbfc029fe51efd266368ef3a8cccc910d9
115,2026-09-06,Nord-Kivu,beds,,220,220,,,only_bos,126d07fbfc029fe51efd266368ef3a8cccc910d9
115,2026-09-06,Tshopo,beds,,25,25,,,only_bos,126d07fbfc029fe51efd266368ef3a8cccc910d9
116,2026-09-07,Haut-Uele,beds,,128,128,,,only_bos,126d07fbfc029fe51efd266368ef3a8cccc910d9
116,2026-09-07,Ituri,beds,,978,978,,,only_bos,126d07fbfc029fe51efd266368ef3a8cccc910d9
116,2026-09-07,Nord-Kivu,beds,,220,220,,,only_bos,126d07fbfc029fe51efd266368ef3a8cccc910d9
116,2026-09-07,Tshopo,beds,,25,25,,,only_bos,126d07fbfc029fe51efd266368ef3a8cccc910d9
117,2026-09-08,Haut-Uele,beds,,134,134,,,only_bos,126d07fbfc029fe51efd266368ef3a8cccc910d9
117,2026-09-08,Ituri,beds,,983,983,,,only_bos,126d07fbfc029fe51efd266368ef3a8cccc910d9
117,2026-09-08,Nord-Kivu,beds,,220,220,,,only_bos,126d07fbfc029fe51efd266368ef3a8cccc910d9
117,2026-09-08,Tshopo,beds,,25,25,,,only_bos,126d07fbfc029fe51efd266368ef3a8cccc910d9
118,2026-09-09,Haut-Uele,beds,,134,134,,,only_bos,126d07fbfc029fe51efd266368ef3a8cccc910d9
118,2026-09-09,Ituri,beds,,989,989,,,only_bos,126d07fbfc029fe51efd266368ef3a8cccc910d9
118,2026-09-09,Nord-Kivu,beds,,220,220,,,only_bos,126d07fbfc029fe51efd266368ef3a8cccc910d9
118,2026-09-09,Tshopo,beds,,25,25,,,only_bos,126d07fbfc029fe51efd266368ef3a8cccc910d9
119,2026-09-10,Haut-Uele,beds,,134,134,,,only_bos,126d07fbfc029fe51efd266368ef3a8cccc910d9
119,2026-09-10,Ituri,beds,,1005,1005,,,only_bos,126d07fbfc029fe51efd266368ef3a8cccc910d9
119,2026-09-10,Tshopo,beds,,,31,,,only_bos,126d07fbfc029fe51efd266368ef3a8cccc910d9
120,2026-09-11,Haut-Uele,beds,,134,134,,,only_bos,126d07fbfc029fe51efd266368ef3a8cccc910d9
120,2026-09-11,Ituri,beds,,1007,1007,,,only_bos,126d07fbfc029fe51efd266368ef3a8cccc910d9
120,2026-09-11,Tshopo,beds,,,31,,,only_bos,126d07fbfc029fe51efd266368ef3a8cccc910d9
121,2026-09-12,Haut-Uele,beds,,134,134,,,only_bos,126d07fbfc029fe51efd266368ef3a8cccc910d9
121,2026-09-12,Ituri,beds,,1015,1015,,,only_bos,126d07fbfc029fe51efd266368ef3a8cccc910d9
121,2026-09-12,Tshopo,beds,,31,31,,,only_bos,126d07fbfc029fe51efd266368ef3a8cccc910d9
122,2026-09-13,Haut-Uele,beds,,134,134,,,only_bos,126d07fbfc029fe51efd266368ef3a8cccc910d9
122,2026-09-13,Ituri,beds,,1015,1015,,,only_bos,126d07fbfc029fe51efd266368ef3a8cccc910d9
122,2026-09-13,Sud-Kivu,beds,,25,,,,only_bos,126d07fbfc029fe51efd266368ef3a8cccc910d9
122,2026-09-13,Tshopo,beds,,31,31,,,only_bos,126d07fbfc029fe51efd266368ef3a8cccc910d9
123,2026-09-14,Haut-Uele,beds,,136,136,,,only_bos,126d07fbfc029fe51efd266368ef3a8cccc910d9
123,2026-09-14,Ituri,beds,,1015,1015,,,only_bos,126d07fbfc029fe51efd266368ef3a8cccc910d9
123,2026-09-14,Sud-Kivu,beds,,25,25,,,only_bos,126d07fbfc029fe51efd266368ef3a8cccc910d9
123,2026-09-14,Tshopo,beds,,31,31,,,only_bos,126d07fbfc029fe51efd266368ef3a8cccc910d9
124,2026-09-15,Haut-Uele,beds,,136,136,,,only_bos,126d07fbfc029fe51efd266368ef3a8cccc910d9
124,2026-09-15,Ituri,beds,,1015,1015,,,only_bos,126d07fbfc029fe51efd266368ef3a8cccc910d9
124,2026-09-15,Sud-Kivu,beds,,25,25,,,only_bos,126d07fbfc029fe51efd266368ef3a8cccc910d9
124,2026-09-15,Tshopo,beds,,31,31,,,only_bos,126d07fbfc029fe51efd266368ef3a8cccc910d9
125,2026-09-16,Haut-Uele,beds,,136,136,,,only_bos,126d07fbfc029fe51efd266368ef3a8cccc910d9
125,2026-09-16,Ituri,beds,,1015,1015,,,only_bos,126d07fbfc029fe51efd266368ef3a8cccc910d9
125,2026-09-16,Nord-Kivu,beds,,228,228,,,only_bos,126d07fbfc029fe51efd266368ef3a8cccc910d9
125,2026-09-16,Sud-Kivu,beds,,25,25,,,only_bos,126d07fbfc029fe51efd266368ef3a8cccc910d9
125,2026-09-16,Tshopo,beds,,31,31,,,only_bos,126d07fbfc029fe51efd266368ef3a8cccc910d9
126,2026-09-17,Haut-Uele,beds,,138,138,,,only_bos,126d07fbfc029fe51efd266368ef3a8cccc910d9
126,2026-09-17,Ituri,beds,,1015,1015,,,only_bos,126d07fbfc029fe51efd266368ef3a8cccc910d9
126,2026-09-17,Nord-Kivu,beds,,228,228,,,only_bos,126d07fbfc029fe51efd266368ef3a8cccc910d9
126,2026-09-17,Sud-Kivu,beds,,25,25,,,only_bos,126d07fbfc029fe51efd266368ef3a8cccc910d9
126,2026-09-17,Tshopo,beds,,31,31,,,only_bos,126d07fbfc029fe51efd266368ef3a8cccc910d9
127,2026-09-18,Haut-Uele,beds,,138,138,,,only_bos,126d07fbfc029fe51efd266368ef3a8cccc910d9
127,2026-09-18,Ituri,beds,,1015,1015,,,only_bos,126d07fbfc029fe51efd266368ef3a8cccc910d9
127,2026-09-18,Nord-Kivu,beds,,228,228,,,only_bos,126d07fbfc029fe51efd266368ef3a8cccc910d9
127,2026-09-18,Tshopo,beds,,31,31,,,only_bos,126d07fbfc029fe51efd266368ef3a8cccc910d9
128,2026-09-19,Haut-Uele,beds,,138,138,,,only_bos,126d07fbfc029fe51efd266368ef3a8cccc910d9
128,2026-09-19,Ituri,beds,,1015,1015,,,only_bos,126d07fbfc029fe51efd266368ef3a8cccc910d9
128,2026-09-19,Nord-Kivu,beds,,228,228,,,only_bos,126d07fbfc029fe51efd266368ef3a8cccc910d9
128,2026-09-19,Tshopo,beds,,31,31,,,only_bos,126d07fbfc029fe51efd266368ef3a8cccc910d9
129,2026-09-20,Haut-Uele,beds,,138,138,,,only_bos,126d07fbfc029fe51efd266368ef3a8cccc910d9
129,2026-09-20,Ituri,beds,,1015,1015,,,only_bos,126d07fbfc029fe51efd266368ef3a8cccc910d9
129,2026-09-20,Nord-Kivu,beds,,228,228,,,only_bos,126d07fbfc029fe51efd266368ef3a8cccc910d9
129,2026-09-20,Tshopo,beds,,31,31,,,only_bos,126d07fbfc029fe51efd266368ef3a8cccc910d9
130,2026-09-21,Haut-Uele,beds,,138,138,,,only_bos,126d07fbfc029fe51efd266368ef3a8cccc910d9
130,2026-09-21,Ituri,beds,,1015,1015,,,only_bos,126d07fbfc029fe51efd266368ef3a8cccc910d9
130,2026-09-21,Nord-Kivu,beds,,308,308,,,only_bos,126d07fbfc029fe51efd266368ef3a8cccc910d9
130,2026-09-21,Tshopo,beds,,31,31,,,only_bos,126d07fbfc029fe51efd266368ef3a8cccc910d9
131,2026-09-22,Haut-Uele,beds,,138,138,,,only_bos,126d07fbfc029fe51efd266368ef3a8cccc910d9
131,2026-09-22,Ituri,beds,,1015,1015,,,only_bos,126d07fbfc029fe51efd266368ef3a8cccc910d9
131,2026-09-22,Nord-Kivu,beds,,308,308,,,only_bos,126d07fbfc029fe51efd266368ef3a8cccc910d9
131,2026-09-22,Tshopo,beds,,31,31,,,only_bos,126d07fbfc029fe51efd266368ef3a8cccc910d9
132,2026-09-23,Haut-Uele,beds,,138,138,,,only_bos,126d07fbfc029fe51efd266368ef3a8cccc910d9
132,2026-09-23,Ituri,beds,,1015,1015,,,only_bos,126d07fbfc029fe51efd266368ef3a8cccc910d9
132,2026-09-23,Tshopo,beds,,31,31,,,only_bos,126d07fbfc029fe51efd266368ef3a8cccc910d9
133,2026-09-24,Haut-Uele,beds,,138,138,,,only_bos,126d07fbfc029fe51efd266368ef3a8cccc910d9
133,2026-09-24,Ituri,beds,,1015,1015,,,only_bos,126d07fbfc029fe51efd266368ef3a8cccc910d9
133,2026-09-24,Nord-Kivu,beds,,,354,,,only_bos,126d07fbfc029fe51efd266368ef3a8cccc910d9
133,2026-09-24,Sud Ubangi,beds,,,12,,,only_bos,126d07fbfc029fe51efd266368ef3a8cccc910d9
133,2026-09-24,Tshopo,beds,,,31,,,only_bos,126d07fbfc029fe51efd266368ef3a8cccc910d9
134,2026-09-25,Haut-Uele,beds,,138,138,,,only_bos,126d07fbfc029fe51efd266368ef3a8cccc910d9
134,2026-09-25,Ituri,beds,,1015,1015,,,only_bos,126d07fbfc029fe51efd266368ef3a8cccc910d9
134,2026-09-25,Tshopo,beds,,31,31,,,only_bos,126d07fbfc029fe51efd266368ef3a8cccc910d9
062,2026-07-15,Ituri,beds_capacity,693,693,693,TRUE,TRUE,all_agree,126d07fbfc029fe51efd266368ef3a8cccc910d9
062,2026-07-15,Nord-Kivu,beds_capacity,141,141,141,TRUE,TRUE,all_agree,126d07fbfc029fe51efd266368ef3a8cccc910d9
062,2026-07-15,Tshopo,beds_capacity,12,12,12,TRUE,TRUE,all_agree,126d07fbfc029fe51efd266368ef3a8cccc910d9
064,2026-07-17,Ituri,beds_capacity,700,700,700,TRUE,TRUE,all_agree,126d07fbfc029fe51efd266368ef3a8cccc910d9
064,2026-07-17,Nord-Kivu,beds_capacity,141,141,141,TRUE,TRUE,all_agree,126d07fbfc029fe51efd266368ef3a8cccc910d9
065,2026-07-18,Ituri,beds_capacity,706,706,706,TRUE,TRUE,all_agree,126d07fbfc029fe51efd266368ef3a8cccc910d9
065,2026-07-18,Nord-Kivu,beds_capacity,141,141,141,TRUE,TRUE,all_agree,126d07fbfc029fe51efd266368ef3a8cccc910d9
065,2026-07-18,Tshopo,beds_capacity,10,10,10,TRUE,TRUE,all_agree,126d07fbfc029fe51efd266368ef3a8cccc910d9
066,2026-07-19,Ituri,beds_capacity,798,798,798,TRUE,TRUE,all_agree,126d07fbfc029fe51efd266368ef3a8cccc910d9
066,2026-07-19,Nord-Kivu,beds_capacity,141,141,141,TRUE,TRUE,all_agree,126d07fbfc029fe51efd266368ef3a8cccc910d9
067,2026-07-20,Ituri,beds_capacity,709,709,709,TRUE,TRUE,all_agree,126d07fbfc029fe51efd266368ef3a8cccc910d9
067,2026-07-20,Nord-Kivu,beds_capacity,141,141,141,TRUE,TRUE,all_agree,126d07fbfc029fe51efd266368ef3a8cccc910d9
068,2026-07-21,Ituri,beds_capacity,708,708,708,TRUE,TRUE,all_agree,126d07fbfc029fe51efd266368ef3a8cccc910d9
068,2026-07-21,Nord-Kivu,beds_capacity,141,141,141,TRUE,TRUE,all_agree,126d07fbfc029fe51efd266368ef3a8cccc910d9
069,2026-07-22,Ituri,beds_capacity,709,709,709,TRUE,TRUE,all_agree,126d07fbfc029fe51efd266368ef3a8cccc910d9
069,2026-07-22,Nord-Kivu,beds_capacity,141,141,141,TRUE,TRUE,all_agree,126d07fbfc029fe51efd266368ef3a8cccc910d9
069,2026-07-22,Tshopo,beds_capacity,8,8,8,TRUE,TRUE,all_agree,126d07fbfc029fe51efd266368ef3a8cccc910d9
070,2026-07-23,Ituri,beds_capacity,709,709,709,TRUE,TRUE,all_agree,126d07fbfc029fe51efd266368ef3a8cccc910d9
070,2026-07-23,Nord-Kivu,beds_capacity,141,141,141,TRUE,TRUE,all_agree,126d07fbfc029fe51efd266368ef3a8cccc910d9
070,2026-07-23,Tshopo,beds_capacity,10,10,10,TRUE,TRUE,all_agree,126d07fbfc029fe51efd266368ef3a8cccc910d9
071,2026-07-24,Ituri,beds_capacity,709,709,709,TRUE,TRUE,all_agree,126d07fbfc029fe51efd266368ef3a8cccc910d9
071,2026-07-24,Nord-Kivu,beds_capacity,141,141,141,TRUE,TRUE,all_agree,126d07fbfc029fe51efd266368ef3a8cccc910d9
072,2026-07-25,Ituri,beds_capacity,800,800,800,TRUE,TRUE,all_agree,126d07fbfc029fe51efd266368ef3a8cccc910d9
072,2026-07-25,Nord-Kivu,beds_capacity,141,141,141,TRUE,TRUE,all_agree,126d07fbfc029fe51efd266368ef3a8cccc910d9
073,2026-07-26,Ituri,beds_capacity,800,800,800,TRUE,TRUE,all_agree,126d07fbfc029fe51efd266368ef3a8cccc910d9
073,2026-07-26,Nord-Kivu,beds_capacity,141,141,141,TRUE,TRUE,all_agree,126d07fbfc029fe51efd266368ef3a8cccc910d9
074,2026-07-27,Ituri,beds_capacity,808,808,808,TRUE,TRUE,all_agree,126d07fbfc029fe51efd266368ef3a8cccc910d9
074,2026-07-27,Nord-Kivu,beds_capacity,141,141,141,TRUE,TRUE,all_agree,126d07fbfc029fe51efd266368ef3a8cccc910d9
077,2026-07-30,Haut-Uele,beds_capacity,68,68,68,TRUE,TRUE,all_agree,126d07fbfc029fe51efd266368ef3a8cccc910d9
077,2026-07-30,Ituri,beds_capacity,820,820,820,TRUE,TRUE,all_agree,126d07fbfc029fe51efd266368ef3a8cccc910d9
077,2026-07-30,Nord-Kivu,beds_capacity,141,141,141,TRUE,TRUE,all_agree,126d07fbfc029fe51efd266368ef3a8cccc910d9
077,2026-07-30,Tshopo,beds_capacity,20,20,20,TRUE,TRUE,all_agree,126d07fbfc029fe51efd266368ef3a8cccc910d9
078,2026-07-31,Haut-Uele,beds_capacity,68,68,68,TRUE,TRUE,all_agree,126d07fbfc029fe51efd266368ef3a8cccc910d9
078,2026-07-31,Ituri,beds_capacity,821,821,821,TRUE,TRUE,all_agree,126d07fbfc029fe51efd266368ef3a8cccc910d9
078,2026-07-31,Nord-Kivu,beds_capacity,141,141,141,TRUE,TRUE,all_agree,126d07fbfc029fe51efd266368ef3a8cccc910d9
078,2026-07-31,Tshopo,beds_capacity,20,20,20,TRUE,TRUE,all_agree,126d07fbfc029fe51efd266368ef3a8cccc910d9
079,2026-08-01,Haut-Uele,beds_capacity,68,68,68,TRUE,TRUE,all_agree,126d07fbfc029fe51efd266368ef3a8cccc910d9
079,2026-08-01,Ituri,beds_capacity,821,821,821,TRUE,TRUE,all_agree,126d07fbfc029fe51efd266368ef3a8cccc910d9
079,2026-08-01,Nord-Kivu,beds_capacity,141,141,141,TRUE,TRUE,all_agree,126d07fbfc029fe51efd266368ef3a8cccc910d9
079,2026-08-01,Tshopo,beds_capacity,20,20,20,TRUE,TRUE,all_agree,126d07fbfc029fe51efd266368ef3a8cccc910d9
080,2026-08-02,Haut-Uele,beds_capacity,68,68,68,TRUE,TRUE,all_agree,126d07fbfc029fe51efd266368ef3a8cccc910d9
080,2026-08-02,Ituri,beds_capacity,821,821,821,TRUE,TRUE,all_agree,126d07fbfc029fe51efd266368ef3a8cccc910d9
080,2026-08-02,Nord-Kivu,beds_capacity,141,141,141,TRUE,TRUE,all_agree,126d07fbfc029fe51efd266368ef3a8cccc910d9
080,2026-08-02,Tshopo,beds_capacity,20,20,20,TRUE,TRUE,all_agree,126d07fbfc029fe51efd266368ef3a8cccc910d9
018,2026-06-01,Ituri,beds_occupied,147,,,,,only_ours,126d07fbfc029fe51efd266368ef3a8cccc910d9
018,2026-06-01,Nord-Kivu,beds_occupied,8,,,,,only_ours,126d07fbfc029fe51efd266368ef3a8cccc910d9
018,2026-06-01,Sud-Kivu,beds_occupied,5,,,,,only_ours,126d07fbfc029fe51efd266368ef3a8cccc910d9
019,2026-06-02,Ituri,beds_occupied,191,,,,,only_ours,126d07fbfc029fe51efd266368ef3a8cccc910d9
019,2026-06-02,Nord-Kivu,beds_occupied,8,,,,,only_ours,126d07fbfc029fe51efd266368ef3a8cccc910d9
019,2026-06-02,Sud-Kivu,beds_occupied,5,,,,,only_ours,126d07fbfc029fe51efd266368ef3a8cccc910d9
020,2026-06-03,Ituri,beds_occupied,208,,,,,only_ours,126d07fbfc029fe51efd266368ef3a8cccc910d9
020,2026-06-03,Nord-Kivu,beds_occupied,8,,,,,only_ours,126d07fbfc029fe51efd266368ef3a8cccc910d9
020,2026-06-03,Sud-Kivu,beds_occupied,6,,,,,only_ours,126d07fbfc029fe51efd266368ef3a8cccc910d9
021,2026-06-04,Ituri,beds_occupied,219,,,,,only_ours,126d07fbfc029fe51efd266368ef3a8cccc910d9
021,2026-06-04,Nord-Kivu,beds_occupied,8,,,,,only_ours,126d07fbfc029fe51efd266368ef3a8cccc910d9
021,2026-06-04,Sud-Kivu,beds_occupied,6,,,,,only_ours,126d07fbfc029fe51efd266368ef3a8cccc910d9
022,2026-06-05,Ituri,beds_occupied,236,,,,,only_ours,126d07fbfc029fe51efd266368ef3a8cccc910d9
022,2026-06-05,Nord-Kivu,beds_occupied,8,,,,,only_ours,126d07fbfc029fe51efd266368ef3a8cccc910d9
022,2026-06-05,Sud-Kivu,beds_occupied,7,,,,,only_ours,126d07fbfc029fe51efd266368ef3a8cccc910d9
023,2026-06-06,Ituri,beds_occupied,257,,,,,only_ours,126d07fbfc029fe51efd266368ef3a8cccc910d9
023,2026-06-06,Nord-Kivu,beds_occupied,16,,,,,only_ours,126d07fbfc029fe51efd266368ef3a8cccc910d9
023,2026-06-06,Sud-Kivu,beds_occupied,7,,,,,only_ours,126d07fbfc029fe51efd266368ef3a8cccc910d9
024,2026-06-07,Ituri,beds_occupied,260,,,,,only_ours,126d07fbfc029fe51efd266368ef3a8cccc910d9
024,2026-06-07,Nord-Kivu,beds_occupied,16,,,,,only_ours,126d07fbfc029fe51efd266368ef3a8cccc910d9
024,2026-06-07,Sud-Kivu,beds_occupied,7,,,,,only_ours,126d07fbfc029fe51efd266368ef3a8cccc910d9
025,2026-06-08,Ituri,beds_occupied,286,,,,,only_ours,126d07fbfc029fe51efd266368ef3a8cccc910d9
025,2026-06-08,Nord-Kivu,beds_occupied,17,,,,,only_ours,126d07fbfc029fe51efd266368ef3a8cccc910d9
025,2026-06-08,Sud-Kivu,beds_occupied,7,,,,,only_ours,126d07fbfc029fe51efd266368ef3a8cccc910d9
026,2026-06-09,Ituri,beds_occupied,245,,,,,only_ours,126d07fbfc029fe51efd266368ef3a8cccc910d9
026,2026-06-09,Nord-Kivu,beds_occupied,17,,,,,only_ours,126d07fbfc029fe51efd266368ef3a8cccc910d9
026,2026-06-09,Sud-Kivu,beds_occupied,6,,,,,only_ours,126d07fbfc029fe51efd266368ef3a8cccc910d9
027,2026-06-10,Ituri,beds_occupied,239,,,,,only_ours,126d07fbfc029fe51efd266368ef3a8cccc910d9
027,2026-06-10,Nord-Kivu,beds_occupied,17,,,,,only_ours,126d07fbfc029fe51efd266368ef3a8cccc910d9
027,2026-06-10,Sud-Kivu,beds_occupied,6,,,,,only_ours,126d07fbfc029fe51efd266368ef3a8cccc910d9
028,2026-06-11,Ituri,beds_occupied,247,,,,,only_ours,126d07fbfc029fe51efd266368ef3a8cccc910d9
028,2026-06-11,Nord-Kivu,beds_occupied,13,,,,,only_ours,126d07fbfc029fe51efd266368ef3a8cccc910d9
028,2026-06-11,Sud-Kivu,beds_occupied,7,,,,,only_ours,126d07fbfc029fe51efd266368ef3a8cccc910d9
030,2026-06-13,Ituri,beds_occupied,280,,,,,only_ours,126d07fbfc029fe51efd266368ef3a8cccc910d9
030,2026-06-13,Nord-Kivu,beds_occupied,36,,,,,only_ours,126d07fbfc029fe51efd266368ef3a8cccc910d9
030,2026-06-13,Sud-Kivu,beds_occupied,11,,,,,only_ours,126d07fbfc029fe51efd266368ef3a8cccc910d9
031,2026-06-14,Ituri,beds_occupied,312,,,,,only_ours,126d07fbfc029fe51efd266368ef3a8cccc910d9
031,2026-06-14,Nord-Kivu,beds_occupied,42,,,,,only_ours,126d07fbfc029fe51efd266368ef3a8cccc910d9
031,2026-06-14,Sud-Kivu,beds_occupied,7,,,,,only_ours,126d07fbfc029fe51efd266368ef3a8cccc910d9
032,2026-06-15,Ituri,beds_occupied,312,,,,,only_ours,126d07fbfc029fe51efd266368ef3a8cccc910d9
032,2026-06-15,Nord-Kivu,beds_occupied,44,,,,,only_ours,126d07fbfc029fe51efd266368ef3a8cccc910d9
032,2026-06-15,Sud-Kivu,beds_occupied,6,,,,,only_ours,126d07fbfc029fe51efd266368ef3a8cccc910d9
033,2026-06-16,Ituri,beds_occupied,321,,,,,only_ours,126d07fbfc029fe51efd266368ef3a8cccc910d9
033,2026-06-16,Nord-Kivu,beds_occupied,45,,,,,only_ours,126d07fbfc029fe51efd266368ef3a8cccc910d9
033,2026-06-16,Sud-Kivu,beds_occupied,10,,,,,only_ours,126d07fbfc029fe51efd266368ef3a8cccc910d9
034,2026-06-17,Ituri,beds_occupied,310,,,,,only_ours,126d07fbfc029fe51efd266368ef3a8cccc910d9
034,2026-06-17,Nord-Kivu,beds_occupied,46,,,,,only_ours,126d07fbfc029fe51efd266368ef3a8cccc910d9
035,2026-06-18,Ituri,beds_occupied,335,,,,,only_ours,126d07fbfc029fe51efd266368ef3a8cccc910d9
035,2026-06-18,Nord-Kivu,beds_occupied,48,,,,,only_ours,126d07fbfc029fe51efd266368ef3a8cccc910d9
035,2026-06-18,Sud-Kivu,beds_occupied,15,,,,,only_ours,126d07fbfc029fe51efd266368ef3a8cccc910d9
036,2026-06-19,Ituri,beds_occupied,286,,,,,only_ours,126d07fbfc029fe51efd266368ef3a8cccc910d9
036,2026-06-19,Nord-Kivu,beds_occupied,56,,,,,only_ours,126d07fbfc029fe51efd266368ef3a8cccc910d9
037,2026-06-20,Ituri,beds_occupied,307,,,,,only_ours,126d07fbfc029fe51efd266368ef3a8cccc910d9
037,2026-06-20,Nord-Kivu,beds_occupied,54,,,,,only_ours,126d07fbfc029fe51efd266368ef3a8cccc910d9
037,2026-06-20,Sud-Kivu,beds_occupied,12,,,,,only_ours,126d07fbfc029fe51efd266368ef3a8cccc910d9
038,2026-06-21,Ituri,beds_occupied,294,,,,,only_ours,126d07fbfc029fe51efd266368ef3a8cccc910d9
038,2026-06-21,Nord-Kivu,beds_occupied,59,,,,,only_ours,126d07fbfc029fe51efd266368ef3a8cccc910d9
038,2026-06-21,Sud-Kivu,beds_occupied,7,,,,,only_ours,126d07fbfc029fe51efd266368ef3a8cccc910d9
039,2026-06-22,Ituri,beds_occupied,298,,,,,only_ours,126d07fbfc029fe51efd266368ef3a8cccc910d9
039,2026-06-22,Nord-Kivu,beds_occupied,27,,,,,only_ours,126d07fbfc029fe51efd266368ef3a8cccc910d9
039,2026-06-22,Sud-Kivu,beds_occupied,10,,,,,only_ours,126d07fbfc029fe51efd266368ef3a8cccc910d9
040,2026-06-23,Ituri,beds_occupied,321,,,,,only_ours,126d07fbfc029fe51efd266368ef3a8cccc910d9
040,2026-06-23,Nord-Kivu,beds_occupied,56,,,,,only_ours,126d07fbfc029fe51efd266368ef3a8cccc910d9
040,2026-06-23,Sud-Kivu,beds_occupied,10,,,,,only_ours,126d07fbfc029fe51efd266368ef3a8cccc910d9
041,2026-06-24,Ituri,beds_occupied,322,,,,,only_ours,126d07fbfc029fe51efd266368ef3a8cccc910d9
041,2026-06-24,Nord-Kivu,beds_occupied,56,,,,,only_ours,126d07fbfc029fe51efd266368ef3a8cccc910d9
041,2026-06-24,Sud-Kivu,beds_occupied,12,,,,,only_ours,126d07fbfc029fe51efd266368ef3a8cccc910d9
042,2026-06-25,Ituri,beds_occupied,313,,,,,only_ours,126d07fbfc029fe51efd266368ef3a8cccc910d9
042,2026-06-25,Nord-Kivu,beds_occupied,56,,,,,only_ours,126d07fbfc029fe51efd266368ef3a8cccc910d9
042,2026-06-25,Sud-Kivu,beds_occupied,13,,,,,only_ours,126d07fbfc029fe51efd266368ef3a8cccc910d9
044,2026-06-27,Ituri,beds_occupied,333,,,,,only_ours,126d07fbfc029fe51efd266368ef3a8cccc910d9
044,2026-06-27,Nord-Kivu,beds_occupied,134,,,,,only_ours,126d07fbfc029fe51efd266368ef3a8cccc910d9
044,2026-06-27,Sud-Kivu,beds_occupied,17,,,,,only_ours,126d07fbfc029fe51efd266368ef3a8cccc910d9
046,2026-06-29,Ituri,beds_occupied,449,,,,,only_ours,126d07fbfc029fe51efd266368ef3a8cccc910d9
046,2026-06-29,Nord-Kivu,beds_occupied,138,,,,,only_ours,126d07fbfc029fe51efd266368ef3a8cccc910d9
046,2026-06-29,Sud-Kivu,beds_occupied,23,,,,,only_ours,126d07fbfc029fe51efd266368ef3a8cccc910d9
049,2026-07-02,Ituri,beds_occupied,487,,,,,only_ours,126d07fbfc029fe51efd266368ef3a8cccc910d9
049,2026-07-02,Nord-Kivu,beds_occupied,135,,,,,only_ours,126d07fbfc029fe51efd266368ef3a8cccc910d9
049,2026-07-02,Sud-Kivu,beds_occupied,22,,,,,only_ours,126d07fbfc029fe51efd266368ef3a8cccc910d9
052,2026-07-05,Ituri,beds_occupied,462,,,,,only_ours,126d07fbfc029fe51efd266368ef3a8cccc910d9
052,2026-07-05,Nord-Kivu,beds_occupied,147,,,,,only_ours,126d07fbfc029fe51efd266368ef3a8cccc910d9
052,2026-07-05,Sud-Kivu,beds_occupied,21,,,,,only_ours,126d07fbfc029fe51efd266368ef3a8cccc910d9
053,2026-07-06,Ituri,beds_occupied,485,,,,,only_ours,126d07fbfc029fe51efd266368ef3a8cccc910d9
053,2026-07-06,Nord-Kivu,beds_occupied,182,,,,,only_ours,126d07fbfc029fe51efd266368ef3a8cccc910d9
053,2026-07-06,Sud-Kivu,beds_occupied,21,,,,,only_ours,126d07fbfc029fe51efd266368ef3a8cccc910d9
054,2026-07-07,Ituri,beds_occupied,505,,,,,only_ours,126d07fbfc029fe51efd266368ef3a8cccc910d9
054,2026-07-07,Nord-Kivu,beds_occupied,165,,,,,only_ours,126d07fbfc029fe51efd266368ef3a8cccc910d9
054,2026-07-07,Sud-Kivu,beds_occupied,24,,,,,only_ours,126d07fbfc029fe51efd266368ef3a8cccc910d9
055,2026-07-08,Ituri,beds_occupied,519,,,,,only_ours,126d07fbfc029fe51efd266368ef3a8cccc910d9
055,2026-07-08,Nord-Kivu,beds_occupied,193,,,,,only_ours,126d07fbfc029fe51efd266368ef3a8cccc910d9
055,2026-07-08,Sud-Kivu,beds_occupied,39,,,,,only_ours,126d07fbfc029fe51efd266368ef3a8cccc910d9
056,2026-07-09,Ituri,beds_occupied,540,,,,,only_ours,126d07fbfc029fe51efd266368ef3a8cccc910d9
056,2026-07-09,Nord-Kivu,beds_occupied,188,,,,,only_ours,126d07fbfc029fe51efd266368ef3a8cccc910d9
056,2026-07-09,Sud-Kivu,beds_occupied,27,,,,,only_ours,126d07fbfc029fe51efd266368ef3a8cccc910d9
057,2026-07-10,Ituri,beds_occupied,535,,,,,only_ours,126d07fbfc029fe51efd266368ef3a8cccc910d9
057,2026-07-10,Nord-Kivu,beds_occupied,225,,,,,only_ours,126d07fbfc029fe51efd266368ef3a8cccc910d9
057,2026-07-10,Sud-Kivu,beds_occupied,19,,,,,only_ours,126d07fbfc029fe51efd266368ef3a8cccc910d9
058,2026-07-11,Ituri,beds_occupied,544,,,,,only_ours,126d07fbfc029fe51efd266368ef3a8cccc910d9
058,2026-07-11,Nord-Kivu,beds_occupied,201,,,,,only_ours,126d07fbfc029fe51efd266368ef3a8cccc910d9
058,2026-07-11,Sud-Kivu,beds_occupied,24,,,,,only_ours,126d07fbfc029fe51efd266368ef3a8cccc910d9
059,2026-07-12,Ituri,beds_occupied,538,,,,,only_ours,126d07fbfc029fe51efd266368ef3a8cccc910d9
059,2026-07-12,Nord-Kivu,beds_occupied,173,,,,,only_ours,126d07fbfc029fe51efd266368ef3a8cccc910d9
059,2026-07-12,Sud-Kivu,beds_occupied,16,,,,,only_ours,126d07fbfc029fe51efd266368ef3a8cccc910d9
060,2026-07-13,Haut-Uele,beds_occupied,1,,,,,only_ours,126d07fbfc029fe51efd266368ef3a8cccc910d9
060,2026-07-13,Ituri,beds_occupied,538,,,,,only_ours,126d07fbfc029fe51efd266368ef3a8cccc910d9
060,2026-07-13,Nord-Kivu,beds_occupied,173,,,,,only_ours,126d07fbfc029fe51efd266368ef3a8cccc910d9
060,2026-07-13,Sud-Kivu,beds_occupied,30,,,,,only_ours,126d07fbfc029fe51efd266368ef3a8cccc910d9
061,2026-07-14,Ituri,beds_occupied,541,,,,,only_ours,126d07fbfc029fe51efd266368ef3a8cccc910d9
061,2026-07-14,Nord-Kivu,beds_occupied,149,,,,,only_ours,126d07fbfc029fe51efd266368ef3a8cccc910d9
061,2026-07-14,Tshopo,beds_occupied,4,,,,,only_ours,126d07fbfc029fe51efd266368ef3a8cccc910d9
062,2026-07-15,Ituri,beds_occupied,544,,,,,only_ours,126d07fbfc029fe51efd266368ef3a8cccc910d9
062,2026-07-15,Nord-Kivu,beds_occupied,170,,,,,only_ours,126d07fbfc029fe51efd266368ef3a8cccc910d9
062,2026-07-15,Tshopo,beds_occupied,4,,,,,only_ours,126d07fbfc029fe51efd266368ef3a8cccc910d9
064,2026-07-17,Ituri,beds_occupied,542,,,,,only_ours,126d07fbfc029fe51efd266368ef3a8cccc910d9
064,2026-07-17,Nord-Kivu,beds_occupied,179,,,,,only_ours,126d07fbfc029fe51efd266368ef3a8cccc910d9
065,2026-07-18,Ituri,beds_occupied,540,,,,,only_ours,126d07fbfc029fe51efd266368ef3a8cccc910d9
065,2026-07-18,Nord-Kivu,beds_occupied,166,,,,,only_ours,126d07fbfc029fe51efd266368ef3a8cccc910d9
065,2026-07-18,Tshopo,beds_occupied,1,,,,,only_ours,126d07fbfc029fe51efd266368ef3a8cccc910d9
066,2026-07-19,Ituri,beds_occupied,543,,,,,only_ours,126d07fbfc029fe51efd266368ef3a8cccc910d9
066,2026-07-19,Nord-Kivu,beds_occupied,177,,,,,only_ours,126d07fbfc029fe51efd266368ef3a8cccc910d9
067,2026-07-20,Ituri,beds_occupied,536,,,,,only_ours,126d07fbfc029fe51efd266368ef3a8cccc910d9
067,2026-07-20,Nord-Kivu,beds_occupied,164,,,,,only_ours,126d07fbfc029fe51efd266368ef3a8cccc910d9
068,2026-07-21,Ituri,beds_occupied,556,,,,,only_ours,126d07fbfc029fe51efd266368ef3a8cccc910d9
068,2026-07-21,Nord-Kivu,beds_occupied,176,,,,,only_ours,126d07fbfc029fe51efd266368ef3a8cccc910d9
069,2026-07-22,Ituri,beds_occupied,557,,,,,only_ours,126d07fbfc029fe51efd266368ef3a8cccc910d9
069,2026-07-22,Nord-Kivu,beds_occupied,182,,,,,only_ours,126d07fbfc029fe51efd266368ef3a8cccc910d9
069,2026-07-22,Tshopo,beds_occupied,3,,,,,only_ours,126d07fbfc029fe51efd266368ef3a8cccc910d9
070,2026-07-23,Ituri,beds_occupied,551,,,,,only_ours,126d07fbfc029fe51efd266368ef3a8cccc910d9
070,2026-07-23,Nord-Kivu,beds_occupied,170,,,,,only_ours,126d07fbfc029fe51efd266368ef3a8cccc910d9
070,2026-07-23,Tshopo,beds_occupied,3,,,,,only_ours,126d07fbfc029fe51efd266368ef3a8cccc910d9
071,2026-07-24,Ituri,beds_occupied,570,,,,,only_ours,126d07fbfc029fe51efd266368ef3a8cccc910d9
071,2026-07-24,Nord-Kivu,beds_occupied,186,,,,,only_ours,126d07fbfc029fe51efd266368ef3a8cccc910d9
072,2026-07-25,Ituri,beds_occupied,576,,,,,only_ours,126d07fbfc029fe51efd266368ef3a8cccc910d9
072,2026-07-25,Nord-Kivu,beds_occupied,167,,,,,only_ours,126d07fbfc029fe51efd266368ef3a8cccc910d9
073,2026-07-26,Ituri,beds_occupied,498,,,,,only_ours,126d07fbfc029fe51efd266368ef3a8cccc910d9
073,2026-07-26,Nord-Kivu,beds_occupied,183,,,,,only_ours,126d07fbfc029fe51efd266368ef3a8cccc910d9
074,2026-07-27,Ituri,beds_occupied,538,,,,,only_ours,126d07fbfc029fe51efd266368ef3a8cccc910d9
074,2026-07-27,Nord-Kivu,beds_occupied,181,,,,,only_ours,126d07fbfc029fe51efd266368ef3a8cccc910d9
077,2026-07-30,Haut-Uele,beds_occupied,25,,,,,only_ours,126d07fbfc029fe51efd266368ef3a8cccc910d9
077,2026-07-30,Ituri,beds_occupied,553,,,,,only_ours,126d07fbfc029fe51efd266368ef3a8cccc910d9
077,2026-07-30,Nord-Kivu,beds_occupied,220,,,,,only_ours,126d07fbfc029fe51efd266368ef3a8cccc910d9
077,2026-07-30,Tshopo,beds_occupied,1,,,,,only_ours,126d07fbfc029fe51efd266368ef3a8cccc910d9
078,2026-07-31,Haut-Uele,beds_occupied,22,,,,,only_ours,126d07fbfc029fe51efd266368ef3a8cccc910d9
078,2026-07-31,Ituri,beds_occupied,518,,,,,only_ours,126d07fbfc029fe51efd266368ef3a8cccc910d9
078,2026-07-31,Nord-Kivu,beds_occupied,190,,,,,only_ours,126d07fbfc029fe51efd266368ef3a8cccc910d9
078,2026-07-31,Tshopo,beds_occupied,1,,,,,only_ours,126d07fbfc029fe51efd266368ef3a8cccc910d9
079,2026-08-01,Haut-Uele,beds_occupied,33,,,,,only_ours,126d07fbfc029fe51efd266368ef3a8cccc910d9
079,2026-08-01,Ituri,beds_occupied,525,,,,,only_ours,126d07fbfc029fe51efd266368ef3a8cccc910d9
079,2026-08-01,Nord-Kivu,beds_occupied,181,,,,,only_ours,126d07fbfc029fe51efd266368ef3a8cccc910d9
079,2026-08-01,Tshopo,beds_occupied,1,,,,,only_ours,126d07fbfc029fe51efd266368ef3a8cccc910d9
080,2026-08-02,Haut-Uele,beds_occupied,33,,,,,only_ours,126d07fbfc029fe51efd266368ef3a8cccc910d9
080,2026-08-02,Ituri,beds_occupied,476,,,,,only_ours,126d07fbfc029fe51efd266368ef3a8cccc910d9
080,2026-08-02,Nord-Kivu,beds_occupied,183,,,,,only_ours,126d07fbfc029fe51efd266368ef3a8cccc910d9
080,2026-08-02,Sud-Kivu,beds_occupied,17,,,,,only_ours,126d07fbfc029fe51efd266368ef3a8cccc910d9
080,2026-08-02,Tshopo,beds_occupied,2,,,,,only_ours,126d07fbfc029fe51efd266368ef3a8cccc910d9
019,2026-06-02,Ituri,deaths_in_facility,8,,8,,TRUE,all_agree,126d07fbfc029fe51efd266368ef3a8cccc910d9
019,2026-06-02,Nord-Kivu,deaths_in_facility,1,,1,,TRUE,all_agree,126d07fbfc029fe51efd266368ef3a8cccc910d9
019,2026-06-02,Sud-Kivu,deaths_in_facility,0,,0,,TRUE,all_agree,126d07fbfc029fe51efd266368ef3a8cccc910d9
020,2026-06-03,Ituri,deaths_in_facility,11,,11,,TRUE,all_agree,126d07fbfc029fe51efd266368ef3a8cccc910d9
020,2026-06-03,Nord-Kivu,deaths_in_facility,0,,0,,TRUE,all_agree,126d07fbfc029fe51efd266368ef3a8cccc910d9
020,2026-06-03,Sud-Kivu,deaths_in_facility,0,,0,,TRUE,all_agree,126d07fbfc029fe51efd266368ef3a8cccc910d9
021,2026-06-04,Ituri,deaths_in_facility,6,,6,,TRUE,all_agree,126d07fbfc029fe51efd266368ef3a8cccc910d9
021,2026-06-04,Nord-Kivu,deaths_in_facility,0,,0,,TRUE,all_agree,126d07fbfc029fe51efd266368ef3a8cccc910d9
021,2026-06-04,Sud-Kivu,deaths_in_facility,0,,0,,TRUE,all_agree,126d07fbfc029fe51efd266368ef3a8cccc910d9
022,2026-06-05,Ituri,deaths_in_facility,7,,7,,TRUE,all_agree,126d07fbfc029fe51efd266368ef3a8cccc910d9
022,2026-06-05,Nord-Kivu,deaths_in_facility,0,,0,,TRUE,all_agree,126d07fbfc029fe51efd266368ef3a8cccc910d9
022,2026-06-05,Sud-Kivu,deaths_in_facility,0,,0,,TRUE,all_agree,126d07fbfc029fe51efd266368ef3a8cccc910d9
023,2026-06-06,Ituri,deaths_in_facility,7,,7,,TRUE,all_agree,126d07fbfc029fe51efd266368ef3a8cccc910d9
023,2026-06-06,Nord-Kivu,deaths_in_facility,0,,0,,TRUE,all_agree,126d07fbfc029fe51efd266368ef3a8cccc910d9
023,2026-06-06,Sud-Kivu,deaths_in_facility,0,,0,,TRUE,all_agree,126d07fbfc029fe51efd266368ef3a8cccc910d9
024,2026-06-07,Ituri,deaths_in_facility,9,,9,,TRUE,all_agree,126d07fbfc029fe51efd266368ef3a8cccc910d9
024,2026-06-07,Nord-Kivu,deaths_in_facility,4,,4,,TRUE,all_agree,126d07fbfc029fe51efd266368ef3a8cccc910d9
024,2026-06-07,Sud-Kivu,deaths_in_facility,0,,0,,TRUE,all_agree,126d07fbfc029fe51efd266368ef3a8cccc910d9
025,2026-06-08,Ituri,deaths_in_facility,13,,13,,TRUE,all_agree,126d07fbfc029fe51efd266368ef3a8cccc910d9
025,2026-06-08,Nord-Kivu,deaths_in_facility,0,,0,,TRUE,all_agree,126d07fbfc029fe51efd266368ef3a8cccc910d9
025,2026-06-08,Sud-Kivu,deaths_in_facility,0,,0,,TRUE,all_agree,126d07fbfc029fe51efd266368ef3a8cccc910d9
026,2026-06-09,Ituri,deaths_in_facility,7,,7,,TRUE,all_agree,126d07fbfc029fe51efd266368ef3a8cccc910d9
026,2026-06-09,Nord-Kivu,deaths_in_facility,0,,0,,TRUE,all_agree,126d07fbfc029fe51efd266368ef3a8cccc910d9
026,2026-06-09,Sud-Kivu,deaths_in_facility,0,,0,,TRUE,all_agree,126d07fbfc029fe51efd266368ef3a8cccc910d9
027,2026-06-10,Ituri,deaths_in_facility,10,,10,,TRUE,all_agree,126d07fbfc029fe51efd266368ef3a8cccc910d9
027,2026-06-10,Nord-Kivu,deaths_in_facility,0,,0,,TRUE,all_agree,126d07fbfc029fe51efd266368ef3a8cccc910d9
027,2026-06-10,Sud-Kivu,deaths_in_facility,0,,0,,TRUE,all_agree,126d07fbfc029fe51efd266368ef3a8cccc910d9
028,2026-06-11,Ituri,deaths_in_facility,7,,7,,TRUE,all_agree,126d07fbfc029fe51efd266368ef3a8cccc910d9
028,2026-06-11,Nord-Kivu,deaths_in_facility,0,,0,,TRUE,all_agree,126d07fbfc029fe51efd266368ef3a8cccc910d9
028,2026-06-11,Sud-Kivu,deaths_in_facility,0,,0,,TRUE,all_agree,126d07fbfc029fe51efd266368ef3a8cccc910d9
030,2026-06-13,Ituri,deaths_in_facility,13,,13,,TRUE,all_agree,126d07fbfc029fe51efd266368ef3a8cccc910d9
030,2026-06-13,Nord-Kivu,deaths_in_facility,0,,0,,TRUE,all_agree,126d07fbfc029fe51efd266368ef3a8cccc910d9
030,2026-06-13,Sud-Kivu,deaths_in_facility,0,,0,,TRUE,all_agree,126d07fbfc029fe51efd266368ef3a8cccc910d9
031,2026-06-14,Ituri,deaths_in_facility,9,,9,,TRUE,all_agree,126d07fbfc029fe51efd266368ef3a8cccc910d9
031,2026-06-14,Nord-Kivu,deaths_in_facility,0,,0,,TRUE,all_agree,126d07fbfc029fe51efd266368ef3a8cccc910d9
031,2026-06-14,Sud-Kivu,deaths_in_facility,0,,0,,TRUE,all_agree,126d07fbfc029fe51efd266368ef3a8cccc910d9
032,2026-06-15,Ituri,deaths_in_facility,14,,14,,TRUE,all_agree,126d07fbfc029fe51efd266368ef3a8cccc910d9
032,2026-06-15,Nord-Kivu,deaths_in_facility,0,,0,,TRUE,all_agree,126d07fbfc029fe51efd266368ef3a8cccc910d9
032,2026-06-15,Sud-Kivu,deaths_in_facility,0,,0,,TRUE,all_agree,126d07fbfc029fe51efd266368ef3a8cccc910d9
033,2026-06-16,Ituri,deaths_in_facility,8,,8,,TRUE,all_agree,126d07fbfc029fe51efd266368ef3a8cccc910d9
033,2026-06-16,Nord-Kivu,deaths_in_facility,1,,1,,TRUE,all_agree,126d07fbfc029fe51efd266368ef3a8cccc910d9
033,2026-06-16,Sud-Kivu,deaths_in_facility,0,,0,,TRUE,all_agree,126d07fbfc029fe51efd266368ef3a8cccc910d9
034,2026-06-17,Ituri,deaths_in_facility,7,,7,,TRUE,all_agree,126d07fbfc029fe51efd266368ef3a8cccc910d9
034,2026-06-17,Nord-Kivu,deaths_in_facility,0,,0,,TRUE,all_agree,126d07fbfc029fe51efd266368ef3a8cccc910d9
035,2026-06-18,Ituri,deaths_in_facility,16,,16,,TRUE,all_agree,126d07fbfc029fe51efd266368ef3a8cccc910d9
035,2026-06-18,Nord-Kivu,deaths_in_facility,0,,0,,TRUE,all_agree,126d07fbfc029fe51efd266368ef3a8cccc910d9
035,2026-06-18,Sud-Kivu,deaths_in_facility,0,,0,,TRUE,all_agree,126d07fbfc029fe51efd266368ef3a8cccc910d9
036,2026-06-19,Ituri,deaths_in_facility,5,,5,,TRUE,all_agree,126d07fbfc029fe51efd266368ef3a8cccc910d9
036,2026-06-19,Nord-Kivu,deaths_in_facility,0,,0,,TRUE,all_agree,126d07fbfc029fe51efd266368ef3a8cccc910d9
037,2026-06-20,Ituri,deaths_in_facility,21,,21,,TRUE,all_agree,126d07fbfc029fe51efd266368ef3a8cccc910d9
037,2026-06-20,Nord-Kivu,deaths_in_facility,0,,0,,TRUE,all_agree,126d07fbfc029fe51efd266368ef3a8cccc910d9
037,2026-06-20,Sud-Kivu,deaths_in_facility,0,,0,,TRUE,all_agree,126d07fbfc029fe51efd266368ef3a8cccc910d9
038,2026-06-21,Ituri,deaths_in_facility,14,,14,,TRUE,all_agree,126d07fbfc029fe51efd266368ef3a8cccc910d9
038,2026-06-21,Nord-Kivu,deaths_in_facility,0,,0,,TRUE,all_agree,126d07fbfc029fe51efd266368ef3a8cccc910d9
038,2026-06-21,Sud-Kivu,deaths_in_facility,0,,0,,TRUE,all_agree,126d07fbfc029fe51efd266368ef3a8cccc910d9
039,2026-06-22,Ituri,deaths_in_facility,14,,14,,TRUE,all_agree,126d07fbfc029fe51efd266368ef3a8cccc910d9
039,2026-06-22,Nord-Kivu,deaths_in_facility,0,,0,,TRUE,all_agree,126d07fbfc029fe51efd266368ef3a8cccc910d9
039,2026-06-22,Sud-Kivu,deaths_in_facility,0,,0,,TRUE,all_agree,126d07fbfc029fe51efd266368ef3a8cccc910d9
040,2026-06-23,Ituri,deaths_in_facility,9,,9,,TRUE,all_agree,126d07fbfc029fe51efd266368ef3a8cccc910d9
040,2026-06-23,Nord-Kivu,deaths_in_facility,0,,0,,TRUE,all_agree,126d07fbfc029fe51efd266368ef3a8cccc910d9
040,2026-06-23,Sud-Kivu,deaths_in_facility,0,,0,,TRUE,all_agree,126d07fbfc029fe51efd266368ef3a8cccc910d9
041,2026-06-24,Ituri,deaths_in_facility,14,,14,,TRUE,all_agree,126d07fbfc029fe51efd266368ef3a8cccc910d9
041,2026-06-24,Nord-Kivu,deaths_in_facility,0,,0,,TRUE,all_agree,126d07fbfc029fe51efd266368ef3a8cccc910d9
041,2026-06-24,Sud-Kivu,deaths_in_facility,0,,0,,TRUE,all_agree,126d07fbfc029fe51efd266368ef3a8cccc910d9
042,2026-06-25,Ituri,deaths_in_facility,7,,7,,TRUE,all_agree,126d07fbfc029fe51efd266368ef3a8cccc910d9
042,2026-06-25,Nord-Kivu,deaths_in_facility,0,,0,,TRUE,all_agree,126d07fbfc029fe51efd266368ef3a8cccc910d9
042,2026-06-25,Sud-Kivu,deaths_in_facility,0,,0,,TRUE,all_agree,126d07fbfc029fe51efd266368ef3a8cccc910d9
044,2026-06-27,Ituri,deaths_in_facility,15,,15,,TRUE,all_agree,126d07fbfc029fe51efd266368ef3a8cccc910d9
044,2026-06-27,Nord-Kivu,deaths_in_facility,1,,1,,TRUE,all_agree,126d07fbfc029fe51efd266368ef3a8cccc910d9
044,2026-06-27,Sud-Kivu,deaths_in_facility,0,,0,,TRUE,all_agree,126d07fbfc029fe51efd266368ef3a8cccc910d9
046,2026-06-29,Ituri,deaths_in_facility,17,,17,,TRUE,all_agree,126d07fbfc029fe51efd266368ef3a8cccc910d9
046,2026-06-29,Nord-Kivu,deaths_in_facility,1,,1,,TRUE,all_agree,126d07fbfc029fe51efd266368ef3a8cccc910d9
046,2026-06-29,Sud-Kivu,deaths_in_facility,0,,0,,TRUE,all_agree,126d07fbfc029fe51efd266368ef3a8cccc910d9
049,2026-07-02,Ituri,deaths_in_facility,15,,15,,TRUE,all_agree,126d07fbfc029fe51efd266368ef3a8cccc910d9
049,2026-07-02,Nord-Kivu,deaths_in_facility,1,,1,,TRUE,all_agree,126d07fbfc029fe51efd266368ef3a8cccc910d9
049,2026-07-02,Sud-Kivu,deaths_in_facility,0,,0,,TRUE,all_agree,126d07fbfc029fe51efd266368ef3a8cccc910d9
052,2026-07-05,Ituri,deaths_in_facility,10,,10,,TRUE,all_agree,126d07fbfc029fe51efd266368ef3a8cccc910d9
052,2026-07-05,Nord-Kivu,deaths_in_facility,0,,0,,TRUE,all_agree,126d07fbfc029fe51efd266368ef3a8cccc910d9
052,2026-07-05,Sud-Kivu,deaths_in_facility,0,,0,,TRUE,all_agree,126d07fbfc029fe51efd266368ef3a8cccc910d9
053,2026-07-06,Ituri,deaths_in_facility,13,,13,,TRUE,all_agree,126d07fbfc029fe51efd266368ef3a8cccc910d9
053,2026-07-06,Nord-Kivu,deaths_in_facility,4,,4,,TRUE,all_agree,126d07fbfc029fe51efd266368ef3a8cccc910d9
053,2026-07-06,Sud-Kivu,deaths_in_facility,0,,0,,TRUE,all_agree,126d07fbfc029fe51efd266368ef3a8cccc910d9
054,2026-07-07,Ituri,deaths_in_facility,16,,16,,TRUE,all_agree,126d07fbfc029fe51efd266368ef3a8cccc910d9
054,2026-07-07,Nord-Kivu,deaths_in_facility,0,,0,,TRUE,all_agree,126d07fbfc029fe51efd266368ef3a8cccc910d9
054,2026-07-07,Sud-Kivu,deaths_in_facility,0,,0,,TRUE,all_agree,126d07fbfc029fe51efd266368ef3a8cccc910d9
055,2026-07-08,Ituri,deaths_in_facility,25,,25,,TRUE,all_agree,126d07fbfc029fe51efd266368ef3a8cccc910d9
055,2026-07-08,Nord-Kivu,deaths_in_facility,0,,0,,TRUE,all_agree,126d07fbfc029fe51efd266368ef3a8cccc910d9
055,2026-07-08,Sud-Kivu,deaths_in_facility,0,,0,,TRUE,all_agree,126d07fbfc029fe51efd266368ef3a8cccc910d9
056,2026-07-09,Ituri,deaths_in_facility,10,,10,,TRUE,all_agree,126d07fbfc029fe51efd266368ef3a8cccc910d9
056,2026-07-09,Nord-Kivu,deaths_in_facility,0,,0,,TRUE,all_agree,126d07fbfc029fe51efd266368ef3a8cccc910d9
056,2026-07-09,Sud-Kivu,deaths_in_facility,0,,0,,TRUE,all_agree,126d07fbfc029fe51efd266368ef3a8cccc910d9
057,2026-07-10,Ituri,deaths_in_facility,18,,,,,only_ours,126d07fbfc029fe51efd266368ef3a8cccc910d9
057,2026-07-10,Nord-Kivu,deaths_in_facility,0,,,,,only_ours,126d07fbfc029fe51efd266368ef3a8cccc910d9
057,2026-07-10,Sud-Kivu,deaths_in_facility,0,,,,,only_ours,126d07fbfc029fe51efd266368ef3a8cccc910d9
058,2026-07-11,Ituri,deaths_in_facility,14,,14,,TRUE,all_agree,126d07fbfc029fe51efd266368ef3a8cccc910d9
058,2026-07-11,Nord-Kivu,deaths_in_facility,1,,1,,TRUE,all_agree,126d07fbfc029fe51efd266368ef3a8cccc910d9
058,2026-07-11,Sud-Kivu,deaths_in_facility,0,,0,,TRUE,all_agree,126d07fbfc029fe51efd266368ef3a8cccc910d9
059,2026-07-12,Ituri,deaths_in_facility,15,,15,,TRUE,all_agree,126d07fbfc029fe51efd266368ef3a8cccc910d9
059,2026-07-12,Nord-Kivu,deaths_in_facility,2,,2,,TRUE,all_agree,126d07fbfc029fe51efd266368ef3a8cccc910d9
059,2026-07-12,Sud-Kivu,deaths_in_facility,1,,1,,TRUE,all_agree,126d07fbfc029fe51efd266368ef3a8cccc910d9
060,2026-07-13,Haut-Uele,deaths_in_facility,0,,0,,TRUE,all_agree,126d07fbfc029fe51efd266368ef3a8cccc910d9
060,2026-07-13,Ituri,deaths_in_facility,15,,15,,TRUE,all_agree,126d07fbfc029fe51efd266368ef3a8cccc910d9
060,2026-07-13,Nord-Kivu,deaths_in_facility,2,,2,,TRUE,all_agree,126d07fbfc029fe51efd266368ef3a8cccc910d9
060,2026-07-13,Sud-Kivu,deaths_in_facility,1,,1,,TRUE,all_agree,126d07fbfc029fe51efd266368ef3a8cccc910d9
061,2026-07-14,Ituri,deaths_in_facility,18,,18,,TRUE,all_agree,126d07fbfc029fe51efd266368ef3a8cccc910d9
061,2026-07-14,Nord-Kivu,deaths_in_facility,1,,1,,TRUE,all_agree,126d07fbfc029fe51efd266368ef3a8cccc910d9
061,2026-07-14,Tshopo,deaths_in_facility,0,,0,,TRUE,all_agree,126d07fbfc029fe51efd266368ef3a8cccc910d9
062,2026-07-15,Ituri,deaths_in_facility,14,,14,,TRUE,all_agree,126d07fbfc029fe51efd266368ef3a8cccc910d9
062,2026-07-15,Nord-Kivu,deaths_in_facility,0,,0,,TRUE,all_agree,126d07fbfc029fe51efd266368ef3a8cccc910d9
062,2026-07-15,Tshopo,deaths_in_facility,0,,0,,TRUE,all_agree,126d07fbfc029fe51efd266368ef3a8cccc910d9
064,2026-07-17,Ituri,deaths_in_facility,19,,19,,TRUE,all_agree,126d07fbfc029fe51efd266368ef3a8cccc910d9
064,2026-07-17,Nord-Kivu,deaths_in_facility,0,,0,,TRUE,all_agree,126d07fbfc029fe51efd266368ef3a8cccc910d9
065,2026-07-18,Ituri,deaths_in_facility,13,,13,,TRUE,all_agree,126d07fbfc029fe51efd266368ef3a8cccc910d9
065,2026-07-18,Nord-Kivu,deaths_in_facility,1,,1,,TRUE,all_agree,126d07fbfc029fe51efd266368ef3a8cccc910d9
065,2026-07-18,Tshopo,deaths_in_facility,0,,0,,TRUE,all_agree,126d07fbfc029fe51efd266368ef3a8cccc910d9
066,2026-07-19,Ituri,deaths_in_facility,17,,17,,TRUE,all_agree,126d07fbfc029fe51efd266368ef3a8cccc910d9
066,2026-07-19,Nord-Kivu,deaths_in_facility,1,,1,,TRUE,all_agree,126d07fbfc029fe51efd266368ef3a8cccc910d9
067,2026-07-20,Ituri,deaths_in_facility,25,,25,,TRUE,all_agree,126d07fbfc029fe51efd266368ef3a8cccc910d9
067,2026-07-20,Nord-Kivu,deaths_in_facility,2,,2,,TRUE,all_agree,126d07fbfc029fe51efd266368ef3a8cccc910d9
068,2026-07-21,Ituri,deaths_in_facility,22,,22,,TRUE,all_agree,126d07fbfc029fe51efd266368ef3a8cccc910d9
068,2026-07-21,Nord-Kivu,deaths_in_facility,1,,1,,TRUE,all_agree,126d07fbfc029fe51efd266368ef3a8cccc910d9
069,2026-07-22,Ituri,deaths_in_facility,24,,24,,TRUE,all_agree,126d07fbfc029fe51efd266368ef3a8cccc910d9
069,2026-07-22,Nord-Kivu,deaths_in_facility,8,,8,,TRUE,all_agree,126d07fbfc029fe51efd266368ef3a8cccc910d9
069,2026-07-22,Tshopo,deaths_in_facility,0,,0,,TRUE,all_agree,126d07fbfc029fe51efd266368ef3a8cccc910d9
070,2026-07-23,Ituri,deaths_in_facility,23,,23,,TRUE,all_agree,126d07fbfc029fe51efd266368ef3a8cccc910d9
070,2026-07-23,Nord-Kivu,deaths_in_facility,1,,1,,TRUE,all_agree,126d07fbfc029fe51efd266368ef3a8cccc910d9
070,2026-07-23,Tshopo,deaths_in_facility,0,,0,,TRUE,all_agree,126d07fbfc029fe51efd266368ef3a8cccc910d9
071,2026-07-24,Ituri,deaths_in_facility,14,,14,,TRUE,all_agree,126d07fbfc029fe51efd266368ef3a8cccc910d9
071,2026-07-24,Nord-Kivu,deaths_in_facility,2,,2,,TRUE,all_agree,126d07fbfc029fe51efd266368ef3a8cccc910d9
071,2026-07-24,Tshopo,deaths_in_facility,0,,,,,only_ours,126d07fbfc029fe51efd266368ef3a8cccc910d9
072,2026-07-25,Ituri,deaths_in_facility,19,,19,,TRUE,all_agree,126d07fbfc029fe51efd266368ef3a8cccc910d9
072,2026-07-25,Nord-Kivu,deaths_in_facility,6,,6,,TRUE,all_agree,126d07fbfc029fe51efd266368ef3a8cccc910d9
073,2026-07-26,Ituri,deaths_in_facility,11,,11,,TRUE,all_agree,126d07fbfc029fe51efd266368ef3a8cccc910d9
073,2026-07-26,Nord-Kivu,deaths_in_facility,3,,3,,TRUE,all_agree,126d07fbfc029fe51efd266368ef3a8cccc910d9
074,2026-07-27,Ituri,deaths_in_facility,19,,19,,TRUE,all_agree,126d07fbfc029fe51efd266368ef3a8cccc910d9
074,2026-07-27,Nord-Kivu,deaths_in_facility,3,,3,,TRUE,all_agree,126d07fbfc029fe51efd266368ef3a8cccc910d9
077,2026-07-30,Haut-Uele,deaths_in_facility,0,,0,,TRUE,all_agree,126d07fbfc029fe51efd266368ef3a8cccc910d9
077,2026-07-30,Ituri,deaths_in_facility,17,,17,,TRUE,all_agree,126d07fbfc029fe51efd266368ef3a8cccc910d9
077,2026-07-30,Nord-Kivu,deaths_in_facility,2,,2,,TRUE,all_agree,126d07fbfc029fe51efd266368ef3a8cccc910d9
077,2026-07-30,Tshopo,deaths_in_facility,0,,0,,TRUE,all_agree,126d07fbfc029fe51efd266368ef3a8cccc910d9
078,2026-07-31,Ituri,deaths_in_facility,14,,14,,TRUE,all_agree,126d07fbfc029fe51efd266368ef3a8cccc910d9
078,2026-07-31,Nord-Kivu,deaths_in_facility,4,,4,,TRUE,all_agree,126d07fbfc029fe51efd266368ef3a8cccc910d9
078,2026-07-31,Tshopo,deaths_in_facility,0,,0,,TRUE,all_agree,126d07fbfc029fe51efd266368ef3a8cccc910d9
079,2026-08-01,Haut-Uele,deaths_in_facility,4,,4,,TRUE,all_agree,126d07fbfc029fe51efd266368ef3a8cccc910d9
079,2026-08-01,Ituri,deaths_in_facility,17,,17,,TRUE,all_agree,126d07fbfc029fe51efd266368ef3a8cccc910d9
079,2026-08-01,Nord-Kivu,deaths_in_facility,4,,4,,TRUE,all_agree,126d07fbfc029fe51efd266368ef3a8cccc910d9
079,2026-08-01,Tshopo,deaths_in_facility,0,,0,,TRUE,all_agree,126d07fbfc029fe51efd266368ef3a8cccc910d9
080,2026-08-02,Haut-Uele,deaths_in_facility,4,,4,,TRUE,all_agree,126d07fbfc029fe51efd266368ef3a8cccc910d9
080,2026-08-02,Ituri,deaths_in_facility,13,,13,,TRUE,all_agree,126d07fbfc029fe51efd266368ef3a8cccc910d9
080,2026-08-02,Nord-Kivu,deaths_in_facility,5,,5,,TRUE,all_agree,126d07fbfc029fe51efd266368ef3a8cccc910d9
080,2026-08-02,Sud-Kivu,deaths_in_facility,0,,0,,TRUE,all_agree,126d07fbfc029fe51efd266368ef3a8cccc910d9
013,2026-05-27,Ituri,deaths_incare_24h,,,6,,,only_bos,126d07fbfc029fe51efd266368ef3a8cccc910d9
013,2026-05-27,Nord-Kivu,deaths_incare_24h,,,0,,,only_bos,126d07fbfc029fe51efd266368ef3a8cccc910d9
015,2026-05-29,Ituri,deaths_incare_24h,,,6,,,only_bos,126d07fbfc029fe51efd266368ef3a8cccc910d9
016,2026-05-30,Ituri,deaths_incare_24h,,,7,,,only_bos,126d07fbfc029fe51efd266368ef3a8cccc910d9
017,2026-05-31,Ituri,deaths_incare_24h,,,11,,,only_bos,126d07fbfc029fe51efd266368ef3a8cccc910d9
018,2026-06-01,Ituri,deaths_incare_24h,,,7,,,only_bos,126d07fbfc029fe51efd266368ef3a8cccc910d9
018,2026-06-01,Nord-Kivu,deaths_incare_24h,,,0,,,only_bos,126d07fbfc029fe51efd266368ef3a8cccc910d9
018,2026-06-01,Sud-Kivu,deaths_incare_24h,,,0,,,only_bos,126d07fbfc029fe51efd266368ef3a8cccc910d9
063,2026-07-16,Ituri,deaths_incare_24h,,,21,,,only_bos,126d07fbfc029fe51efd266368ef3a8cccc910d9
063,2026-07-16,Nord-Kivu,deaths_incare_24h,,,2,,,only_bos,126d07fbfc029fe51efd266368ef3a8cccc910d9
063,2026-07-16,Tshopo,deaths_incare_24h,,,1,,,only_bos,126d07fbfc029fe51efd266368ef3a8cccc910d9
081,2026-08-03,Nord-Kivu,deaths_incare_24h,,2,2,,,only_bos,126d07fbfc029fe51efd266368ef3a8cccc910d9
082,2026-08-04,Ituri,deaths_incare_24h,,,18,,,only_bos,126d07fbfc029fe51efd266368ef3a8cccc910d9
082,2026-08-04,Nord-Kivu,deaths_incare_24h,,6,6,,,only_bos,126d07fbfc029fe51efd266368ef3a8cccc910d9
082,2026-08-04,Tshopo,deaths_incare_24h,,,0,,,only_bos,126d07fbfc029fe51efd266368ef3a8cccc910d9
083,2026-08-05,Nord-Kivu,deaths_incare_24h,,5,5,,,only_bos,126d07fbfc029fe51efd266368ef3a8cccc910d9
085,2026-08-07,Nord-Kivu,deaths_incare_24h,,8,8,,,only_bos,126d07fbfc029fe51efd266368ef3a8cccc910d9
086,2026-08-08,Nord-Kivu,deaths_incare_24h,,6,6,,,only_bos,126d07fbfc029fe51efd266368ef3a8cccc910d9
087,2026-08-09,Nord-Kivu,deaths_incare_24h,,5,5,,,only_bos,126d07fbfc029fe51efd266368ef3a8cccc910d9
088,2026-08-10,Nord-Kivu,deaths_incare_24h,,7,7,,,only_bos,126d07fbfc029fe51efd266368ef3a8cccc910d9
089,2026-08-11,Nord-Kivu,deaths_incare_24h,,6,6,,,only_bos,126d07fbfc029fe51efd266368ef3a8cccc910d9
090,2026-08-12,Nord-Kivu,deaths_incare_24h,,10,10,,,only_bos,126d07fbfc029fe51efd266368ef3a8cccc910d9
091,2026-08-13,Haut-Uele,deaths_incare_24h,,,2,,,only_bos,126d07fbfc029fe51efd266368ef3a8cccc910d9
091,2026-08-13,Nord-Kivu,deaths_incare_24h,,3,3,,,only_bos,126d07fbfc029fe51efd266368ef3a8cccc910d9
092,2026-08-14,Nord-Kivu,deaths_incare_24h,,2,2,,,only_bos,126d07fbfc029fe51efd266368ef3a8cccc910d9
093,2026-08-15,Ituri,deaths_incare_24h,,23,23,,,only_bos,126d07fbfc029fe51efd266368ef3a8cccc910d9
093,2026-08-15,Nord-Kivu,deaths_incare_24h,,,5,,,only_bos,126d07fbfc029fe51efd266368ef3a8cccc910d9
094,2026-08-16,Tshopo,deaths_incare_24h,,1,1,,,only_bos,126d07fbfc029fe51efd266368ef3a8cccc910d9
095,2026-08-17,Haut-Uele,deaths_incare_24h,,,0,,,only_bos,126d07fbfc029fe51efd266368ef3a8cccc910d9
095,2026-08-17,Nord-Kivu,deaths_incare_24h,,1,1,,,only_bos,126d07fbfc029fe51efd266368ef3a8cccc910d9
098,2026-08-20,Tshopo,deaths_incare_24h,,,1,,,only_bos,126d07fbfc029fe51efd266368ef3a8cccc910d9
112,2026-09-03,Haut-Uele,deaths_incare_24h,,2,2,,,only_bos,126d07fbfc029fe51efd266368ef3a8cccc910d9
112,2026-09-03,Tshopo,deaths_incare_24h,,,0,,,only_bos,126d07fbfc029fe51efd266368ef3a8cccc910d9
120,2026-09-11,Tshopo,deaths_incare_24h,,,1,,,only_bos,126d07fbfc029fe51efd266368ef3a8cccc910d9
124,2026-09-15,Bas-Uele,deaths_incare_24h,,1,,,,only_bos,126d07fbfc029fe51efd266368ef3a8cccc910d9
127,2026-09-18,Tshopo,deaths_incare_24h,,,0,,,only_bos,126d07fbfc029fe51efd266368ef3a8cccc910d9
128,2026-09-19,Tshopo,deaths_incare_24h,,1,1,,,only_bos,126d07fbfc029fe51efd266368ef3a8cccc910d9
013,2026-05-27,Ituri,discharges_24h,,,10,,,only_bos,126d07fbfc029fe51efd266368ef3a8cccc910d9
013,2026-05-27,Nord-Kivu,discharges_24h,,,0,,,only_bos,126d07fbfc029fe51efd266368ef3a8cccc910d9
015,2026-05-29,Ituri,discharges_24h,,,21,,,only_bos,126d07fbfc029fe51efd266368ef3a8cccc910d9
016,2026-05-30,Ituri,discharges_24h,,,12,,,only_bos,126d07fbfc029fe51efd266368ef3a8cccc910d9
017,2026-05-31,Ituri,discharges_24h,,,18,,,only_bos,126d07fbfc029fe51efd266368ef3a8cccc910d9
018,2026-06-01,Ituri,discharges_24h,,,10,,,only_bos,126d07fbfc029fe51efd266368ef3a8cccc910d9
018,2026-06-01,Nord-Kivu,discharges_24h,,,3,,,only_bos,126d07fbfc029fe51efd266368ef3a8cccc910d9
018,2026-06-01,Sud-Kivu,discharges_24h,,,2,,,only_bos,126d07fbfc029fe51efd266368ef3a8cccc910d9
019,2026-06-02,Ituri,discharges_24h,,,27,,,only_bos,126d07fbfc029fe51efd266368ef3a8cccc910d9
019,2026-06-02,Nord-Kivu,discharges_24h,,,1,,,only_bos,126d07fbfc029fe51efd266368ef3a8cccc910d9
019,2026-06-02,Sud-Kivu,discharges_24h,,,0,,,only_bos,126d07fbfc029fe51efd266368ef3a8cccc910d9
020,2026-06-03,Ituri,discharges_24h,,,35,,,only_bos,126d07fbfc029fe51efd266368ef3a8cccc910d9
020,2026-06-03,Nord-Kivu,discharges_24h,,,1,,,only_bos,126d07fbfc029fe51efd266368ef3a8cccc910d9
020,2026-06-03,Sud-Kivu,discharges_24h,,,1,,,only_bos,126d07fbfc029fe51efd266368ef3a8cccc910d9
021,2026-06-04,Ituri,discharges_24h,,,37,,,only_bos,126d07fbfc029fe51efd266368ef3a8cccc910d9
021,2026-06-04,Nord-Kivu,discharges_24h,,,0,,,only_bos,126d07fbfc029fe51efd266368ef3a8cccc910d9
021,2026-06-04,Sud-Kivu,discharges_24h,,,0,,,only_bos,126d07fbfc029fe51efd266368ef3a8cccc910d9
022,2026-06-05,Ituri,discharges_24h,,,22,,,only_bos,126d07fbfc029fe51efd266368ef3a8cccc910d9
022,2026-06-05,Nord-Kivu,discharges_24h,,,0,,,only_bos,126d07fbfc029fe51efd266368ef3a8cccc910d9
022,2026-06-05,Sud-Kivu,discharges_24h,,,0,,,only_bos,126d07fbfc029fe51efd266368ef3a8cccc910d9
023,2026-06-06,Ituri,discharges_24h,,,26,,,only_bos,126d07fbfc029fe51efd266368ef3a8cccc910d9
023,2026-06-06,Nord-Kivu,discharges_24h,,,1,,,only_bos,126d07fbfc029fe51efd266368ef3a8cccc910d9
023,2026-06-06,Sud-Kivu,discharges_24h,,,0,,,only_bos,126d07fbfc029fe51efd266368ef3a8cccc910d9
024,2026-06-07,Ituri,discharges_24h,,,31,,,only_bos,126d07fbfc029fe51efd266368ef3a8cccc910d9
024,2026-06-07,Nord-Kivu,discharges_24h,,,4,,,only_bos,126d07fbfc029fe51efd266368ef3a8cccc910d9
024,2026-06-07,Sud-Kivu,discharges_24h,,,0,,,only_bos,126d07fbfc029fe51efd266368ef3a8cccc910d9
025,2026-06-08,Ituri,discharges_24h,,,47,,,only_bos,126d07fbfc029fe51efd266368ef3a8cccc910d9
025,2026-06-08,Nord-Kivu,discharges_24h,,,0,,,only_bos,126d07fbfc029fe51efd266368ef3a8cccc910d9
025,2026-06-08,Sud-Kivu,discharges_24h,,,0,,,only_bos,126d07fbfc029fe51efd266368ef3a8cccc910d9
026,2026-06-09,Ituri,discharges_24h,,,39,,,only_bos,126d07fbfc029fe51efd266368ef3a8cccc910d9
026,2026-06-09,Nord-Kivu,discharges_24h,,,0,,,only_bos,126d07fbfc029fe51efd266368ef3a8cccc910d9
026,2026-06-09,Sud-Kivu,discharges_24h,,,0,,,only_bos,126d07fbfc029fe51efd266368ef3a8cccc910d9
027,2026-06-10,Ituri,discharges_24h,,,26,,,only_bos,126d07fbfc029fe51efd266368ef3a8cccc910d9
027,2026-06-10,Nord-Kivu,discharges_24h,,,0,,,only_bos,126d07fbfc029fe51efd266368ef3a8cccc910d9
027,2026-06-10,Sud-Kivu,discharges_24h,,,0,,,only_bos,126d07fbfc029fe51efd266368ef3a8cccc910d9
028,2026-06-11,Ituri,discharges_24h,,,22,,,only_bos,126d07fbfc029fe51efd266368ef3a8cccc910d9
028,2026-06-11,Nord-Kivu,discharges_24h,,,0,,,only_bos,126d07fbfc029fe51efd266368ef3a8cccc910d9
028,2026-06-11,Sud-Kivu,discharges_24h,,,5,,,only_bos,126d07fbfc029fe51efd266368ef3a8cccc910d9
030,2026-06-13,Ituri,discharges_24h,,,30,,,only_bos,126d07fbfc029fe51efd266368ef3a8cccc910d9
030,2026-06-13,Nord-Kivu,discharges_24h,,,0,,,only_bos,126d07fbfc029fe51efd266368ef3a8cccc910d9
030,2026-06-13,Sud-Kivu,discharges_24h,,,6,,,only_bos,126d07fbfc029fe51efd266368ef3a8cccc910d9
031,2026-06-14,Ituri,discharges_24h,,,43,,,only_bos,126d07fbfc029fe51efd266368ef3a8cccc910d9
031,2026-06-14,Nord-Kivu,discharges_24h,,,6,,,only_bos,126d07fbfc029fe51efd266368ef3a8cccc910d9
031,2026-06-14,Sud-Kivu,discharges_24h,,,3,,,only_bos,126d07fbfc029fe51efd266368ef3a8cccc910d9
032,2026-06-15,Ituri,discharges_24h,,,38,,,only_bos,126d07fbfc029fe51efd266368ef3a8cccc910d9
032,2026-06-15,Nord-Kivu,discharges_24h,,,6,,,only_bos,126d07fbfc029fe51efd266368ef3a8cccc910d9
032,2026-06-15,Sud-Kivu,discharges_24h,,,3,,,only_bos,126d07fbfc029fe51efd266368ef3a8cccc910d9
033,2026-06-16,Ituri,discharges_24h,,,50,,,only_bos,126d07fbfc029fe51efd266368ef3a8cccc910d9
033,2026-06-16,Nord-Kivu,discharges_24h,,,10,,,only_bos,126d07fbfc029fe51efd266368ef3a8cccc910d9
033,2026-06-16,Sud-Kivu,discharges_24h,,,4,,,only_bos,126d07fbfc029fe51efd266368ef3a8cccc910d9
034,2026-06-17,Ituri,discharges_24h,,,36,,,only_bos,126d07fbfc029fe51efd266368ef3a8cccc910d9
034,2026-06-17,Nord-Kivu,discharges_24h,,,4,,,only_bos,126d07fbfc029fe51efd266368ef3a8cccc910d9
035,2026-06-18,Ituri,discharges_24h,,,39,,,only_bos,126d07fbfc029fe51efd266368ef3a8cccc910d9
035,2026-06-18,Nord-Kivu,discharges_24h,,,0,,,only_bos,126d07fbfc029fe51efd266368ef3a8cccc910d9
035,2026-06-18,Sud-Kivu,discharges_24h,,,13,,,only_bos,126d07fbfc029fe51efd266368ef3a8cccc910d9
036,2026-06-19,Ituri,discharges_24h,,,38,,,only_bos,126d07fbfc029fe51efd266368ef3a8cccc910d9
036,2026-06-19,Nord-Kivu,discharges_24h,,,8,,,only_bos,126d07fbfc029fe51efd266368ef3a8cccc910d9
037,2026-06-20,Ituri,discharges_24h,,,67,,,only_bos,126d07fbfc029fe51efd266368ef3a8cccc910d9
037,2026-06-20,Nord-Kivu,discharges_24h,,,6,,,only_bos,126d07fbfc029fe51efd266368ef3a8cccc910d9
037,2026-06-20,Sud-Kivu,discharges_24h,,,2,,,only_bos,126d07fbfc029fe51efd266368ef3a8cccc910d9
038,2026-06-21,Ituri,discharges_24h,,,56,,,only_bos,126d07fbfc029fe51efd266368ef3a8cccc910d9
038,2026-06-21,Nord-Kivu,discharges_24h,,,3,,,only_bos,126d07fbfc029fe51efd266368ef3a8cccc910d9
038,2026-06-21,Sud-Kivu,discharges_24h,,,0,,,only_bos,126d07fbfc029fe51efd266368ef3a8cccc910d9
039,2026-06-22,Ituri,discharges_24h,,,34,,,only_bos,126d07fbfc029fe51efd266368ef3a8cccc910d9
039,2026-06-22,Nord-Kivu,discharges_24h,,,7,,,only_bos,126d07fbfc029fe51efd266368ef3a8cccc910d9
039,2026-06-22,Sud-Kivu,discharges_24h,,,0,,,only_bos,126d07fbfc029fe51efd266368ef3a8cccc910d9
040,2026-06-23,Ituri,discharges_24h,,,30,,,only_bos,126d07fbfc029fe51efd266368ef3a8cccc910d9
040,2026-06-23,Nord-Kivu,discharges_24h,,,5,,,only_bos,126d07fbfc029fe51efd266368ef3a8cccc910d9
040,2026-06-23,Sud-Kivu,discharges_24h,,,5,,,only_bos,126d07fbfc029fe51efd266368ef3a8cccc910d9
041,2026-06-24,Ituri,discharges_24h,,,68,,,only_bos,126d07fbfc029fe51efd266368ef3a8cccc910d9
041,2026-06-24,Nord-Kivu,discharges_24h,,,5,,,only_bos,126d07fbfc029fe51efd266368ef3a8cccc910d9
041,2026-06-24,Sud-Kivu,discharges_24h,,,5,,,only_bos,126d07fbfc029fe51efd266368ef3a8cccc910d9
042,2026-06-25,Ituri,discharges_24h,,,39,,,only_bos,126d07fbfc029fe51efd266368ef3a8cccc910d9
042,2026-06-25,Nord-Kivu,discharges_24h,,,0,,,only_bos,126d07fbfc029fe51efd266368ef3a8cccc910d9
042,2026-06-25,Sud-Kivu,discharges_24h,,,0,,,only_bos,126d07fbfc029fe51efd266368ef3a8cccc910d9
044,2026-06-27,Ituri,discharges_24h,,,45,,,only_bos,126d07fbfc029fe51efd266368ef3a8cccc910d9
044,2026-06-27,Nord-Kivu,discharges_24h,,,11,,,only_bos,126d07fbfc029fe51efd266368ef3a8cccc910d9
044,2026-06-27,Sud-Kivu,discharges_24h,,,0,,,only_bos,126d07fbfc029fe51efd266368ef3a8cccc910d9
046,2026-06-29,Ituri,discharges_24h,,,50,,,only_bos,126d07fbfc029fe51efd266368ef3a8cccc910d9
046,2026-06-29,Nord-Kivu,discharges_24h,,,7,,,only_bos,126d07fbfc029fe51efd266368ef3a8cccc910d9
046,2026-06-29,Sud-Kivu,discharges_24h,,,6,,,only_bos,126d07fbfc029fe51efd266368ef3a8cccc910d9
049,2026-07-02,Ituri,discharges_24h,,,76,,,only_bos,126d07fbfc029fe51efd266368ef3a8cccc910d9
049,2026-07-02,Nord-Kivu,discharges_24h,,,9,,,only_bos,126d07fbfc029fe51efd266368ef3a8cccc910d9
049,2026-07-02,Sud-Kivu,discharges_24h,,,3,,,only_bos,126d07fbfc029fe51efd266368ef3a8cccc910d9
052,2026-07-05,Ituri,discharges_24h,,,64,,,only_bos,126d07fbfc029fe51efd266368ef3a8cccc910d9
052,2026-07-05,Nord-Kivu,discharges_24h,,,18,,,only_bos,126d07fbfc029fe51efd266368ef3a8cccc910d9
052,2026-07-05,Sud-Kivu,discharges_24h,,,6,,,only_bos,126d07fbfc029fe51efd266368ef3a8cccc910d9
053,2026-07-06,Ituri,discharges_24h,,,46,,,only_bos,126d07fbfc029fe51efd266368ef3a8cccc910d9
053,2026-07-06,Nord-Kivu,discharges_24h,,,56,,,only_bos,126d07fbfc029fe51efd266368ef3a8cccc910d9
053,2026-07-06,Sud-Kivu,discharges_24h,,,0,,,only_bos,126d07fbfc029fe51efd266368ef3a8cccc910d9
054,2026-07-07,Ituri,discharges_24h,,,58,,,only_bos,126d07fbfc029fe51efd266368ef3a8cccc910d9
054,2026-07-07,Nord-Kivu,discharges_24h,,,4,,,only_bos,126d07fbfc029fe51efd266368ef3a8cccc910d9
054,2026-07-07,Sud-Kivu,discharges_24h,,,0,,,only_bos,126d07fbfc029fe51efd266368ef3a8cccc910d9
055,2026-07-08,Ituri,discharges_24h,,,82,,,only_bos,126d07fbfc029fe51efd266368ef3a8cccc910d9
055,2026-07-08,Nord-Kivu,discharges_24h,,,40,,,only_bos,126d07fbfc029fe51efd266368ef3a8cccc910d9
055,2026-07-08,Sud-Kivu,discharges_24h,,,16,,,only_bos,126d07fbfc029fe51efd266368ef3a8cccc910d9
056,2026-07-09,Ituri,discharges_24h,,,47,,,only_bos,126d07fbfc029fe51efd266368ef3a8cccc910d9
056,2026-07-09,Nord-Kivu,discharges_24h,,,7,,,only_bos,126d07fbfc029fe51efd266368ef3a8cccc910d9
056,2026-07-09,Sud-Kivu,discharges_24h,,,8,,,only_bos,126d07fbfc029fe51efd266368ef3a8cccc910d9
058,2026-07-11,Ituri,discharges_24h,,,76,,,only_bos,126d07fbfc029fe51efd266368ef3a8cccc910d9
058,2026-07-11,Nord-Kivu,discharges_24h,,,34,,,only_bos,126d07fbfc029fe51efd266368ef3a8cccc910d9
058,2026-07-11,Sud-Kivu,discharges_24h,,,0,,,only_bos,126d07fbfc029fe51efd266368ef3a8cccc910d9
059,2026-07-12,Ituri,discharges_24h,,,70,,,only_bos,126d07fbfc029fe51efd266368ef3a8cccc910d9
059,2026-07-12,Nord-Kivu,discharges_24h,,,15,,,only_bos,126d07fbfc029fe51efd266368ef3a8cccc910d9
059,2026-07-12,Sud-Kivu,discharges_24h,,,23,,,only_bos,126d07fbfc029fe51efd266368ef3a8cccc910d9
060,2026-07-13,Haut-Uele,discharges_24h,,,0,,,only_bos,126d07fbfc029fe51efd266368ef3a8cccc910d9
060,2026-07-13,Ituri,discharges_24h,,,70,,,only_bos,126d07fbfc029fe51efd266368ef3a8cccc910d9
060,2026-07-13,Nord-Kivu,discharges_24h,,,15,,,only_bos,126d07fbfc029fe51efd266368ef3a8cccc910d9
060,2026-07-13,Sud-Kivu,discharges_24h,,,7,,,only_bos,126d07fbfc029fe51efd266368ef3a8cccc910d9
061,2026-07-14,Ituri,discharges_24h,,,77,,,only_bos,126d07fbfc029fe51efd266368ef3a8cccc910d9
061,2026-07-14,Nord-Kivu,discharges_24h,,,13,,,only_bos,126d07fbfc029fe51efd266368ef3a8cccc910d9
061,2026-07-14,Tshopo,discharges_24h,,,1,,,only_bos,126d07fbfc029fe51efd266368ef3a8cccc910d9
062,2026-07-15,Ituri,discharges_24h,,,79,,,only_bos,126d07fbfc029fe51efd266368ef3a8cccc910d9
062,2026-07-15,Nord-Kivu,discharges_24h,,,38,,,only_bos,126d07fbfc029fe51efd266368ef3a8cccc910d9
062,2026-07-15,Tshopo,discharges_24h,,,0,,,only_bos,126d07fbfc029fe51efd266368ef3a8cccc910d9
063,2026-07-16,Ituri,discharges_24h,,,79,,,only_bos,126d07fbfc029fe51efd266368ef3a8cccc910d9
063,2026-07-16,Nord-Kivu,discharges_24h,,,39,,,only_bos,126d07fbfc029fe51efd266368ef3a8cccc910d9
063,2026-07-16,Tshopo,discharges_24h,,,2,,,only_bos,126d07fbfc029fe51efd266368ef3a8cccc910d9
064,2026-07-17,Ituri,discharges_24h,,,80,,,only_bos,126d07fbfc029fe51efd266368ef3a8cccc910d9
064,2026-07-17,Nord-Kivu,discharges_24h,,,38,,,only_bos,126d07fbfc029fe51efd266368ef3a8cccc910d9
065,2026-07-18,Ituri,discharges_24h,,,72,,,only_bos,126d07fbfc029fe51efd266368ef3a8cccc910d9
065,2026-07-18,Nord-Kivu,discharges_24h,,,32,,,only_bos,126d07fbfc029fe51efd266368ef3a8cccc910d9
065,2026-07-18,Tshopo,discharges_24h,,,0,,,only_bos,126d07fbfc029fe51efd266368ef3a8cccc910d9
066,2026-07-19,Ituri,discharges_24h,,,60,,,only_bos,126d07fbfc029fe51efd266368ef3a8cccc910d9
066,2026-07-19,Nord-Kivu,discharges_24h,,,34,,,only_bos,126d07fbfc029fe51efd266368ef3a8cccc910d9
067,2026-07-20,Ituri,discharges_24h,,,98,,,only_bos,126d07fbfc029fe51efd266368ef3a8cccc910d9
067,2026-07-20,Nord-Kivu,discharges_24h,,,45,,,only_bos,126d07fbfc029fe51efd266368ef3a8cccc910d9
068,2026-07-21,Ituri,discharges_24h,,,68,,,only_bos,126d07fbfc029fe51efd266368ef3a8cccc910d9
068,2026-07-21,Nord-Kivu,discharges_24h,,,18,,,only_bos,126d07fbfc029fe51efd266368ef3a8cccc910d9
069,2026-07-22,Ituri,discharges_24h,,,96,,,only_bos,126d07fbfc029fe51efd266368ef3a8cccc910d9
069,2026-07-22,Nord-Kivu,discharges_24h,,,50,,,only_bos,126d07fbfc029fe51efd266368ef3a8cccc910d9
069,2026-07-22,Tshopo,discharges_24h,,,0,,,only_bos,126d07fbfc029fe51efd266368ef3a8cccc910d9
070,2026-07-23,Ituri,discharges_24h,,,88,,,only_bos,126d07fbfc029fe51efd266368ef3a8cccc910d9
070,2026-07-23,Nord-Kivu,discharges_24h,,,39,,,only_bos,126d07fbfc029fe51efd266368ef3a8cccc910d9
070,2026-07-23,Tshopo,discharges_24h,,,0,,,only_bos,126d07fbfc029fe51efd266368ef3a8cccc910d9
071,2026-07-24,Ituri,discharges_24h,,,73,,,only_bos,126d07fbfc029fe51efd266368ef3a8cccc910d9
071,2026-07-24,Nord-Kivu,discharges_24h,,,41,,,only_bos,126d07fbfc029fe51efd266368ef3a8cccc910d9
072,2026-07-25,Ituri,discharges_24h,,,76,,,only_bos,126d07fbfc029fe51efd266368ef3a8cccc910d9
072,2026-07-25,Nord-Kivu,discharges_24h,,,45,,,only_bos,126d07fbfc029fe51efd266368ef3a8cccc910d9
073,2026-07-26,Ituri,discharges_24h,,,63,,,only_bos,126d07fbfc029fe51efd266368ef3a8cccc910d9
073,2026-07-26,Nord-Kivu,discharges_24h,,,21,,,only_bos,126d07fbfc029fe51efd266368ef3a8cccc910d9
074,2026-07-27,Ituri,discharges_24h,,,86,,,only_bos,126d07fbfc029fe51efd266368ef3a8cccc910d9
074,2026-07-27,Nord-Kivu,discharges_24h,,,40,,,only_bos,126d07fbfc029fe51efd266368ef3a8cccc910d9
077,2026-07-30,Haut-Uele,discharges_24h,,,0,,,only_bos,126d07fbfc029fe51efd266368ef3a8cccc910d9
077,2026-07-30,Ituri,discharges_24h,,,88,,,only_bos,126d07fbfc029fe51efd266368ef3a8cccc910d9
077,2026-07-30,Nord-Kivu,discharges_24h,,,70,,,only_bos,126d07fbfc029fe51efd266368ef3a8cccc910d9
077,2026-07-30,Tshopo,discharges_24h,,,0,,,only_bos,126d07fbfc029fe51efd266368ef3a8cccc910d9
078,2026-07-31,Ituri,discharges_24h,,,66,,,only_bos,126d07fbfc029fe51efd266368ef3a8cccc910d9
078,2026-07-31,Nord-Kivu,discharges_24h,,,40,,,only_bos,126d07fbfc029fe51efd266368ef3a8cccc910d9
078,2026-07-31,Tshopo,discharges_24h,,,0,,,only_bos,126d07fbfc029fe51efd266368ef3a8cccc910d9
079,2026-08-01,Haut-Uele,discharges_24h,,,4,,,only_bos,126d07fbfc029fe51efd266368ef3a8cccc910d9
079,2026-08-01,Ituri,discharges_24h,,,110,,,only_bos,126d07fbfc029fe51efd266368ef3a8cccc910d9
079,2026-08-01,Nord-Kivu,discharges_24h,,,44,,,only_bos,126d07fbfc029fe51efd266368ef3a8cccc910d9
079,2026-08-01,Tshopo,discharges_24h,,,0,,,only_bos,126d07fbfc029fe51efd266368ef3a8cccc910d9
080,2026-08-02,Haut-Uele,discharges_24h,,,4,,,only_bos,126d07fbfc029fe51efd266368ef3a8cccc910d9
080,2026-08-02,Ituri,discharges_24h,,,78,,,only_bos,126d07fbfc029fe51efd266368ef3a8cccc910d9
080,2026-08-02,Nord-Kivu,discharges_24h,,,35,,,only_bos,126d07fbfc029fe51efd266368ef3a8cccc910d9
080,2026-08-02,Sud-Kivu,discharges_24h,,,19,,,only_bos,126d07fbfc029fe51efd266368ef3a8cccc910d9
081,2026-08-03,Ituri,discharges_24h,,,75,,,only_bos,126d07fbfc029fe51efd266368ef3a8cccc910d9
081,2026-08-03,Nord-Kivu,discharges_24h,,9,11,,,only_bos,126d07fbfc029fe51efd266368ef3a8cccc910d9
082,2026-08-04,Ituri,discharges_24h,,,86,,,only_bos,126d07fbfc029fe51efd266368ef3a8cccc910d9
082,2026-08-04,Nord-Kivu,discharges_24h,,58,66,,,only_bos,126d07fbfc029fe51efd266368ef3a8cccc910d9
082,2026-08-04,Tshopo,discharges_24h,,,0,,,only_bos,126d07fbfc029fe51efd266368ef3a8cccc910d9
083,2026-08-05,Nord-Kivu,discharges_24h,,,39,,,only_bos,126d07fbfc029fe51efd266368ef3a8cccc910d9
083,2026-08-05,Tshopo,discharges_24h,,,1,,,only_bos,126d07fbfc029fe51efd266368ef3a8cccc910d9
085,2026-08-07,Ituri,discharges_24h,,73,73,,,only_bos,126d07fbfc029fe51efd266368ef3a8cccc910d9
086,2026-08-08,Ituri,discharges_24h,,82,82,,,only_bos,126d07fbfc029fe51efd266368ef3a8cccc910d9
087,2026-08-09,Ituri,discharges_24h,,75,75,,,only_bos,126d07fbfc029fe51efd266368ef3a8cccc910d9
088,2026-08-10,Ituri,discharges_24h,,63,63,,,only_bos,126d07fbfc029fe51efd266368ef3a8cccc910d9
089,2026-08-11,Nord-Kivu,discharges_24h,,,8,,,only_bos,126d07fbfc029fe51efd266368ef3a8cccc910d9
090,2026-08-12,Nord-Kivu,discharges_24h,,,51,,,only_bos,126d07fbfc029fe51efd266368ef3a8cccc910d9
091,2026-08-13,Nord-Kivu,discharges_24h,,34,34,,,only_bos,126d07fbfc029fe51efd266368ef3a8cccc910d9
092,2026-08-14,Ituri,discharges_24h,,83,83,,,only_bos,126d07fbfc029fe51efd266368ef3a8cccc910d9
092,2026-08-14,Nord-Kivu,discharges_24h,,42,42,,,only_bos,126d07fbfc029fe51efd266368ef3a8cccc910d9
093,2026-08-15,Ituri,discharges_24h,,116,116,,,only_bos,126d07fbfc029fe51efd266368ef3a8cccc910d9
093,2026-08-15,Nord-Kivu,discharges_24h,,,42,,,only_bos,126d07fbfc029fe51efd266368ef3a8cccc910d9
094,2026-08-16,Ituri,discharges_24h,,98,98,,,only_bos,126d07fbfc029fe51efd266368ef3a8cccc910d9
094,2026-08-16,Nord-Kivu,discharges_24h,,48,48,,,only_bos,126d07fbfc029fe51efd266368ef3a8cccc910d9
094,2026-08-16,Tshopo,discharges_24h,,4,5,,,only_bos,126d07fbfc029fe51efd266368ef3a8cccc910d9
095,2026-08-17,Haut-Uele,discharges_24h,,,3,,,only_bos,126d07fbfc029fe51efd266368ef3a8cccc910d9
095,2026-08-17,Ituri,discharges_24h,,120,120,,,only_bos,126d07fbfc029fe51efd266368ef3a8cccc910d9
095,2026-08-17,Nord-Kivu,discharges_24h,,12,12,,,only_bos,126d07fbfc029fe51efd266368ef3a8cccc910d9
096,2026-08-18,Ituri,discharges_24h,,95,95,,,only_bos,126d07fbfc029fe51efd266368ef3a8cccc910d9
096,2026-08-18,Nord-Kivu,discharges_24h,,40,40,,,only_bos,126d07fbfc029fe51efd266368ef3a8cccc910d9
097,2026-08-19,Ituri,discharges_24h,,129,129,,,only_bos,126d07fbfc029fe51efd266368ef3a8cccc910d9
097,2026-08-19,Nord-Kivu,discharges_24h,,55,55,,,only_bos,126d07fbfc029fe51efd266368ef3a8cccc910d9
098,2026-08-20,Ituri,discharges_24h,,116,116,,,only_bos,126d07fbfc029fe51efd266368ef3a8cccc910d9
098,2026-08-20,Nord-Kivu,discharges_24h,,60,60,,,only_bos,126d07fbfc029fe51efd266368ef3a8cccc910d9
099,2026-08-21,Haut-Uele,discharges_24h,,,2,,,only_bos,126d07fbfc029fe51efd266368ef3a8cccc910d9
099,2026-08-21,Ituri,discharges_24h,,115,115,,,only_bos,126d07fbfc029fe51efd266368ef3a8cccc910d9
099,2026-08-21,Nord-Kivu,discharges_24h,,59,59,,,only_bos,126d07fbfc029fe51efd266368ef3a8cccc910d9
099,2026-08-21,Tshopo,discharges_24h,,1,1,,,only_bos,126d07fbfc029fe51efd266368ef3a8cccc910d9
100,2026-08-22,Ituri,discharges_24h,,87,87,,,only_bos,126d07fbfc029fe51efd266368ef3a8cccc910d9
100,2026-08-22,Nord-Kivu,discharges_24h,,28,28,,,only_bos,126d07fbfc029fe51efd266368ef3a8cccc910d9
100,2026-08-22,Tshopo,discharges_24h,,1,1,,,only_bos,126d07fbfc029fe51efd266368ef3a8cccc910d9
101,2026-08-23,Haut-Uele,discharges_24h,,8,8,,,only_bos,126d07fbfc029fe51efd266368ef3a8cccc910d9
101,2026-08-23,Ituri,discharges_24h,,91,91,,,only_bos,126d07fbfc029fe51efd266368ef3a8cccc910d9
101,2026-08-23,Nord-Kivu,discharges_24h,,17,17,,,only_bos,126d07fbfc029fe51efd266368ef3a8cccc910d9
101,2026-08-23,Tshopo,discharges_24h,,1,1,,,only_bos,126d07fbfc029fe51efd266368ef3a8cccc910d9
102,2026-08-24,Haut-Uele,discharges_24h,,3,3,,,only_bos,126d07fbfc029fe51efd266368ef3a8cccc910d9
102,2026-08-24,Ituri,discharges_24h,,109,109,,,only_bos,126d07fbfc029fe51efd266368ef3a8cccc910d9
102,2026-08-24,Nord-Kivu,discharges_24h,,35,35,,,only_bos,126d07fbfc029fe51efd266368ef3a8cccc910d9
103,2026-08-25,Haut-Uele,discharges_24h,,6,6,,,only_bos,126d07fbfc029fe51efd266368ef3a8cccc910d9
103,2026-08-25,Ituri,discharges_24h,,97,97,,,only_bos,126d07fbfc029fe51efd266368ef3a8cccc910d9
103,2026-08-25,Nord-Kivu,discharges_24h,,37,37,,,only_bos,126d07fbfc029fe51efd266368ef3a8cccc910d9
104,2026-08-26,Haut-Uele,discharges_24h,,15,15,,,only_bos,126d07fbfc029fe51efd266368ef3a8cccc910d9
104,2026-08-26,Ituri,discharges_24h,,85,85,,,only_bos,126d07fbfc029fe51efd266368ef3a8cccc910d9
104,2026-08-26,Nord-Kivu,discharges_24h,,33,33,,,only_bos,126d07fbfc029fe51efd266368ef3a8cccc910d9
105,2026-08-27,Ituri,discharges_24h,,105,105,,,only_bos,126d07fbfc029fe51efd266368ef3a8cccc910d9
105,2026-08-27,Nord-Kivu,discharges_24h,,42,42,,,only_bos,126d07fbfc029fe51efd266368ef3a8cccc910d9
106,2026-08-28,Haut-Uele,discharges_24h,,7,7,,,only_bos,126d07fbfc029fe51efd266368ef3a8cccc910d9
106,2026-08-28,Ituri,discharges_24h,,97,97,,,only_bos,126d07fbfc029fe51efd266368ef3a8cccc910d9
106,2026-08-28,Nord-Kivu,discharges_24h,,64,64,,,only_bos,126d07fbfc029fe51efd266368ef3a8cccc910d9
106,2026-08-28,Tshopo,discharges_24h,,4,4,,,only_bos,126d07fbfc029fe51efd266368ef3a8cccc910d9
107,2026-08-29,Haut-Uele,discharges_24h,,9,9,,,only_bos,126d07fbfc029fe51efd266368ef3a8cccc910d9
107,2026-08-29,Ituri,discharges_24h,,119,119,,,only_bos,126d07fbfc029fe51efd266368ef3a8cccc910d9
107,2026-08-29,Tshopo,discharges_24h,,4,4,,,only_bos,126d07fbfc029fe51efd266368ef3a8cccc910d9
108,2026-08-30,Ituri,discharges_24h,,81,81,,,only_bos,126d07fbfc029fe51efd266368ef3a8cccc910d9
108,2026-08-30,Nord-Kivu,discharges_24h,,54,54,,,only_bos,126d07fbfc029fe51efd266368ef3a8cccc910d9
108,2026-08-30,Tshopo,discharges_24h,,,7,,,only_bos,126d07fbfc029fe51efd266368ef3a8cccc910d9
109,2026-08-31,Ituri,discharges_24h,,82,82,,,only_bos,126d07fbfc029fe51efd266368ef3a8cccc910d9
109,2026-08-31,Nord-Kivu,discharges_24h,,54,54,,,only_bos,126d07fbfc029fe51efd266368ef3a8cccc910d9
110,2026-09-01,Ituri,discharges_24h,,87,87,,,only_bos,126d07fbfc029fe51efd266368ef3a8cccc910d9
110,2026-09-01,Nord-Kivu,discharges_24h,,62,62,,,only_bos,126d07fbfc029fe51efd266368ef3a8cccc910d9
110,2026-09-01,Tshopo,discharges_24h,,3,3,,,only_bos,126d07fbfc029fe51efd266368ef3a8cccc910d9
111,2026-09-02,Ituri,discharges_24h,,106,106,,,only_bos,126d07fbfc029fe51efd266368ef3a8cccc910d9
111,2026-09-02,Nord-Kivu,discharges_24h,,50,50,,,only_bos,126d07fbfc029fe51efd266368ef3a8cccc910d9
112,2026-09-03,Haut-Uele,discharges_24h,,7,7,,,only_bos,126d07fbfc029fe51efd266368ef3a8cccc910d9
112,2026-09-03,Ituri,discharges_24h,,66,66,,,only_bos,126d07fbfc029fe51efd266368ef3a8cccc910d9
112,2026-09-03,Nord-Kivu,discharges_24h,,78,78,,,only_bos,126d07fbfc029fe51efd266368ef3a8cccc910d9
112,2026-09-03,Tshopo,discharges_24h,,,1,,,only_bos,126d07fbfc029fe51efd266368ef3a8cccc910d9
113,2026-09-04,Haut-Uele,discharges_24h,,7,7,,,only_bos,126d07fbfc029fe51efd266368ef3a8cccc910d9
113,2026-09-04,Ituri,discharges_24h,,110,110,,,only_bos,126d07fbfc029fe51efd266368ef3a8cccc910d9
113,2026-09-04,Nord-Kivu,discharges_24h,,58,58,,,only_bos,126d07fbfc029fe51efd266368ef3a8cccc910d9
113,2026-09-04,Sud-Kivu,discharges_24h,,0,0,,,only_bos,126d07fbfc029fe51efd266368ef3a8cccc910d9
113,2026-09-04,Tshopo,discharges_24h,,1,1,,,only_bos,126d07fbfc029fe51efd266368ef3a8cccc910d9
114,2026-09-05,Haut-Uele,discharges_24h,,7,7,,,only_bos,126d07fbfc029fe51efd266368ef3a8cccc910d9
114,2026-09-05,Ituri,discharges_24h,,85,85,,,only_bos,126d07fbfc029fe51efd266368ef3a8cccc910d9
114,2026-09-05,Nord-Kivu,discharges_24h,,38,38,,,only_bos,126d07fbfc029fe51efd266368ef3a8cccc910d9
114,2026-09-05,Tshopo,discharges_24h,,,2,,,only_bos,126d07fbfc029fe51efd266368ef3a8cccc910d9
115,2026-09-06,Haut-Uele,discharges_24h,,6,6,,,only_bos,126d07fbfc029fe51efd266368ef3a8cccc910d9
115,2026-09-06,Ituri,discharges_24h,,79,79,,,only_bos,126d07fbfc029fe51efd266368ef3a8cccc910d9
115,2026-09-06,Nord-Kivu,discharges_24h,,58,58,,,only_bos,126d07fbfc029fe51efd266368ef3a8cccc910d9
115,2026-09-06,Tshopo,discharges_24h,,,2,,,only_bos,126d07fbfc029fe51efd266368ef3a8cccc910d9
116,2026-09-07,Haut-Uele,discharges_24h,,6,6,,,only_bos,126d07fbfc029fe51efd266368ef3a8cccc910d9
116,2026-09-07,Ituri,discharges_24h,,88,88,,,only_bos,126d07fbfc029fe51efd266368ef3a8cccc910d9
116,2026-09-07,Nord-Kivu,discharges_24h,,91,91,,,only_bos,126d07fbfc029fe51efd266368ef3a8cccc910d9
116,2026-09-07,Tshopo,discharges_24h,,,3,,,only_bos,126d07fbfc029fe51efd266368ef3a8cccc910d9
117,2026-09-08,Haut-Uele,discharges_24h,,16,16,,,only_bos,126d07fbfc029fe51efd266368ef3a8cccc910d9
117,2026-09-08,Ituri,discharges_24h,,89,89,,,only_bos,126d07fbfc029fe51efd266368ef3a8cccc910d9
117,2026-09-08,Nord-Kivu,discharges_24h,,55,55,,,only_bos,126d07fbfc029fe51efd266368ef3a8cccc910d9
117,2026-09-08,Sud-Kivu,discharges_24h,,1,1,,,only_bos,126d07fbfc029fe51efd266368ef3a8cccc910d9
117,2026-09-08,Tshopo,discharges_24h,,0,0,,,only_bos,126d07fbfc029fe51efd266368ef3a8cccc910d9
118,2026-09-09,Haut-Uele,discharges_24h,,16,16,,,only_bos,126d07fbfc029fe51efd266368ef3a8cccc910d9
118,2026-09-09,Ituri,discharges_24h,,106,106,,,only_bos,126d07fbfc029fe51efd266368ef3a8cccc910d9
118,2026-09-09,Nord-Kivu,discharges_24h,,68,68,,,only_bos,126d07fbfc029fe51efd266368ef3a8cccc910d9
118,2026-09-09,Tshopo,discharges_24h,,4,4,,,only_bos,126d07fbfc029fe51efd266368ef3a8cccc910d9
119,2026-09-10,Haut-Uele,discharges_24h,,1,1,,,only_bos,126d07fbfc029fe51efd266368ef3a8cccc910d9
119,2026-09-10,Ituri,discharges_24h,,104,104,,,only_bos,126d07fbfc029fe51efd266368ef3a8cccc910d9
119,2026-09-10,Nord-Kivu,discharges_24h,,75,75,,,only_bos,126d07fbfc029fe51efd266368ef3a8cccc910d9
119,2026-09-10,Tshopo,discharges_24h,,0,0,,,only_bos,126d07fbfc029fe51efd266368ef3a8cccc910d9
120,2026-09-11,Bas-Uele,discharges_24h,,1,,,,only_bos,126d07fbfc029fe51efd266368ef3a8cccc910d9
120,2026-09-11,Haut-Uele,discharges_24h,,10,10,,,only_bos,126d07fbfc029fe51efd266368ef3a8cccc910d9
120,2026-09-11,Ituri,discharges_24h,,77,77,,,only_bos,126d07fbfc029fe51efd266368ef3a8cccc910d9
120,2026-09-11,Nord-Kivu,discharges_24h,,121,121,,,only_bos,126d07fbfc029fe51efd266368ef3a8cccc910d9
120,2026-09-11,Tshopo,discharges_24h,,1,1,,,only_bos,126d07fbfc029fe51efd266368ef3a8cccc910d9
121,2026-09-12,Bas-Uele,discharges_24h,,2,,,,only_bos,126d07fbfc029fe51efd266368ef3a8cccc910d9
121,2026-09-12,Haut-Uele,discharges_24h,,9,9,,,only_bos,126d07fbfc029fe51efd266368ef3a8cccc910d9
121,2026-09-12,Ituri,discharges_24h,,88,88,,,only_bos,126d07fbfc029fe51efd266368ef3a8cccc910d9
121,2026-09-12,Nord-Kivu,discharges_24h,,60,60,,,only_bos,126d07fbfc029fe51efd266368ef3a8cccc910d9
121,2026-09-12,Sud-Kivu,discharges_24h,,0,,,,only_bos,126d07fbfc029fe51efd266368ef3a8cccc910d9
121,2026-09-12,Tshopo,discharges_24h,,3,3,,,only_bos,126d07fbfc029fe51efd266368ef3a8cccc910d9
122,2026-09-13,Bas-Uele,discharges_24h,,1,,,,only_bos,126d07fbfc029fe51efd266368ef3a8cccc910d9
122,2026-09-13,Haut-Uele,discharges_24h,,3,3,,,only_bos,126d07fbfc029fe51efd266368ef3a8cccc910d9
122,2026-09-13,Ituri,discharges_24h,,88,88,,,only_bos,126d07fbfc029fe51efd266368ef3a8cccc910d9
122,2026-09-13,Nord-Kivu,discharges_24h,,53,53,,,only_bos,126d07fbfc029fe51efd266368ef3a8cccc910d9
122,2026-09-13,Tshopo,discharges_24h,,1,1,,,only_bos,126d07fbfc029fe51efd266368ef3a8cccc910d9
123,2026-09-14,Bas-Uele,discharges_24h,,1,,,,only_bos,126d07fbfc029fe51efd266368ef3a8cccc910d9
123,2026-09-14,Haut-Uele,discharges_24h,,15,15,,,only_bos,126d07fbfc029fe51efd266368ef3a8cccc910d9
123,2026-09-14,Ituri,discharges_24h,,81,81,,,only_bos,126d07fbfc029fe51efd266368ef3a8cccc910d9
123,2026-09-14,Nord-Kivu,discharges_24h,,79,79,,,only_bos,126d07fbfc029fe51efd266368ef3a8cccc910d9
123,2026-09-14,Tshopo,discharges_24h,,5,5,,,only_bos,126d07fbfc029fe51efd266368ef3a8cccc910d9
124,2026-09-15,Bas-Uele,discharges_24h,,1,,,,only_bos,126d07fbfc029fe51efd266368ef3a8cccc910d9
124,2026-09-15,Haut-Uele,discharges_24h,,17,17,,,only_bos,126d07fbfc029fe51efd266368ef3a8cccc910d9
124,2026-09-15,Ituri,discharges_24h,,103,103,,,only_bos,126d07fbfc029fe51efd266368ef3a8cccc910d9
124,2026-09-15,Nord-Kivu,discharges_24h,,93,93,,,only_bos,126d07fbfc029fe51efd266368ef3a8cccc910d9
124,2026-09-15,Tshopo,discharges_24h,,0,0,,,only_bos,126d07fbfc029fe51efd266368ef3a8cccc910d9
125,2026-09-16,Bas-Uele,discharges_24h,,1,,,,only_bos,126d07fbfc029fe51efd266368ef3a8cccc910d9
125,2026-09-16,Haut-Uele,discharges_24h,,2,2,,,only_bos,126d07fbfc029fe51efd266368ef3a8cccc910d9
125,2026-09-16,Ituri,discharges_24h,,107,107,,,only_bos,126d07fbfc029fe51efd266368ef3a8cccc910d9
125,2026-09-16,Nord-Kivu,discharges_24h,,60,60,,,only_bos,126d07fbfc029fe51efd266368ef3a8cccc910d9
125,2026-09-16,Sud-Kivu,discharges_24h,,5,5,,,only_bos,126d07fbfc029fe51efd266368ef3a8cccc910d9
125,2026-09-16,Tshopo,discharges_24h,,0,0,,,only_bos,126d07fbfc029fe51efd266368ef3a8cccc910d9
126,2026-09-17,Haut-Uele,discharges_24h,,17,17,,,only_bos,126d07fbfc029fe51efd266368ef3a8cccc910d9
126,2026-09-17,Ituri,discharges_24h,,84,84,,,only_bos,126d07fbfc029fe51efd266368ef3a8cccc910d9
126,2026-09-17,Nord-Kivu,discharges_24h,,95,95,,,only_bos,126d07fbfc029fe51efd266368ef3a8cccc910d9
126,2026-09-17,Tshopo,discharges_24h,,0,0,,,only_bos,126d07fbfc029fe51efd266368ef3a8cccc910d9
127,2026-09-18,Haut-Uele,discharges_24h,,16,16,,,only_bos,126d07fbfc029fe51efd266368ef3a8cccc910d9
127,2026-09-18,Ituri,discharges_24h,,98,98,,,only_bos,126d07fbfc029fe51efd266368ef3a8cccc910d9
127,2026-09-18,Nord-Kivu,discharges_24h,,69,69,,,only_bos,126d07fbfc029fe51efd266368ef3a8cccc910d9
127,2026-09-18,Tshopo,discharges_24h,,4,4,,,only_bos,126d07fbfc029fe51efd266368ef3a8cccc910d9
128,2026-09-19,Haut-Uele,discharges_24h,,7,7,,,only_bos,126d07fbfc029fe51efd266368ef3a8cccc910d9
128,2026-09-19,Ituri,discharges_24h,,74,74,,,only_bos,126d07fbfc029fe51efd266368ef3a8cccc910d9
128,2026-09-19,Nord-Kivu,discharges_24h,,63,63,,,only_bos,126d07fbfc029fe51efd266368ef3a8cccc910d9
128,2026-09-19,Tshopo,discharges_24h,,2,2,,,only_bos,126d07fbfc029fe51efd266368ef3a8cccc910d9
129,2026-09-20,Bas-Uele,discharges_24h,,0,0,,,only_bos,126d07fbfc029fe51efd266368ef3a8cccc910d9
129,2026-09-20,Haut-Uele,discharges_24h,,10,10,,,only_bos,126d07fbfc029fe51efd266368ef3a8cccc910d9
129,2026-09-20,Ituri,discharges_24h,,73,73,,,only_bos,126d07fbfc029fe51efd266368ef3a8cccc910d9
129,2026-09-20,Nord-Kivu,discharges_24h,,123,123,,,only_bos,126d07fbfc029fe51efd266368ef3a8cccc910d9
129,2026-09-20,Tshopo,discharges_24h,,0,0,,,only_bos,126d07fbfc029fe51efd266368ef3a8cccc910d9
130,2026-09-21,Bas-Uele,discharges_24h,,0,0,,,only_bos,126d07fbfc029fe51efd266368ef3a8cccc910d9
130,2026-09-21,Haut-Uele,discharges_24h,,6,6,,,only_bos,126d07fbfc029fe51efd266368ef3a8cccc910d9
130,2026-09-21,Ituri,discharges_24h,,102,102,,,only_bos,126d07fbfc029fe51efd266368ef3a8cccc910d9
130,2026-09-21,Nord-Kivu,discharges_24h,,70,70,,,only_bos,126d07fbfc029fe51efd266368ef3a8cccc910d9
130,2026-09-21,Tshopo,discharges_24h,,,3,,,only_bos,126d07fbfc029fe51efd266368ef3a8cccc910d9
131,2026-09-22,Bas-Uele,discharges_24h,,,0,,,only_bos,126d07fbfc029fe51efd266368ef3a8cccc910d9
131,2026-09-22,Haut-Uele,discharges_24h,,6,6,,,only_bos,126d07fbfc029fe51efd266368ef3a8cccc910d9
131,2026-09-22,Ituri,discharges_24h,,73,73,,,only_bos,126d07fbfc029fe51efd266368ef3a8cccc910d9
131,2026-09-22,Nord-Kivu,discharges_24h,,56,56,,,only_bos,126d07fbfc029fe51efd266368ef3a8cccc910d9
131,2026-09-22,Tshopo,discharges_24h,,1,1,,,only_bos,126d07fbfc029fe51efd266368ef3a8cccc910d9
132,2026-09-23,Bas-Uele,discharges_24h,,4,4,,,only_bos,126d07fbfc029fe51efd266368ef3a8cccc910d9
132,2026-09-23,Haut-Uele,discharges_24h,,3,3,,,only_bos,126d07fbfc029fe51efd266368ef3a8cccc910d9
132,2026-09-23,Ituri,discharges_24h,,46,46,,,only_bos,126d07fbfc029fe51efd266368ef3a8cccc910d9
132,2026-09-23,Nord-Kivu,discharges_24h,,67,67,,,only_bos,126d07fbfc029fe51efd266368ef3a8cccc910d9
132,2026-09-23,Tshopo,discharges_24h,,,0,,,only_bos,126d07fbfc029fe51efd266368ef3a8cccc910d9
133,2026-09-24,Bas-Uele,discharges_24h,,3,3,,,only_bos,126d07fbfc029fe51efd266368ef3a8cccc910d9
133,2026-09-24,Haut-Uele,discharges_24h,,5,5,,,only_bos,126d07fbfc029fe51efd266368ef3a8cccc910d9
133,2026-09-24,Ituri,discharges_24h,,117,117,,,only_bos,126d07fbfc029fe51efd266368ef3a8cccc910d9
133,2026-09-24,Nord-Kivu,discharges_24h,,79,79,,,only_bos,126d07fbfc029fe51efd266368ef3a8cccc910d9
133,2026-09-24,Tshopo,discharges_24h,,,2,,,only_bos,126d07fbfc029fe51efd266368ef3a8cccc910d9
134,2026-09-25,Bas-Uele,discharges_24h,,1,1,,,only_bos,126d07fbfc029fe51efd266368ef3a8cccc910d9
134,2026-09-25,Haut-Uele,discharges_24h,,5,5,,,only_bos,126d07fbfc029fe51efd266368ef3a8cccc910d9
134,2026-09-25,Ituri,discharges_24h,,79,79,,,only_bos,126d07fbfc029fe51efd266368ef3a8cccc910d9
134,2026-09-25,Nord-Kivu,discharges_24h,,68,68,,,only_bos,126d07fbfc029fe51efd266368ef3a8cccc910d9
134,2026-09-25,Tshopo,discharges_24h,,0,0,,,only_bos,126d07fbfc029fe51efd266368ef3a8cccc910d9
018,2026-06-01,Ituri,discharges_recovered,0,,0,,TRUE,all_agree,126d07fbfc029fe51efd266368ef3a8cccc910d9
018,2026-06-01,Nord-Kivu,discharges_recovered,0,,0,,TRUE,all_agree,126d07fbfc029fe51efd266368ef3a8cccc910d9
018,2026-06-01,Sud-Kivu,discharges_recovered,0,,0,,TRUE,all_agree,126d07fbfc029fe51efd266368ef3a8cccc910d9
020,2026-06-03,Ituri,discharges_recovered,0,,0,,TRUE,all_agree,126d07fbfc029fe51efd266368ef3a8cccc910d9
020,2026-06-03,Nord-Kivu,discharges_recovered,1,,1,,TRUE,all_agree,126d07fbfc029fe51efd266368ef3a8cccc910d9
020,2026-06-03,Sud-Kivu,discharges_recovered,0,,0,,TRUE,all_agree,126d07fbfc029fe51efd266368ef3a8cccc910d9
031,2026-06-14,Ituri,discharges_recovered,8,,8,,TRUE,all_agree,126d07fbfc029fe51efd266368ef3a8cccc910d9
031,2026-06-14,Nord-Kivu,discharges_recovered,0,,0,,TRUE,all_agree,126d07fbfc029fe51efd266368ef3a8cccc910d9
031,2026-06-14,Sud-Kivu,discharges_recovered,0,,0,,TRUE,all_agree,126d07fbfc029fe51efd266368ef3a8cccc910d9
032,2026-06-15,Ituri,discharges_recovered,1,,1,,TRUE,all_agree,126d07fbfc029fe51efd266368ef3a8cccc910d9
032,2026-06-15,Nord-Kivu,discharges_recovered,0,,0,,TRUE,all_agree,126d07fbfc029fe51efd266368ef3a8cccc910d9
032,2026-06-15,Sud-Kivu,discharges_recovered,0,,0,,TRUE,all_agree,126d07fbfc029fe51efd266368ef3a8cccc910d9
033,2026-06-16,Ituri,discharges_recovered,18,,18,,TRUE,all_agree,126d07fbfc029fe51efd266368ef3a8cccc910d9
033,2026-06-16,Nord-Kivu,discharges_recovered,0,,0,,TRUE,all_agree,126d07fbfc029fe51efd266368ef3a8cccc910d9
033,2026-06-16,Sud-Kivu,discharges_recovered,0,,0,,TRUE,all_agree,126d07fbfc029fe51efd266368ef3a8cccc910d9
034,2026-06-17,Ituri,discharges_recovered,11,,11,,TRUE,all_agree,126d07fbfc029fe51efd266368ef3a8cccc910d9
034,2026-06-17,Nord-Kivu,discharges_recovered,0,,0,,TRUE,all_agree,126d07fbfc029fe51efd266368ef3a8cccc910d9
035,2026-06-18,Ituri,discharges_recovered,2,,2,,TRUE,all_agree,126d07fbfc029fe51efd266368ef3a8cccc910d9
035,2026-06-18,Nord-Kivu,discharges_recovered,0,,0,,TRUE,all_agree,126d07fbfc029fe51efd266368ef3a8cccc910d9
035,2026-06-18,Sud-Kivu,discharges_recovered,0,,0,,TRUE,all_agree,126d07fbfc029fe51efd266368ef3a8cccc910d9
036,2026-06-19,Ituri,discharges_recovered,12,,12,,TRUE,all_agree,126d07fbfc029fe51efd266368ef3a8cccc910d9
036,2026-06-19,Nord-Kivu,discharges_recovered,0,,0,,TRUE,all_agree,126d07fbfc029fe51efd266368ef3a8cccc910d9
037,2026-06-20,Ituri,discharges_recovered,6,,6,,TRUE,all_agree,126d07fbfc029fe51efd266368ef3a8cccc910d9
037,2026-06-20,Nord-Kivu,discharges_recovered,0,,0,,TRUE,all_agree,126d07fbfc029fe51efd266368ef3a8cccc910d9
037,2026-06-20,Sud-Kivu,discharges_recovered,2,,2,,TRUE,all_agree,126d07fbfc029fe51efd266368ef3a8cccc910d9
038,2026-06-21,Ituri,discharges_recovered,9,,9,,TRUE,all_agree,126d07fbfc029fe51efd266368ef3a8cccc910d9
038,2026-06-21,Nord-Kivu,discharges_recovered,3,,3,,TRUE,all_agree,126d07fbfc029fe51efd266368ef3a8cccc910d9
038,2026-06-21,Sud-Kivu,discharges_recovered,0,,0,,TRUE,all_agree,126d07fbfc029fe51efd266368ef3a8cccc910d9
039,2026-06-22,Ituri,discharges_recovered,3,,3,,TRUE,all_agree,126d07fbfc029fe51efd266368ef3a8cccc910d9
039,2026-06-22,Nord-Kivu,discharges_recovered,0,,0,,TRUE,all_agree,126d07fbfc029fe51efd266368ef3a8cccc910d9
039,2026-06-22,Sud-Kivu,discharges_recovered,0,,0,,TRUE,all_agree,126d07fbfc029fe51efd266368ef3a8cccc910d9
040,2026-06-23,Ituri,discharges_recovered,7,,7,,TRUE,all_agree,126d07fbfc029fe51efd266368ef3a8cccc910d9
040,2026-06-23,Nord-Kivu,discharges_recovered,0,,0,,TRUE,all_agree,126d07fbfc029fe51efd266368ef3a8cccc910d9
040,2026-06-23,Sud-Kivu,discharges_recovered,0,,0,,TRUE,all_agree,126d07fbfc029fe51efd266368ef3a8cccc910d9
041,2026-06-24,Ituri,discharges_recovered,16,,16,,TRUE,all_agree,126d07fbfc029fe51efd266368ef3a8cccc910d9
041,2026-06-24,Nord-Kivu,discharges_recovered,0,,0,,TRUE,all_agree,126d07fbfc029fe51efd266368ef3a8cccc910d9
041,2026-06-24,Sud-Kivu,discharges_recovered,0,,0,,TRUE,all_agree,126d07fbfc029fe51efd266368ef3a8cccc910d9
042,2026-06-25,Ituri,discharges_recovered,10,,10,,TRUE,all_agree,126d07fbfc029fe51efd266368ef3a8cccc910d9
042,2026-06-25,Nord-Kivu,discharges_recovered,0,,0,,TRUE,all_agree,126d07fbfc029fe51efd266368ef3a8cccc910d9
042,2026-06-25,Sud-Kivu,discharges_recovered,0,,0,,TRUE,all_agree,126d07fbfc029fe51efd266368ef3a8cccc910d9
044,2026-06-27,Ituri,discharges_recovered,15,,15,,TRUE,all_agree,126d07fbfc029fe51efd266368ef3a8cccc910d9
044,2026-06-27,Nord-Kivu,discharges_recovered,0,,0,,TRUE,all_agree,126d07fbfc029fe51efd266368ef3a8cccc910d9
044,2026-06-27,Sud-Kivu,discharges_recovered,0,,0,,TRUE,all_agree,126d07fbfc029fe51efd266368ef3a8cccc910d9
046,2026-06-29,Ituri,discharges_recovered,6,,6,,TRUE,all_agree,126d07fbfc029fe51efd266368ef3a8cccc910d9
046,2026-06-29,Nord-Kivu,discharges_recovered,3,,3,,TRUE,all_agree,126d07fbfc029fe51efd266368ef3a8cccc910d9
046,2026-06-29,Sud-Kivu,discharges_recovered,0,,0,,TRUE,all_agree,126d07fbfc029fe51efd266368ef3a8cccc910d9
049,2026-07-02,Ituri,discharges_recovered,15,,15,,TRUE,all_agree,126d07fbfc029fe51efd266368ef3a8cccc910d9
049,2026-07-02,Nord-Kivu,discharges_recovered,1,,1,,TRUE,all_agree,126d07fbfc029fe51efd266368ef3a8cccc910d9
049,2026-07-02,Sud-Kivu,discharges_recovered,0,,0,,TRUE,all_agree,126d07fbfc029fe51efd266368ef3a8cccc910d9
052,2026-07-05,Ituri,discharges_recovered,20,,20,,TRUE,all_agree,126d07fbfc029fe51efd266368ef3a8cccc910d9
052,2026-07-05,Nord-Kivu,discharges_recovered,0,,0,,TRUE,all_agree,126d07fbfc029fe51efd266368ef3a8cccc910d9
052,2026-07-05,Sud-Kivu,discharges_recovered,0,,0,,TRUE,all_agree,126d07fbfc029fe51efd266368ef3a8cccc910d9
053,2026-07-06,Ituri,discharges_recovered,7,,7,,TRUE,all_agree,126d07fbfc029fe51efd266368ef3a8cccc910d9
053,2026-07-06,Nord-Kivu,discharges_recovered,0,,0,,TRUE,all_agree,126d07fbfc029fe51efd266368ef3a8cccc910d9
053,2026-07-06,Sud-Kivu,discharges_recovered,0,,0,,TRUE,all_agree,126d07fbfc029fe51efd266368ef3a8cccc910d9
054,2026-07-07,Ituri,discharges_recovered,5,,5,,TRUE,all_agree,126d07fbfc029fe51efd266368ef3a8cccc910d9
054,2026-07-07,Nord-Kivu,discharges_recovered,0,,0,,TRUE,all_agree,126d07fbfc029fe51efd266368ef3a8cccc910d9
054,2026-07-07,Sud-Kivu,discharges_recovered,0,,0,,TRUE,all_agree,126d07fbfc029fe51efd266368ef3a8cccc910d9
055,2026-07-08,Ituri,discharges_recovered,8,,8,,TRUE,all_agree,126d07fbfc029fe51efd266368ef3a8cccc910d9
055,2026-07-08,Nord-Kivu,discharges_recovered,2,,2,,TRUE,all_agree,126d07fbfc029fe51efd266368ef3a8cccc910d9
055,2026-07-08,Sud-Kivu,discharges_recovered,0,,0,,TRUE,all_agree,126d07fbfc029fe51efd266368ef3a8cccc910d9
056,2026-07-09,Ituri,discharges_recovered,4,,4,,TRUE,all_agree,126d07fbfc029fe51efd266368ef3a8cccc910d9
056,2026-07-09,Nord-Kivu,discharges_recovered,1,,1,,TRUE,all_agree,126d07fbfc029fe51efd266368ef3a8cccc910d9
056,2026-07-09,Sud-Kivu,discharges_recovered,0,,0,,TRUE,all_agree,126d07fbfc029fe51efd266368ef3a8cccc910d9
057,2026-07-10,Ituri,discharges_recovered,6,,,,,only_ours,126d07fbfc029fe51efd266368ef3a8cccc910d9
057,2026-07-10,Nord-Kivu,discharges_recovered,0,,,,,only_ours,126d07fbfc029fe51efd266368ef3a8cccc910d9
057,2026-07-10,Sud-Kivu,discharges_recovered,0,,,,,only_ours,126d07fbfc029fe51efd266368ef3a8cccc910d9
058,2026-07-11,Ituri,discharges_recovered,12,,12,,TRUE,all_agree,126d07fbfc029fe51efd266368ef3a8cccc910d9
058,2026-07-11,Nord-Kivu,discharges_recovered,0,,0,,TRUE,all_agree,126d07fbfc029fe51efd266368ef3a8cccc910d9
058,2026-07-11,Sud-Kivu,discharges_recovered,0,,0,,TRUE,all_agree,126d07fbfc029fe51efd266368ef3a8cccc910d9
059,2026-07-12,Ituri,discharges_recovered,13,,13,,TRUE,all_agree,126d07fbfc029fe51efd266368ef3a8cccc910d9
059,2026-07-12,Nord-Kivu,discharges_recovered,2,,2,,TRUE,all_agree,126d07fbfc029fe51efd266368ef3a8cccc910d9
059,2026-07-12,Sud-Kivu,discharges_recovered,0,,0,,TRUE,all_agree,126d07fbfc029fe51efd266368ef3a8cccc910d9
060,2026-07-13,Haut-Uele,discharges_recovered,0,,0,,TRUE,all_agree,126d07fbfc029fe51efd266368ef3a8cccc910d9
060,2026-07-13,Ituri,discharges_recovered,13,,13,,TRUE,all_agree,126d07fbfc029fe51efd266368ef3a8cccc910d9
060,2026-07-13,Nord-Kivu,discharges_recovered,2,,2,,TRUE,all_agree,126d07fbfc029fe51efd266368ef3a8cccc910d9
060,2026-07-13,Sud-Kivu,discharges_recovered,0,,0,,TRUE,all_agree,126d07fbfc029fe51efd266368ef3a8cccc910d9
061,2026-07-14,Ituri,discharges_recovered,13,,13,,TRUE,all_agree,126d07fbfc029fe51efd266368ef3a8cccc910d9
061,2026-07-14,Nord-Kivu,discharges_recovered,2,,2,,TRUE,all_agree,126d07fbfc029fe51efd266368ef3a8cccc910d9
061,2026-07-14,Tshopo,discharges_recovered,0,,0,,TRUE,all_agree,126d07fbfc029fe51efd266368ef3a8cccc910d9
062,2026-07-15,Ituri,discharges_recovered,13,,13,,TRUE,all_agree,126d07fbfc029fe51efd266368ef3a8cccc910d9
062,2026-07-15,Nord-Kivu,discharges_recovered,0,,0,,TRUE,all_agree,126d07fbfc029fe51efd266368ef3a8cccc910d9
062,2026-07-15,Tshopo,discharges_recovered,0,,0,,TRUE,all_agree,126d07fbfc029fe51efd266368ef3a8cccc910d9
064,2026-07-17,Ituri,discharges_recovered,32,,32,,TRUE,all_agree,126d07fbfc029fe51efd266368ef3a8cccc910d9
064,2026-07-17,Nord-Kivu,discharges_recovered,0,,0,,TRUE,all_agree,126d07fbfc029fe51efd266368ef3a8cccc910d9
065,2026-07-18,Ituri,discharges_recovered,21,,21,,TRUE,all_agree,126d07fbfc029fe51efd266368ef3a8cccc910d9
065,2026-07-18,Nord-Kivu,discharges_recovered,1,,1,,TRUE,all_agree,126d07fbfc029fe51efd266368ef3a8cccc910d9
065,2026-07-18,Tshopo,discharges_recovered,0,,0,,TRUE,all_agree,126d07fbfc029fe51efd266368ef3a8cccc910d9
066,2026-07-19,Ituri,discharges_recovered,3,,3,,TRUE,all_agree,126d07fbfc029fe51efd266368ef3a8cccc910d9
066,2026-07-19,Nord-Kivu,discharges_recovered,0,,0,,TRUE,all_agree,126d07fbfc029fe51efd266368ef3a8cccc910d9
067,2026-07-20,Ituri,discharges_recovered,13,,13,,TRUE,all_agree,126d07fbfc029fe51efd266368ef3a8cccc910d9
067,2026-07-20,Nord-Kivu,discharges_recovered,0,,0,,TRUE,all_agree,126d07fbfc029fe51efd266368ef3a8cccc910d9
068,2026-07-21,Ituri,discharges_recovered,23,,23,,TRUE,all_agree,126d07fbfc029fe51efd266368ef3a8cccc910d9
068,2026-07-21,Nord-Kivu,discharges_recovered,1,,1,,TRUE,all_agree,126d07fbfc029fe51efd266368ef3a8cccc910d9
069,2026-07-22,Ituri,discharges_recovered,12,,12,,TRUE,all_agree,126d07fbfc029fe51efd266368ef3a8cccc910d9
069,2026-07-22,Nord-Kivu,discharges_recovered,1,,1,,TRUE,all_agree,126d07fbfc029fe51efd266368ef3a8cccc910d9
069,2026-07-22,Tshopo,discharges_recovered,0,,0,,TRUE,all_agree,126d07fbfc029fe51efd266368ef3a8cccc910d9
070,2026-07-23,Ituri,discharges_recovered,20,,20,,TRUE,all_agree,126d07fbfc029fe51efd266368ef3a8cccc910d9
070,2026-07-23,Nord-Kivu,discharges_recovered,1,,1,,TRUE,all_agree,126d07fbfc029fe51efd266368ef3a8cccc910d9
070,2026-07-23,Tshopo,discharges_recovered,0,,0,,TRUE,all_agree,126d07fbfc029fe51efd266368ef3a8cccc910d9
071,2026-07-24,Ituri,discharges_recovered,12,,12,,TRUE,all_agree,126d07fbfc029fe51efd266368ef3a8cccc910d9
071,2026-07-24,Nord-Kivu,discharges_recovered,4,,4,,TRUE,all_agree,126d07fbfc029fe51efd266368ef3a8cccc910d9
071,2026-07-24,Tshopo,discharges_recovered,0,,,,,only_ours,126d07fbfc029fe51efd266368ef3a8cccc910d9
072,2026-07-25,Ituri,discharges_recovered,13,,13,,TRUE,all_agree,126d07fbfc029fe51efd266368ef3a8cccc910d9
072,2026-07-25,Nord-Kivu,discharges_recovered,2,,2,,TRUE,all_agree,126d07fbfc029fe51efd266368ef3a8cccc910d9
073,2026-07-26,Ituri,discharges_recovered,11,,11,,TRUE,all_agree,126d07fbfc029fe51efd266368ef3a8cccc910d9
073,2026-07-26,Nord-Kivu,discharges_recovered,1,,1,,TRUE,all_agree,126d07fbfc029fe51efd266368ef3a8cccc910d9
074,2026-07-27,Ituri,discharges_recovered,13,,13,,TRUE,all_agree,126d07fbfc029fe51efd266368ef3a8cccc910d9
074,2026-07-27,Nord-Kivu,discharges_recovered,1,,1,,TRUE,all_agree,126d07fbfc029fe51efd266368ef3a8cccc910d9
077,2026-07-30,Haut-Uele,discharges_recovered,0,,0,,TRUE,all_agree,126d07fbfc029fe51efd266368ef3a8cccc910d9
077,2026-07-30,Ituri,discharges_recovered,25,,25,,TRUE,all_agree,126d07fbfc029fe51efd266368ef3a8cccc910d9
077,2026-07-30,Nord-Kivu,discharges_recovered,0,,0,,TRUE,all_agree,126d07fbfc029fe51efd266368ef3a8cccc910d9
077,2026-07-30,Tshopo,discharges_recovered,0,,0,,TRUE,all_agree,126d07fbfc029fe51efd266368ef3a8cccc910d9
078,2026-07-31,Ituri,discharges_recovered,13,,13,,TRUE,all_agree,126d07fbfc029fe51efd266368ef3a8cccc910d9
078,2026-07-31,Nord-Kivu,discharges_recovered,2,,2,,TRUE,all_agree,126d07fbfc029fe51efd266368ef3a8cccc910d9
078,2026-07-31,Tshopo,discharges_recovered,0,,0,,TRUE,all_agree,126d07fbfc029fe51efd266368ef3a8cccc910d9
079,2026-08-01,Haut-Uele,discharges_recovered,0,,0,,TRUE,all_agree,126d07fbfc029fe51efd266368ef3a8cccc910d9
079,2026-08-01,Ituri,discharges_recovered,38,,38,,TRUE,all_agree,126d07fbfc029fe51efd266368ef3a8cccc910d9
079,2026-08-01,Nord-Kivu,discharges_recovered,4,,4,,TRUE,all_agree,126d07fbfc029fe51efd266368ef3a8cccc910d9
079,2026-08-01,Tshopo,discharges_recovered,0,,0,,TRUE,all_agree,126d07fbfc029fe51efd266368ef3a8cccc910d9
080,2026-08-02,Haut-Uele,discharges_recovered,0,,0,,TRUE,all_agree,126d07fbfc029fe51efd266368ef3a8cccc910d9
080,2026-08-02,Ituri,discharges_recovered,17,,17,,TRUE,all_agree,126d07fbfc029fe51efd266368ef3a8cccc910d9
080,2026-08-02,Nord-Kivu,discharges_recovered,2,,2,,TRUE,all_agree,126d07fbfc029fe51efd266368ef3a8cccc910d9
080,2026-08-02,Sud-Kivu,discharges_recovered,0,,0,,TRUE,all_agree,126d07fbfc029fe51efd266368ef3a8cccc910d9
019,2026-06-02,Ituri,escapes,11,,,,,only_ours,126d07fbfc029fe51efd266368ef3a8cccc910d9
019,2026-06-02,Nord-Kivu,escapes,0,,,,,only_ours,126d07fbfc029fe51efd266368ef3a8cccc910d9
019,2026-06-02,Sud-Kivu,escapes,0,,,,,only_ours,126d07fbfc029fe51efd266368ef3a8cccc910d9
020,2026-06-03,Ituri,escapes,19,,,,,only_ours,126d07fbfc029fe51efd266368ef3a8cccc910d9
020,2026-06-03,Nord-Kivu,escapes,0,,,,,only_ours,126d07fbfc029fe51efd266368ef3a8cccc910d9
020,2026-06-03,Sud-Kivu,escapes,1,,,,,only_ours,126d07fbfc029fe51efd266368ef3a8cccc910d9
021,2026-06-04,Ituri,escapes,14,,,,,only_ours,126d07fbfc029fe51efd266368ef3a8cccc910d9
021,2026-06-04,Nord-Kivu,escapes,0,,,,,only_ours,126d07fbfc029fe51efd266368ef3a8cccc910d9
021,2026-06-04,Sud-Kivu,escapes,0,,,,,only_ours,126d07fbfc029fe51efd266368ef3a8cccc910d9
022,2026-06-05,Ituri,escapes,10,,,,,only_ours,126d07fbfc029fe51efd266368ef3a8cccc910d9
022,2026-06-05,Nord-Kivu,escapes,0,,,,,only_ours,126d07fbfc029fe51efd266368ef3a8cccc910d9
022,2026-06-05,Sud-Kivu,escapes,0,,,,,only_ours,126d07fbfc029fe51efd266368ef3a8cccc910d9
023,2026-06-06,Ituri,escapes,6,,,,,only_ours,126d07fbfc029fe51efd266368ef3a8cccc910d9
023,2026-06-06,Nord-Kivu,escapes,0,,,,,only_ours,126d07fbfc029fe51efd266368ef3a8cccc910d9
023,2026-06-06,Sud-Kivu,escapes,0,,,,,only_ours,126d07fbfc029fe51efd266368ef3a8cccc910d9
024,2026-06-07,Ituri,escapes,10,,,,,only_ours,126d07fbfc029fe51efd266368ef3a8cccc910d9
024,2026-06-07,Nord-Kivu,escapes,0,,,,,only_ours,126d07fbfc029fe51efd266368ef3a8cccc910d9
024,2026-06-07,Sud-Kivu,escapes,0,,,,,only_ours,126d07fbfc029fe51efd266368ef3a8cccc910d9
025,2026-06-08,Ituri,escapes,12,,,,,only_ours,126d07fbfc029fe51efd266368ef3a8cccc910d9
025,2026-06-08,Nord-Kivu,escapes,0,,,,,only_ours,126d07fbfc029fe51efd266368ef3a8cccc910d9
025,2026-06-08,Sud-Kivu,escapes,0,,,,,only_ours,126d07fbfc029fe51efd266368ef3a8cccc910d9
026,2026-06-09,Ituri,escapes,9,,,,,only_ours,126d07fbfc029fe51efd266368ef3a8cccc910d9
026,2026-06-09,Nord-Kivu,escapes,0,,,,,only_ours,126d07fbfc029fe51efd266368ef3a8cccc910d9
026,2026-06-09,Sud-Kivu,escapes,0,,,,,only_ours,126d07fbfc029fe51efd266368ef3a8cccc910d9
027,2026-06-10,Ituri,escapes,3,,,,,only_ours,126d07fbfc029fe51efd266368ef3a8cccc910d9
027,2026-06-10,Nord-Kivu,escapes,0,,,,,only_ours,126d07fbfc029fe51efd266368ef3a8cccc910d9
027,2026-06-10,Sud-Kivu,escapes,0,,,,,only_ours,126d07fbfc029fe51efd266368ef3a8cccc910d9
028,2026-06-11,Ituri,escapes,4,,,,,only_ours,126d07fbfc029fe51efd266368ef3a8cccc910d9
028,2026-06-11,Nord-Kivu,escapes,0,,,,,only_ours,126d07fbfc029fe51efd266368ef3a8cccc910d9
028,2026-06-11,Sud-Kivu,escapes,0,,,,,only_ours,126d07fbfc029fe51efd266368ef3a8cccc910d9
030,2026-06-13,Ituri,escapes,0,,,,,only_ours,126d07fbfc029fe51efd266368ef3a8cccc910d9
030,2026-06-13,Nord-Kivu,escapes,0,,,,,only_ours,126d07fbfc029fe51efd266368ef3a8cccc910d9
030,2026-06-13,Sud-Kivu,escapes,0,,,,,only_ours,126d07fbfc029fe51efd266368ef3a8cccc910d9
031,2026-06-14,Ituri,escapes,1,,,,,only_ours,126d07fbfc029fe51efd266368ef3a8cccc910d9
031,2026-06-14,Nord-Kivu,escapes,0,,,,,only_ours,126d07fbfc029fe51efd266368ef3a8cccc910d9
031,2026-06-14,Sud-Kivu,escapes,0,,,,,only_ours,126d07fbfc029fe51efd266368ef3a8cccc910d9
032,2026-06-15,Ituri,escapes,6,,,,,only_ours,126d07fbfc029fe51efd266368ef3a8cccc910d9
032,2026-06-15,Nord-Kivu,escapes,0,,,,,only_ours,126d07fbfc029fe51efd266368ef3a8cccc910d9
032,2026-06-15,Sud-Kivu,escapes,0,,,,,only_ours,126d07fbfc029fe51efd266368ef3a8cccc910d9
033,2026-06-16,Ituri,escapes,1,,,,,only_ours,126d07fbfc029fe51efd266368ef3a8cccc910d9
033,2026-06-16,Nord-Kivu,escapes,0,,,,,only_ours,126d07fbfc029fe51efd266368ef3a8cccc910d9
033,2026-06-16,Sud-Kivu,escapes,0,,,,,only_ours,126d07fbfc029fe51efd266368ef3a8cccc910d9
034,2026-06-17,Ituri,escapes,3,,,,,only_ours,126d07fbfc029fe51efd266368ef3a8cccc910d9
034,2026-06-17,Nord-Kivu,escapes,0,,,,,only_ours,126d07fbfc029fe51efd266368ef3a8cccc910d9
035,2026-06-18,Ituri,escapes,2,,,,,only_ours,126d07fbfc029fe51efd266368ef3a8cccc910d9
035,2026-06-18,Nord-Kivu,escapes,0,,,,,only_ours,126d07fbfc029fe51efd266368ef3a8cccc910d9
035,2026-06-18,Sud-Kivu,escapes,0,,,,,only_ours,126d07fbfc029fe51efd266368ef3a8cccc910d9
036,2026-06-19,Ituri,escapes,5,,,,,only_ours,126d07fbfc029fe51efd266368ef3a8cccc910d9
036,2026-06-19,Nord-Kivu,escapes,0,,,,,only_ours,126d07fbfc029fe51efd266368ef3a8cccc910d9
037,2026-06-20,Ituri,escapes,6,,,,,only_ours,126d07fbfc029fe51efd266368ef3a8cccc910d9
037,2026-06-20,Nord-Kivu,escapes,0,,,,,only_ours,126d07fbfc029fe51efd266368ef3a8cccc910d9
037,2026-06-20,Sud-Kivu,escapes,0,,,,,only_ours,126d07fbfc029fe51efd266368ef3a8cccc910d9
038,2026-06-21,Ituri,escapes,4,,,,,only_ours,126d07fbfc029fe51efd266368ef3a8cccc910d9
038,2026-06-21,Nord-Kivu,escapes,0,,,,,only_ours,126d07fbfc029fe51efd266368ef3a8cccc910d9
038,2026-06-21,Sud-Kivu,escapes,0,,,,,only_ours,126d07fbfc029fe51efd266368ef3a8cccc910d9
039,2026-06-22,Ituri,escapes,1,,,,,only_ours,126d07fbfc029fe51efd266368ef3a8cccc910d9
039,2026-06-22,Nord-Kivu,escapes,0,,,,,only_ours,126d07fbfc029fe51efd266368ef3a8cccc910d9
039,2026-06-22,Sud-Kivu,escapes,0,,,,,only_ours,126d07fbfc029fe51efd266368ef3a8cccc910d9
040,2026-06-23,Ituri,escapes,0,,,,,only_ours,126d07fbfc029fe51efd266368ef3a8cccc910d9
040,2026-06-23,Nord-Kivu,escapes,0,,,,,only_ours,126d07fbfc029fe51efd266368ef3a8cccc910d9
040,2026-06-23,Sud-Kivu,escapes,0,,,,,only_ours,126d07fbfc029fe51efd266368ef3a8cccc910d9
041,2026-06-24,Ituri,escapes,1,,,,,only_ours,126d07fbfc029fe51efd266368ef3a8cccc910d9
041,2026-06-24,Nord-Kivu,escapes,0,,,,,only_ours,126d07fbfc029fe51efd266368ef3a8cccc910d9
041,2026-06-24,Sud-Kivu,escapes,0,,,,,only_ours,126d07fbfc029fe51efd266368ef3a8cccc910d9
042,2026-06-25,Ituri,escapes,1,,,,,only_ours,126d07fbfc029fe51efd266368ef3a8cccc910d9
042,2026-06-25,Nord-Kivu,escapes,0,,,,,only_ours,126d07fbfc029fe51efd266368ef3a8cccc910d9
042,2026-06-25,Sud-Kivu,escapes,0,,,,,only_ours,126d07fbfc029fe51efd266368ef3a8cccc910d9
044,2026-06-27,Ituri,escapes,1,,,,,only_ours,126d07fbfc029fe51efd266368ef3a8cccc910d9
044,2026-06-27,Nord-Kivu,escapes,0,,,,,only_ours,126d07fbfc029fe51efd266368ef3a8cccc910d9
044,2026-06-27,Sud-Kivu,escapes,0,,,,,only_ours,126d07fbfc029fe51efd266368ef3a8cccc910d9
046,2026-06-29,Ituri,escapes,3,,,,,only_ours,126d07fbfc029fe51efd266368ef3a8cccc910d9
046,2026-06-29,Nord-Kivu,escapes,2,,,,,only_ours,126d07fbfc029fe51efd266368ef3a8cccc910d9
046,2026-06-29,Sud-Kivu,escapes,0,,,,,only_ours,126d07fbfc029fe51efd266368ef3a8cccc910d9
049,2026-07-02,Ituri,escapes,1,,,,,only_ours,126d07fbfc029fe51efd266368ef3a8cccc910d9
049,2026-07-02,Nord-Kivu,escapes,0,,,,,only_ours,126d07fbfc029fe51efd266368ef3a8cccc910d9
049,2026-07-02,Sud-Kivu,escapes,0,,,,,only_ours,126d07fbfc029fe51efd266368ef3a8cccc910d9
052,2026-07-05,Ituri,escapes,3,,,,,only_ours,126d07fbfc029fe51efd266368ef3a8cccc910d9
052,2026-07-05,Nord-Kivu,escapes,1,,,,,only_ours,126d07fbfc029fe51efd266368ef3a8cccc910d9
052,2026-07-05,Sud-Kivu,escapes,0,,,,,only_ours,126d07fbfc029fe51efd266368ef3a8cccc910d9
053,2026-07-06,Ituri,escapes,1,,,,,only_ours,126d07fbfc029fe51efd266368ef3a8cccc910d9
053,2026-07-06,Nord-Kivu,escapes,2,,,,,only_ours,126d07fbfc029fe51efd266368ef3a8cccc910d9
053,2026-07-06,Sud-Kivu,escapes,0,,,,,only_ours,126d07fbfc029fe51efd266368ef3a8cccc910d9
054,2026-07-07,Ituri,escapes,9,,,,,only_ours,126d07fbfc029fe51efd266368ef3a8cccc910d9
054,2026-07-07,Nord-Kivu,escapes,0,,,,,only_ours,126d07fbfc029fe51efd266368ef3a8cccc910d9
054,2026-07-07,Sud-Kivu,escapes,0,,,,,only_ours,126d07fbfc029fe51efd266368ef3a8cccc910d9
055,2026-07-08,Ituri,escapes,7,,,,,only_ours,126d07fbfc029fe51efd266368ef3a8cccc910d9
055,2026-07-08,Nord-Kivu,escapes,0,,,,,only_ours,126d07fbfc029fe51efd266368ef3a8cccc910d9
055,2026-07-08,Sud-Kivu,escapes,0,,,,,only_ours,126d07fbfc029fe51efd266368ef3a8cccc910d9
056,2026-07-09,Ituri,escapes,4,,,,,only_ours,126d07fbfc029fe51efd266368ef3a8cccc910d9
056,2026-07-09,Nord-Kivu,escapes,0,,,,,only_ours,126d07fbfc029fe51efd266368ef3a8cccc910d9
056,2026-07-09,Sud-Kivu,escapes,0,,,,,only_ours,126d07fbfc029fe51efd266368ef3a8cccc910d9
057,2026-07-10,Ituri,escapes,9,,,,,only_ours,126d07fbfc029fe51efd266368ef3a8cccc910d9
057,2026-07-10,Nord-Kivu,escapes,0,,,,,only_ours,126d07fbfc029fe51efd266368ef3a8cccc910d9
057,2026-07-10,Sud-Kivu,escapes,0,,,,,only_ours,126d07fbfc029fe51efd266368ef3a8cccc910d9
058,2026-07-11,Ituri,escapes,8,,,,,only_ours,126d07fbfc029fe51efd266368ef3a8cccc910d9
058,2026-07-11,Nord-Kivu,escapes,0,,,,,only_ours,126d07fbfc029fe51efd266368ef3a8cccc910d9
058,2026-07-11,Sud-Kivu,escapes,0,,,,,only_ours,126d07fbfc029fe51efd266368ef3a8cccc910d9
059,2026-07-12,Ituri,escapes,9,,,,,only_ours,126d07fbfc029fe51efd266368ef3a8cccc910d9
059,2026-07-12,Nord-Kivu,escapes,0,,,,,only_ours,126d07fbfc029fe51efd266368ef3a8cccc910d9
059,2026-07-12,Sud-Kivu,escapes,0,,,,,only_ours,126d07fbfc029fe51efd266368ef3a8cccc910d9
060,2026-07-13,Haut-Uele,escapes,0,,,,,only_ours,126d07fbfc029fe51efd266368ef3a8cccc910d9
060,2026-07-13,Ituri,escapes,9,,,,,only_ours,126d07fbfc029fe51efd266368ef3a8cccc910d9
060,2026-07-13,Nord-Kivu,escapes,0,,,,,only_ours,126d07fbfc029fe51efd266368ef3a8cccc910d9
060,2026-07-13,Sud-Kivu,escapes,0,,,,,only_ours,126d07fbfc029fe51efd266368ef3a8cccc910d9
061,2026-07-14,Ituri,escapes,12,,,,,only_ours,126d07fbfc029fe51efd266368ef3a8cccc910d9
061,2026-07-14,Nord-Kivu,escapes,0,,,,,only_ours,126d07fbfc029fe51efd266368ef3a8cccc910d9
061,2026-07-14,Tshopo,escapes,0,,,,,only_ours,126d07fbfc029fe51efd266368ef3a8cccc910d9
062,2026-07-15,Ituri,escapes,13,,,,,only_ours,126d07fbfc029fe51efd266368ef3a8cccc910d9
062,2026-07-15,Nord-Kivu,escapes,0,,,,,only_ours,126d07fbfc029fe51efd266368ef3a8cccc910d9
062,2026-07-15,Tshopo,escapes,0,,,,,only_ours,126d07fbfc029fe51efd266368ef3a8cccc910d9
064,2026-07-17,Ituri,escapes,10,,,,,only_ours,126d07fbfc029fe51efd266368ef3a8cccc910d9
064,2026-07-17,Nord-Kivu,escapes,1,,,,,only_ours,126d07fbfc029fe51efd266368ef3a8cccc910d9
065,2026-07-18,Ituri,escapes,4,,,,,only_ours,126d07fbfc029fe51efd266368ef3a8cccc910d9
065,2026-07-18,Nord-Kivu,escapes,0,,,,,only_ours,126d07fbfc029fe51efd266368ef3a8cccc910d9
065,2026-07-18,Tshopo,escapes,0,,,,,only_ours,126d07fbfc029fe51efd266368ef3a8cccc910d9
066,2026-07-19,Ituri,escapes,10,,,,,only_ours,126d07fbfc029fe51efd266368ef3a8cccc910d9
066,2026-07-19,Nord-Kivu,escapes,0,,,,,only_ours,126d07fbfc029fe51efd266368ef3a8cccc910d9
067,2026-07-20,Ituri,escapes,6,,,,,only_ours,126d07fbfc029fe51efd266368ef3a8cccc910d9
067,2026-07-20,Nord-Kivu,escapes,1,,,,,only_ours,126d07fbfc029fe51efd266368ef3a8cccc910d9
068,2026-07-21,Ituri,escapes,3,,,,,only_ours,126d07fbfc029fe51efd266368ef3a8cccc910d9
068,2026-07-21,Nord-Kivu,escapes,1,,,,,only_ours,126d07fbfc029fe51efd266368ef3a8cccc910d9
069,2026-07-22,Ituri,escapes,3,,,,,only_ours,126d07fbfc029fe51efd266368ef3a8cccc910d9
069,2026-07-22,Nord-Kivu,escapes,1,,,,,only_ours,126d07fbfc029fe51efd266368ef3a8cccc910d9
069,2026-07-22,Tshopo,escapes,0,,,,,only_ours,126d07fbfc029fe51efd266368ef3a8cccc910d9
070,2026-07-23,Ituri,escapes,3,,,,,only_ours,126d07fbfc029fe51efd266368ef3a8cccc910d9
070,2026-07-23,Nord-Kivu,escapes,1,,,,,only_ours,126d07fbfc029fe51efd266368ef3a8cccc910d9
070,2026-07-23,Tshopo,escapes,0,,,,,only_ours,126d07fbfc029fe51efd266368ef3a8cccc910d9
071,2026-07-24,Ituri,escapes,7,,,,,only_ours,126d07fbfc029fe51efd266368ef3a8cccc910d9
071,2026-07-24,Nord-Kivu,escapes,1,,,,,only_ours,126d07fbfc029fe51efd266368ef3a8cccc910d9
071,2026-07-24,Tshopo,escapes,0,,,,,only_ours,126d07fbfc029fe51efd266368ef3a8cccc910d9
072,2026-07-25,Ituri,escapes,2,,,,,only_ours,126d07fbfc029fe51efd266368ef3a8cccc910d9
072,2026-07-25,Nord-Kivu,escapes,0,,,,,only_ours,126d07fbfc029fe51efd266368ef3a8cccc910d9
073,2026-07-26,Ituri,escapes,1,,,,,only_ours,126d07fbfc029fe51efd266368ef3a8cccc910d9
073,2026-07-26,Nord-Kivu,escapes,0,,,,,only_ours,126d07fbfc029fe51efd266368ef3a8cccc910d9
074,2026-07-27,Ituri,escapes,5,,,,,only_ours,126d07fbfc029fe51efd266368ef3a8cccc910d9
074,2026-07-27,Nord-Kivu,escapes,0,,,,,only_ours,126d07fbfc029fe51efd266368ef3a8cccc910d9
077,2026-07-30,Haut-Uele,escapes,0,,,,,only_ours,126d07fbfc029fe51efd266368ef3a8cccc910d9
077,2026-07-30,Ituri,escapes,2,,,,,only_ours,126d07fbfc029fe51efd266368ef3a8cccc910d9
077,2026-07-30,Nord-Kivu,escapes,0,,,,,only_ours,126d07fbfc029fe51efd266368ef3a8cccc910d9
077,2026-07-30,Tshopo,escapes,0,,,,,only_ours,126d07fbfc029fe51efd266368ef3a8cccc910d9
078,2026-07-31,Ituri,escapes,1,,,,,only_ours,126d07fbfc029fe51efd266368ef3a8cccc910d9
078,2026-07-31,Nord-Kivu,escapes,1,,,,,only_ours,126d07fbfc029fe51efd266368ef3a8cccc910d9
078,2026-07-31,Tshopo,escapes,0,,,,,only_ours,126d07fbfc029fe51efd266368ef3a8cccc910d9
079,2026-08-01,Haut-Uele,escapes,0,,,,,only_ours,126d07fbfc029fe51efd266368ef3a8cccc910d9
079,2026-08-01,Ituri,escapes,4,,,,,only_ours,126d07fbfc029fe51efd266368ef3a8cccc910d9
079,2026-08-01,Nord-Kivu,escapes,0,,,,,only_ours,126d07fbfc029fe51efd266368ef3a8cccc910d9
079,2026-08-01,Tshopo,escapes,0,,,,,only_ours,126d07fbfc029fe51efd266368ef3a8cccc910d9
080,2026-08-02,Haut-Uele,escapes,0,,,,,only_ours,126d07fbfc029fe51efd266368ef3a8cccc910d9
080,2026-08-02,Ituri,escapes,2,,,,,only_ours,126d07fbfc029fe51efd266368ef3a8cccc910d9
080,2026-08-02,Nord-Kivu,escapes,0,,,,,only_ours,126d07fbfc029fe51efd266368ef3a8cccc910d9
080,2026-08-02,Sud-Kivu,escapes,0,,,,,only_ours,126d07fbfc029fe51efd266368ef3a8cccc910d9
018,2026-06-01,Nord-Kivu,occupancy_rate_pct,,,11,,,only_bos,126d07fbfc029fe51efd266368ef3a8cccc910d9
063,2026-07-16,Ituri,occupancy_rate_pct,,,78,,,only_bos,126d07fbfc029fe51efd266368ef3a8cccc910d9
063,2026-07-16,Nord-Kivu,occupancy_rate_pct,,,126.2,,,only_bos,126d07fbfc029fe51efd266368ef3a8cccc910d9
063,2026-07-16,Tshopo,occupancy_rate_pct,,,25,,,only_bos,126d07fbfc029fe51efd266368ef3a8cccc910d9
064,2026-07-17,Ituri,occupancy_rate_pct,,,78,,,only_bos,126d07fbfc029fe51efd266368ef3a8cccc910d9
064,2026-07-17,Nord-Kivu,occupancy_rate_pct,,,123.4,,,only_bos,126d07fbfc029fe51efd266368ef3a8cccc910d9
081,2026-08-03,Haut-Uele,occupancy_rate_pct,,,45.6,,,only_bos,126d07fbfc029fe51efd266368ef3a8cccc910d9
081,2026-08-03,Ituri,occupancy_rate_pct,,,56.5,,,only_bos,126d07fbfc029fe51efd266368ef3a8cccc910d9
081,2026-08-03,Tshopo,occupancy_rate_pct,,,15,,,only_bos,126d07fbfc029fe51efd266368ef3a8cccc910d9
082,2026-08-04,Ituri,occupancy_rate_pct,,,56.2,,,only_bos,126d07fbfc029fe51efd266368ef3a8cccc910d9
082,2026-08-04,Tshopo,occupancy_rate_pct,,,15,,,only_bos,126d07fbfc029fe51efd266368ef3a8cccc910d9
083,2026-08-05,Ituri,occupancy_rate_pct,,,56,,,only_bos,126d07fbfc029fe51efd266368ef3a8cccc910d9
083,2026-08-05,Tshopo,occupancy_rate_pct,,,20,,,only_bos,126d07fbfc029fe51efd266368ef3a8cccc910d9
084,2026-08-06,Ituri,occupancy_rate_pct,,,59,,,only_bos,126d07fbfc029fe51efd266368ef3a8cccc910d9
085,2026-08-07,Ituri,occupancy_rate_pct,,,69.2,,,only_bos,126d07fbfc029fe51efd266368ef3a8cccc910d9
086,2026-08-08,Ituri,occupancy_rate_pct,,,60,,,only_bos,126d07fbfc029fe51efd266368ef3a8cccc910d9
087,2026-08-09,Ituri,occupancy_rate_pct,,,61,,,only_bos,126d07fbfc029fe51efd266368ef3a8cccc910d9
088,2026-08-10,Ituri,occupancy_rate_pct,,,49.3,,,only_bos,126d07fbfc029fe51efd266368ef3a8cccc910d9
089,2026-08-11,Ituri,occupancy_rate_pct,,,44.4,,,only_bos,126d07fbfc029fe51efd266368ef3a8cccc910d9
090,2026-08-12,Haut-Uele,occupancy_rate_pct,,,67.9,,,only_bos,126d07fbfc029fe51efd266368ef3a8cccc910d9
090,2026-08-12,Ituri,occupancy_rate_pct,,,45,,,only_bos,126d07fbfc029fe51efd266368ef3a8cccc910d9
090,2026-08-12,Tshopo,occupancy_rate_pct,,,41.7,,,only_bos,126d07fbfc029fe51efd266368ef3a8cccc910d9
091,2026-08-13,Ituri,occupancy_rate_pct,,,53.6,,,only_bos,126d07fbfc029fe51efd266368ef3a8cccc910d9
091,2026-08-13,Nord-Kivu,occupancy_rate_pct,,,73.3,,,only_bos,126d07fbfc029fe51efd266368ef3a8cccc910d9
091,2026-08-13,Tshopo,occupancy_rate_pct,,,66.7,,,only_bos,126d07fbfc029fe51efd266368ef3a8cccc910d9
092,2026-08-14,Ituri,occupancy_rate_pct,,,55,,,only_bos,126d07fbfc029fe51efd266368ef3a8cccc910d9
092,2026-08-14,Nord-Kivu,occupancy_rate_pct,,80.1,80.1,,,only_bos,126d07fbfc029fe51efd266368ef3a8cccc910d9
093,2026-08-15,Ituri,occupancy_rate_pct,,,55.3,,,only_bos,126d07fbfc029fe51efd266368ef3a8cccc910d9
093,2026-08-15,Nord-Kivu,occupancy_rate_pct,,,82.5,,,only_bos,126d07fbfc029fe51efd266368ef3a8cccc910d9
093,2026-08-15,Tshopo,occupancy_rate_pct,,66.7,66.7,,,only_bos,126d07fbfc029fe51efd266368ef3a8cccc910d9
094,2026-08-16,Ituri,occupancy_rate_pct,,58.2,58.2,,,only_bos,126d07fbfc029fe51efd266368ef3a8cccc910d9
094,2026-08-16,Nord-Kivu,occupancy_rate_pct,,82.5,82.5,,,only_bos,126d07fbfc029fe51efd266368ef3a8cccc910d9
094,2026-08-16,Tshopo,occupancy_rate_pct,,,41.7,,,only_bos,126d07fbfc029fe51efd266368ef3a8cccc910d9
095,2026-08-17,Haut-Uele,occupancy_rate_pct,,,62.8,,,only_bos,126d07fbfc029fe51efd266368ef3a8cccc910d9
095,2026-08-17,Ituri,occupancy_rate_pct,,,47.2,,,only_bos,126d07fbfc029fe51efd266368ef3a8cccc910d9
095,2026-08-17,Nord-Kivu,occupancy_rate_pct,,87.9,87.9,,,only_bos,126d07fbfc029fe51efd266368ef3a8cccc910d9
096,2026-08-18,Haut-Uele,occupancy_rate_pct,,40.8,40.8,,,only_bos,126d07fbfc029fe51efd266368ef3a8cccc910d9
096,2026-08-18,Ituri,occupancy_rate_pct,,46.3,46.3,,,only_bos,126d07fbfc029fe51efd266368ef3a8cccc910d9
096,2026-08-18,Nord-Kivu,occupancy_rate_pct,,,99.5,,,only_bos,126d07fbfc029fe51efd266368ef3a8cccc910d9
096,2026-08-18,Tshopo,occupancy_rate_pct,,,41.7,,,only_bos,126d07fbfc029fe51efd266368ef3a8cccc910d9
097,2026-08-19,Haut-Uele,occupancy_rate_pct,,44.6,44.6,,,only_bos,126d07fbfc029fe51efd266368ef3a8cccc910d9
097,2026-08-19,Ituri,occupancy_rate_pct,,57.1,57.1,,,only_bos,126d07fbfc029fe51efd266368ef3a8cccc910d9
097,2026-08-19,Nord-Kivu,occupancy_rate_pct,,,95.1,,,only_bos,126d07fbfc029fe51efd266368ef3a8cccc910d9
097,2026-08-19,Tshopo,occupancy_rate_pct,,,41.7,,,only_bos,126d07fbfc029fe51efd266368ef3a8cccc910d9
098,2026-08-20,Ituri,occupancy_rate_pct,,55.2,55.2,,,only_bos,126d07fbfc029fe51efd266368ef3a8cccc910d9
098,2026-08-20,Nord-Kivu,occupancy_rate_pct,,,82,,,only_bos,126d07fbfc029fe51efd266368ef3a8cccc910d9
098,2026-08-20,Tshopo,occupancy_rate_pct,,,50,,,only_bos,126d07fbfc029fe51efd266368ef3a8cccc910d9
099,2026-08-21,Haut-Uele,occupancy_rate_pct,,,53.1,,,only_bos,126d07fbfc029fe51efd266368ef3a8cccc910d9
099,2026-08-21,Ituri,occupancy_rate_pct,,54,54,,,only_bos,126d07fbfc029fe51efd266368ef3a8cccc910d9
099,2026-08-21,Nord-Kivu,occupancy_rate_pct,,,85.4,,,only_bos,126d07fbfc029fe51efd266368ef3a8cccc910d9
099,2026-08-21,Tshopo,occupancy_rate_pct,,,35.7,,,only_bos,126d07fbfc029fe51efd266368ef3a8cccc910d9
100,2026-08-22,Haut-Uele,occupancy_rate_pct,,,55.4,,,only_bos,126d07fbfc029fe51efd266368ef3a8cccc910d9
100,2026-08-22,Ituri,occupancy_rate_pct,,54.7,54.7,,,only_bos,126d07fbfc029fe51efd266368ef3a8cccc910d9
100,2026-08-22,Nord-Kivu,occupancy_rate_pct,,,81.1,,,only_bos,126d07fbfc029fe51efd266368ef3a8cccc910d9
100,2026-08-22,Tshopo,occupancy_rate_pct,,,28.6,,,only_bos,126d07fbfc029fe51efd266368ef3a8cccc910d9
101,2026-08-23,Haut-Uele,occupancy_rate_pct,,,56.2,,,only_bos,126d07fbfc029fe51efd266368ef3a8cccc910d9
101,2026-08-23,Ituri,occupancy_rate_pct,,57.5,57.5,,,only_bos,126d07fbfc029fe51efd266368ef3a8cccc910d9
101,2026-08-23,Nord-Kivu,occupancy_rate_pct,,87.9,87.9,,,only_bos,126d07fbfc029fe51efd266368ef3a8cccc910d9
101,2026-08-23,Tshopo,occupancy_rate_pct,,,50,,,only_bos,126d07fbfc029fe51efd266368ef3a8cccc910d9
102,2026-08-24,Haut-Uele,occupancy_rate_pct,,,62.3,,,only_bos,126d07fbfc029fe51efd266368ef3a8cccc910d9
102,2026-08-24,Ituri,occupancy_rate_pct,,53.4,53.4,,,only_bos,126d07fbfc029fe51efd266368ef3a8cccc910d9
102,2026-08-24,Nord-Kivu,occupancy_rate_pct,,86.4,86.4,,,only_bos,126d07fbfc029fe51efd266368ef3a8cccc910d9
102,2026-08-24,Tshopo,occupancy_rate_pct,,,71.4,,,only_bos,126d07fbfc029fe51efd266368ef3a8cccc910d9
103,2026-08-25,Haut-Uele,occupancy_rate_pct,,,65.8,,,only_bos,126d07fbfc029fe51efd266368ef3a8cccc910d9
103,2026-08-25,Ituri,occupancy_rate_pct,,49.9,49.9,,,only_bos,126d07fbfc029fe51efd266368ef3a8cccc910d9
103,2026-08-25,Nord-Kivu,occupancy_rate_pct,,94.2,94.2,,,only_bos,126d07fbfc029fe51efd266368ef3a8cccc910d9
103,2026-08-25,Tshopo,occupancy_rate_pct,,,57.1,,,only_bos,126d07fbfc029fe51efd266368ef3a8cccc910d9
104,2026-08-26,Haut-Uele,occupancy_rate_pct,,,56.7,,,only_bos,126d07fbfc029fe51efd266368ef3a8cccc910d9
104,2026-08-26,Ituri,occupancy_rate_pct,,56.1,56.1,,,only_bos,126d07fbfc029fe51efd266368ef3a8cccc910d9
104,2026-08-26,Nord-Kivu,occupancy_rate_pct,,103.9,103.9,,,only_bos,126d07fbfc029fe51efd266368ef3a8cccc910d9
104,2026-08-26,Tshopo,occupancy_rate_pct,,,78.6,,,only_bos,126d07fbfc029fe51efd266368ef3a8cccc910d9
105,2026-08-27,Bas-Uele,occupancy_rate_pct,,25,,,,only_bos,126d07fbfc029fe51efd266368ef3a8cccc910d9
105,2026-08-27,Ituri,occupancy_rate_pct,,53.4,53.4,,,only_bos,126d07fbfc029fe51efd266368ef3a8cccc910d9
105,2026-08-27,Nord-Kivu,occupancy_rate_pct,,105.5,105.5,,,only_bos,126d07fbfc029fe51efd266368ef3a8cccc910d9
106,2026-08-28,Bas-Uele,occupancy_rate_pct,,33.3,,,,only_bos,126d07fbfc029fe51efd266368ef3a8cccc910d9
106,2026-08-28,Haut-Uele,occupancy_rate_pct,,58.3,58.3,,,only_bos,126d07fbfc029fe51efd266368ef3a8cccc910d9
106,2026-08-28,Ituri,occupancy_rate_pct,,56.4,56.4,,,only_bos,126d07fbfc029fe51efd266368ef3a8cccc910d9
106,2026-08-28,Nord-Kivu,occupancy_rate_pct,,107.3,107.3,,,only_bos,126d07fbfc029fe51efd266368ef3a8cccc910d9
106,2026-08-28,Tshopo,occupancy_rate_pct,,44,44,,,only_bos,126d07fbfc029fe51efd266368ef3a8cccc910d9
107,2026-08-29,Haut-Uele,occupancy_rate_pct,,,36.7,,,only_bos,126d07fbfc029fe51efd266368ef3a8cccc910d9
107,2026-08-29,Ituri,occupancy_rate_pct,,56.2,56.2,,,only_bos,126d07fbfc029fe51efd266368ef3a8cccc910d9
107,2026-08-29,Tshopo,occupancy_rate_pct,,40,40,,,only_bos,126d07fbfc029fe51efd266368ef3a8cccc910d9
108,2026-08-30,Ituri,occupancy_rate_pct,,53.6,53.6,,,only_bos,126d07fbfc029fe51efd266368ef3a8cccc910d9
108,2026-08-30,Nord-Kivu,occupancy_rate_pct,,128.2,128.2,,,only_bos,126d07fbfc029fe51efd266368ef3a8cccc910d9
108,2026-08-30,Tshopo,occupancy_rate_pct,,32,32,,,only_bos,126d07fbfc029fe51efd266368ef3a8cccc910d9
109,2026-08-31,Ituri,occupancy_rate_pct,,55.1,55.1,,,only_bos,126d07fbfc029fe51efd266368ef3a8cccc910d9
109,2026-08-31,Nord-Kivu,occupancy_rate_pct,,128.6,128.6,,,only_bos,126d07fbfc029fe51efd266368ef3a8cccc910d9
109,2026-08-31,Sud-Kivu,occupancy_rate_pct,,32,32,,,only_bos,126d07fbfc029fe51efd266368ef3a8cccc910d9
110,2026-09-01,Haut-Uele,occupancy_rate_pct,,51.7,51.7,,,only_bos,126d07fbfc029fe51efd266368ef3a8cccc910d9
110,2026-09-01,Ituri,occupancy_rate_pct,,57.7,57.7,,,only_bos,126d07fbfc029fe51efd266368ef3a8cccc910d9
110,2026-09-01,Nord-Kivu,occupancy_rate_pct,,105.5,105.5,,,only_bos,126d07fbfc029fe51efd266368ef3a8cccc910d9
110,2026-09-01,Sud-Kivu,occupancy_rate_pct,,32,32,,,only_bos,126d07fbfc029fe51efd266368ef3a8cccc910d9
110,2026-09-01,Tshopo,occupancy_rate_pct,,,12,,,only_bos,126d07fbfc029fe51efd266368ef3a8cccc910d9
111,2026-09-02,Haut-Uele,occupancy_rate_pct,,46.7,46.7,,,only_bos,126d07fbfc029fe51efd266368ef3a8cccc910d9
111,2026-09-02,Ituri,occupancy_rate_pct,,44.4,44.4,,,only_bos,126d07fbfc029fe51efd266368ef3a8cccc910d9
111,2026-09-02,Nord-Kivu,occupancy_rate_pct,,118.6,118.6,,,only_bos,126d07fbfc029fe51efd266368ef3a8cccc910d9
111,2026-09-02,Tshopo,occupancy_rate_pct,,28,28,,,only_bos,126d07fbfc029fe51efd266368ef3a8cccc910d9
112,2026-09-03,Haut-Uele,occupancy_rate_pct,,50.8,50.8,,,only_bos,126d07fbfc029fe51efd266368ef3a8cccc910d9
112,2026-09-03,Ituri,occupancy_rate_pct,,44.4,44.4,,,only_bos,126d07fbfc029fe51efd266368ef3a8cccc910d9
112,2026-09-03,Nord-Kivu,occupancy_rate_pct,,102.7,102.7,,,only_bos,126d07fbfc029fe51efd266368ef3a8cccc910d9
112,2026-09-03,Tshopo,occupancy_rate_pct,,24,24,,,only_bos,126d07fbfc029fe51efd266368ef3a8cccc910d9
113,2026-09-04,Haut-Uele,occupancy_rate_pct,,48.4,48.4,,,only_bos,126d07fbfc029fe51efd266368ef3a8cccc910d9
113,2026-09-04,Ituri,occupancy_rate_pct,,50.6,50.6,,,only_bos,126d07fbfc029fe51efd266368ef3a8cccc910d9
113,2026-09-04,Nord-Kivu,occupancy_rate_pct,,107.7,107.7,,,only_bos,126d07fbfc029fe51efd266368ef3a8cccc910d9
113,2026-09-04,Sud-Kivu,occupancy_rate_pct,,64,64,,,only_bos,126d07fbfc029fe51efd266368ef3a8cccc910d9
113,2026-09-04,Tshopo,occupancy_rate_pct,,28,28,,,only_bos,126d07fbfc029fe51efd266368ef3a8cccc910d9
114,2026-09-05,Haut-Uele,occupancy_rate_pct,,50.8,50.8,,,only_bos,126d07fbfc029fe51efd266368ef3a8cccc910d9
114,2026-09-05,Ituri,occupancy_rate_pct,,52.1,52.1,,,only_bos,126d07fbfc029fe51efd266368ef3a8cccc910d9
114,2026-09-05,Nord-Kivu,occupancy_rate_pct,,115,115,,,only_bos,126d07fbfc029fe51efd266368ef3a8cccc910d9
114,2026-09-05,Sud-Kivu,occupancy_rate_pct,,68,68,,,only_bos,126d07fbfc029fe51efd266368ef3a8cccc910d9
114,2026-09-05,Tshopo,occupancy_rate_pct,,24,24,,,only_bos,126d07fbfc029fe51efd266368ef3a8cccc910d9
115,2026-09-06,Haut-Uele,occupancy_rate_pct,,50.8,50.8,,,only_bos,126d07fbfc029fe51efd266368ef3a8cccc910d9
115,2026-09-06,Ituri,occupancy_rate_pct,,49.5,49.5,,,only_bos,126d07fbfc029fe51efd266368ef3a8cccc910d9
115,2026-09-06,Nord-Kivu,occupancy_rate_pct,,123.2,123.2,,,only_bos,126d07fbfc029fe51efd266368ef3a8cccc910d9
115,2026-09-06,Tshopo,occupancy_rate_pct,,20,20,,,only_bos,126d07fbfc029fe51efd266368ef3a8cccc910d9
116,2026-09-07,Haut-Uele,occupancy_rate_pct,,48.4,48.4,,,only_bos,126d07fbfc029fe51efd266368ef3a8cccc910d9
116,2026-09-07,Ituri,occupancy_rate_pct,,48.4,48.4,,,only_bos,126d07fbfc029fe51efd266368ef3a8cccc910d9
116,2026-09-07,Nord-Kivu,occupancy_rate_pct,,115.5,115.5,,,only_bos,126d07fbfc029fe51efd266368ef3a8cccc910d9
116,2026-09-07,Sud-Kivu,occupancy_rate_pct,,80,80,,,only_bos,126d07fbfc029fe51efd266368ef3a8cccc910d9
116,2026-09-07,Tshopo,occupancy_rate_pct,,16,16,,,only_bos,126d07fbfc029fe51efd266368ef3a8cccc910d9
117,2026-09-08,Haut-Uele,occupancy_rate_pct,,36.6,36.6,,,only_bos,126d07fbfc029fe51efd266368ef3a8cccc910d9
117,2026-09-08,Ituri,occupancy_rate_pct,,47.9,47.9,,,only_bos,126d07fbfc029fe51efd266368ef3a8cccc910d9
117,2026-09-08,Nord-Kivu,occupancy_rate_pct,,130.5,130.5,,,only_bos,126d07fbfc029fe51efd266368ef3a8cccc910d9
117,2026-09-08,Sud-Kivu,occupancy_rate_pct,,76,76,,,only_bos,126d07fbfc029fe51efd266368ef3a8cccc910d9
117,2026-09-08,Tshopo,occupancy_rate_pct,,28,28,,,only_bos,126d07fbfc029fe51efd266368ef3a8cccc910d9
118,2026-09-09,Haut-Uele,occupancy_rate_pct,,40.3,40.3,,,only_bos,126d07fbfc029fe51efd266368ef3a8cccc910d9
118,2026-09-09,Ituri,occupancy_rate_pct,,46.2,46.2,,,only_bos,126d07fbfc029fe51efd266368ef3a8cccc910d9
118,2026-09-09,Nord-Kivu,occupancy_rate_pct,,132.2,132.2,,,only_bos,126d07fbfc029fe51efd266368ef3a8cccc910d9
118,2026-09-09,Tshopo,occupancy_rate_pct,,12,12,,,only_bos,126d07fbfc029fe51efd266368ef3a8cccc910d9
119,2026-09-10,Haut-Uele,occupancy_rate_pct,,47.8,47.8,,,only_bos,126d07fbfc029fe51efd266368ef3a8cccc910d9
119,2026-09-10,Ituri,occupancy_rate_pct,,43.3,43.3,,,only_bos,126d07fbfc029fe51efd266368ef3a8cccc910d9
119,2026-09-10,Nord-Kivu,occupancy_rate_pct,,141.4,141.4,,,only_bos,126d07fbfc029fe51efd266368ef3a8cccc910d9
119,2026-09-10,Sud-Kivu,occupancy_rate_pct,,72,72,,,only_bos,126d07fbfc029fe51efd266368ef3a8cccc910d9
119,2026-09-10,Tshopo,occupancy_rate_pct,,,29,,,only_bos,126d07fbfc029fe51efd266368ef3a8cccc910d9
120,2026-09-11,Haut-Uele,occupancy_rate_pct,,48.5,48.5,,,only_bos,126d07fbfc029fe51efd266368ef3a8cccc910d9
120,2026-09-11,Ituri,occupancy_rate_pct,,43.9,43.9,,,only_bos,126d07fbfc029fe51efd266368ef3a8cccc910d9
120,2026-09-11,Nord-Kivu,occupancy_rate_pct,,139,139,,,only_bos,126d07fbfc029fe51efd266368ef3a8cccc910d9
120,2026-09-11,Sud-Kivu,occupancy_rate_pct,,64,64,,,only_bos,126d07fbfc029fe51efd266368ef3a8cccc910d9
120,2026-09-11,Tshopo,occupancy_rate_pct,,,29,,,only_bos,126d07fbfc029fe51efd266368ef3a8cccc910d9
121,2026-09-12,Haut-Uele,occupancy_rate_pct,,51.5,51.5,,,only_bos,126d07fbfc029fe51efd266368ef3a8cccc910d9
121,2026-09-12,Ituri,occupancy_rate_pct,,46.9,46.9,,,only_bos,126d07fbfc029fe51efd266368ef3a8cccc910d9
121,2026-09-12,Nord-Kivu,occupancy_rate_pct,,150,150,,,only_bos,126d07fbfc029fe51efd266368ef3a8cccc910d9
121,2026-09-12,Tshopo,occupancy_rate_pct,,38.7,38.7,,,only_bos,126d07fbfc029fe51efd266368ef3a8cccc910d9
122,2026-09-13,Haut-Uele,occupancy_rate_pct,,51.5,51.5,,,only_bos,126d07fbfc029fe51efd266368ef3a8cccc910d9
122,2026-09-13,Ituri,occupancy_rate_pct,,46.5,46.5,,,only_bos,126d07fbfc029fe51efd266368ef3a8cccc910d9
122,2026-09-13,Nord-Kivu,occupancy_rate_pct,,145.6,145.6,,,only_bos,126d07fbfc029fe51efd266368ef3a8cccc910d9
122,2026-09-13,Sud-Kivu,occupancy_rate_pct,,68,,,,only_bos,126d07fbfc029fe51efd266368ef3a8cccc910d9
122,2026-09-13,Tshopo,occupancy_rate_pct,,25.8,25.8,,,only_bos,126d07fbfc029fe51efd266368ef3a8cccc910d9
123,2026-09-14,Haut-Uele,occupancy_rate_pct,,55.9,55.9,,,only_bos,126d07fbfc029fe51efd266368ef3a8cccc910d9
123,2026-09-14,Ituri,occupancy_rate_pct,,47.8,47.8,,,only_bos,126d07fbfc029fe51efd266368ef3a8cccc910d9
123,2026-09-14,Nord-Kivu,occupancy_rate_pct,,152.6,152.6,,,only_bos,126d07fbfc029fe51efd266368ef3a8cccc910d9
123,2026-09-14,Sud-Kivu,occupancy_rate_pct,,64,64,,,only_bos,126d07fbfc029fe51efd266368ef3a8cccc910d9
123,2026-09-14,Tshopo,occupancy_rate_pct,,19.4,19.4,,,only_bos,126d07fbfc029fe51efd266368ef3a8cccc910d9
124,2026-09-15,Haut-Uele,occupancy_rate_pct,,46.3,46.3,,,only_bos,126d07fbfc029fe51efd266368ef3a8cccc910d9
124,2026-09-15,Ituri,occupancy_rate_pct,,45.4,45.4,,,only_bos,126d07fbfc029fe51efd266368ef3a8cccc910d9
124,2026-09-15,Nord-Kivu,occupancy_rate_pct,,94.7,94.7,,,only_bos,126d07fbfc029fe51efd266368ef3a8cccc910d9
124,2026-09-15,Sud-Kivu,occupancy_rate_pct,,64,64,,,only_bos,126d07fbfc029fe51efd266368ef3a8cccc910d9
124,2026-09-15,Tshopo,occupancy_rate_pct,,19.4,19.4,,,only_bos,126d07fbfc029fe51efd266368ef3a8cccc910d9
125,2026-09-16,Haut-Uele,occupancy_rate_pct,,45.6,45.6,,,only_bos,126d07fbfc029fe51efd266368ef3a8cccc910d9
125,2026-09-16,Ituri,occupancy_rate_pct,,43.5,43.5,,,only_bos,126d07fbfc029fe51efd266368ef3a8cccc910d9
125,2026-09-16,Nord-Kivu,occupancy_rate_pct,,96.9,96.9,,,only_bos,126d07fbfc029fe51efd266368ef3a8cccc910d9
125,2026-09-16,Sud-Kivu,occupancy_rate_pct,,52,52,,,only_bos,126d07fbfc029fe51efd266368ef3a8cccc910d9
125,2026-09-16,Tshopo,occupancy_rate_pct,,22.6,22.6,,,only_bos,126d07fbfc029fe51efd266368ef3a8cccc910d9
126,2026-09-17,Haut-Uele,occupancy_rate_pct,,44.2,44.2,,,only_bos,126d07fbfc029fe51efd266368ef3a8cccc910d9
126,2026-09-17,Ituri,occupancy_rate_pct,,42.4,42.4,,,only_bos,126d07fbfc029fe51efd266368ef3a8cccc910d9
126,2026-09-17,Nord-Kivu,occupancy_rate_pct,,95.2,95.2,,,only_bos,126d07fbfc029fe51efd266368ef3a8cccc910d9
126,2026-09-17,Sud-Kivu,occupancy_rate_pct,,52,52,,,only_bos,126d07fbfc029fe51efd266368ef3a8cccc910d9
126,2026-09-17,Tshopo,occupancy_rate_pct,,38.7,38.7,,,only_bos,126d07fbfc029fe51efd266368ef3a8cccc910d9
127,2026-09-18,Haut-Uele,occupancy_rate_pct,,45.7,45.7,,,only_bos,126d07fbfc029fe51efd266368ef3a8cccc910d9
127,2026-09-18,Ituri,occupancy_rate_pct,,42.8,42.8,,,only_bos,126d07fbfc029fe51efd266368ef3a8cccc910d9
127,2026-09-18,Nord-Kivu,occupancy_rate_pct,,98.2,98.2,,,only_bos,126d07fbfc029fe51efd266368ef3a8cccc910d9
127,2026-09-18,Tshopo,occupancy_rate_pct,,32.3,32.3,,,only_bos,126d07fbfc029fe51efd266368ef3a8cccc910d9
128,2026-09-19,Haut-Uele,occupancy_rate_pct,,43.5,43.5,,,only_bos,126d07fbfc029fe51efd266368ef3a8cccc910d9
128,2026-09-19,Ituri,occupancy_rate_pct,,43.3,43.3,,,only_bos,126d07fbfc029fe51efd266368ef3a8cccc910d9
128,2026-09-19,Nord-Kivu,occupancy_rate_pct,,95.6,95.6,,,only_bos,126d07fbfc029fe51efd266368ef3a8cccc910d9
128,2026-09-19,Tshopo,occupancy_rate_pct,,35.5,35.5,,,only_bos,126d07fbfc029fe51efd266368ef3a8cccc910d9
129,2026-09-20,Haut-Uele,occupancy_rate_pct,,32.6,32.6,,,only_bos,126d07fbfc029fe51efd266368ef3a8cccc910d9
129,2026-09-20,Ituri,occupancy_rate_pct,,43.5,43.5,,,only_bos,126d07fbfc029fe51efd266368ef3a8cccc910d9
129,2026-09-20,Nord-Kivu,occupancy_rate_pct,,91.2,91.2,,,only_bos,126d07fbfc029fe51efd266368ef3a8cccc910d9
129,2026-09-20,Tshopo,occupancy_rate_pct,,38.7,38.7,,,only_bos,126d07fbfc029fe51efd266368ef3a8cccc910d9
130,2026-09-21,Haut-Uele,occupancy_rate_pct,,36.2,36.2,,,only_bos,126d07fbfc029fe51efd266368ef3a8cccc910d9
130,2026-09-21,Ituri,occupancy_rate_pct,,42.6,42.6,,,only_bos,126d07fbfc029fe51efd266368ef3a8cccc910d9
130,2026-09-21,Nord-Kivu,occupancy_rate_pct,,66.2,66.2,,,only_bos,126d07fbfc029fe51efd266368ef3a8cccc910d9
130,2026-09-21,Tshopo,occupancy_rate_pct,,35.5,35.5,,,only_bos,126d07fbfc029fe51efd266368ef3a8cccc910d9
131,2026-09-22,Haut-Uele,occupancy_rate_pct,,40.6,40.6,,,only_bos,126d07fbfc029fe51efd266368ef3a8cccc910d9
131,2026-09-22,Ituri,occupancy_rate_pct,,,42.3,,,only_bos,126d07fbfc029fe51efd266368ef3a8cccc910d9
131,2026-09-22,Nord-Kivu,occupancy_rate_pct,,90.9,90.9,,,only_bos,126d07fbfc029fe51efd266368ef3a8cccc910d9
131,2026-09-22,Tshopo,occupancy_rate_pct,,51.6,51.6,,,only_bos,126d07fbfc029fe51efd266368ef3a8cccc910d9
132,2026-09-23,Haut-Uele,occupancy_rate_pct,,44.9,44.9,,,only_bos,126d07fbfc029fe51efd266368ef3a8cccc910d9
132,2026-09-23,Ituri,occupancy_rate_pct,,43.3,43.3,,,only_bos,126d07fbfc029fe51efd266368ef3a8cccc910d9
132,2026-09-23,Nord-Kivu,occupancy_rate_pct,,81.2,81.2,,,only_bos,126d07fbfc029fe51efd266368ef3a8cccc910d9
132,2026-09-23,Tshopo,occupancy_rate_pct,,51.6,51.6,,,only_bos,126d07fbfc029fe51efd266368ef3a8cccc910d9
133,2026-09-24,Haut-Uele,occupancy_rate_pct,,47.8,47.8,,,only_bos,126d07fbfc029fe51efd266368ef3a8cccc910d9
133,2026-09-24,Ituri,occupancy_rate_pct,,38.8,38.8,,,only_bos,126d07fbfc029fe51efd266368ef3a8cccc910d9
133,2026-09-24,Nord-Kivu,occupancy_rate_pct,,81.5,81.5,,,only_bos,126d07fbfc029fe51efd266368ef3a8cccc910d9
133,2026-09-24,Sud Ubangi,occupancy_rate_pct,,,16.7,,,only_bos,126d07fbfc029fe51efd266368ef3a8cccc910d9
133,2026-09-24,Tshopo,occupancy_rate_pct,,,48.4,,,only_bos,126d07fbfc029fe51efd266368ef3a8cccc910d9
134,2026-09-25,Haut-Uele,occupancy_rate_pct,,50,50,,,only_bos,126d07fbfc029fe51efd266368ef3a8cccc910d9
134,2026-09-25,Ituri,occupancy_rate_pct,,37.9,37.9,,,only_bos,126d07fbfc029fe51efd266368ef3a8cccc910d9
134,2026-09-25,Nord-Kivu,occupancy_rate_pct,,70.9,70.9,,,only_bos,126d07fbfc029fe51efd266368ef3a8cccc910d9
134,2026-09-25,Tshopo,occupancy_rate_pct,,54.8,54.8,,,only_bos,126d07fbfc029fe51efd266368ef3a8cccc910d9
018,2026-06-01,Ituri,patients_in_isolation,158,158,158,TRUE,TRUE,all_agree,126d07fbfc029fe51efd266368ef3a8cccc910d9
018,2026-06-01,Nord-Kivu,patients_in_isolation,8,8,8,TRUE,TRUE,all_agree,126d07fbfc029fe51efd266368ef3a8cccc910d9
018,2026-06-01,Sud-Kivu,patients_in_isolation,7,7,7,TRUE,TRUE,all_agree,126d07fbfc029fe51efd266368ef3a8cccc910d9
019,2026-06-02,Ituri,patients_in_isolation,192,192,192,TRUE,TRUE,all_agree,126d07fbfc029fe51efd266368ef3a8cccc910d9
019,2026-06-02,Nord-Kivu,patients_in_isolation,8,8,8,TRUE,TRUE,all_agree,126d07fbfc029fe51efd266368ef3a8cccc910d9
019,2026-06-02,Sud-Kivu,patients_in_isolation,6,6,6,TRUE,TRUE,all_agree,126d07fbfc029fe51efd266368ef3a8cccc910d9
020,2026-06-03,Ituri,patients_in_isolation,220,220,220,TRUE,TRUE,all_agree,126d07fbfc029fe51efd266368ef3a8cccc910d9
020,2026-06-03,Nord-Kivu,patients_in_isolation,8,8,8,TRUE,TRUE,all_agree,126d07fbfc029fe51efd266368ef3a8cccc910d9
020,2026-06-03,Sud-Kivu,patients_in_isolation,5,5,5,TRUE,TRUE,all_agree,126d07fbfc029fe51efd266368ef3a8cccc910d9
021,2026-06-04,Ituri,patients_in_isolation,243,243,243,TRUE,TRUE,all_agree,126d07fbfc029fe51efd266368ef3a8cccc910d9
021,2026-06-04,Nord-Kivu,patients_in_isolation,9,9,9,TRUE,TRUE,all_agree,126d07fbfc029fe51efd266368ef3a8cccc910d9
021,2026-06-04,Sud-Kivu,patients_in_isolation,6,6,6,TRUE,TRUE,all_agree,126d07fbfc029fe51efd266368ef3a8cccc910d9
022,2026-06-05,Ituri,patients_in_isolation,251,251,251,TRUE,TRUE,all_agree,126d07fbfc029fe51efd266368ef3a8cccc910d9
022,2026-06-05,Nord-Kivu,patients_in_isolation,9,9,9,TRUE,TRUE,all_agree,126d07fbfc029fe51efd266368ef3a8cccc910d9
022,2026-06-05,Sud-Kivu,patients_in_isolation,7,7,7,TRUE,TRUE,all_agree,126d07fbfc029fe51efd266368ef3a8cccc910d9
023,2026-06-06,Ituri,patients_in_isolation,260,260,260,TRUE,TRUE,all_agree,126d07fbfc029fe51efd266368ef3a8cccc910d9
023,2026-06-06,Nord-Kivu,patients_in_isolation,16,16,16,TRUE,TRUE,all_agree,126d07fbfc029fe51efd266368ef3a8cccc910d9
023,2026-06-06,Sud-Kivu,patients_in_isolation,7,7,7,TRUE,TRUE,all_agree,126d07fbfc029fe51efd266368ef3a8cccc910d9
024,2026-06-07,Ituri,patients_in_isolation,284,284,284,TRUE,TRUE,all_agree,126d07fbfc029fe51efd266368ef3a8cccc910d9
024,2026-06-07,Nord-Kivu,patients_in_isolation,18,18,18,TRUE,TRUE,all_agree,126d07fbfc029fe51efd266368ef3a8cccc910d9
024,2026-06-07,Sud-Kivu,patients_in_isolation,7,7,7,TRUE,TRUE,all_agree,126d07fbfc029fe51efd266368ef3a8cccc910d9
025,2026-06-08,Ituri,patients_in_isolation,266,266,266,TRUE,TRUE,all_agree,126d07fbfc029fe51efd266368ef3a8cccc910d9
025,2026-06-08,Nord-Kivu,patients_in_isolation,24,24,24,TRUE,TRUE,all_agree,126d07fbfc029fe51efd266368ef3a8cccc910d9
025,2026-06-08,Sud-Kivu,patients_in_isolation,7,7,7,TRUE,TRUE,all_agree,126d07fbfc029fe51efd266368ef3a8cccc910d9
026,2026-06-09,Ituri,patients_in_isolation,237,237,237,TRUE,TRUE,all_agree,126d07fbfc029fe51efd266368ef3a8cccc910d9
026,2026-06-09,Nord-Kivu,patients_in_isolation,17,17,17,TRUE,TRUE,all_agree,126d07fbfc029fe51efd266368ef3a8cccc910d9
026,2026-06-09,Sud-Kivu,patients_in_isolation,6,6,6,TRUE,TRUE,all_agree,126d07fbfc029fe51efd266368ef3a8cccc910d9
027,2026-06-10,Ituri,patients_in_isolation,239,239,239,TRUE,TRUE,all_agree,126d07fbfc029fe51efd266368ef3a8cccc910d9
027,2026-06-10,Nord-Kivu,patients_in_isolation,17,17,17,TRUE,TRUE,all_agree,126d07fbfc029fe51efd266368ef3a8cccc910d9
027,2026-06-10,Sud-Kivu,patients_in_isolation,6,6,6,TRUE,TRUE,all_agree,126d07fbfc029fe51efd266368ef3a8cccc910d9
028,2026-06-11,Ituri,patients_in_isolation,272,272,272,TRUE,TRUE,all_agree,126d07fbfc029fe51efd266368ef3a8cccc910d9
028,2026-06-11,Nord-Kivu,patients_in_isolation,31,31,31,TRUE,TRUE,all_agree,126d07fbfc029fe51efd266368ef3a8cccc910d9
028,2026-06-11,Sud-Kivu,patients_in_isolation,12,12,12,TRUE,TRUE,all_agree,126d07fbfc029fe51efd266368ef3a8cccc910d9
030,2026-06-13,Ituri,patients_in_isolation,310,310,310,TRUE,TRUE,all_agree,126d07fbfc029fe51efd266368ef3a8cccc910d9
030,2026-06-13,Nord-Kivu,patients_in_isolation,42,42,42,TRUE,TRUE,all_agree,126d07fbfc029fe51efd266368ef3a8cccc910d9
030,2026-06-13,Sud-Kivu,patients_in_isolation,7,7,7,TRUE,TRUE,all_agree,126d07fbfc029fe51efd266368ef3a8cccc910d9
031,2026-06-14,Ituri,patients_in_isolation,313,313,313,TRUE,TRUE,all_agree,126d07fbfc029fe51efd266368ef3a8cccc910d9
031,2026-06-14,Nord-Kivu,patients_in_isolation,44,44,44,TRUE,TRUE,all_agree,126d07fbfc029fe51efd266368ef3a8cccc910d9
031,2026-06-14,Sud-Kivu,patients_in_isolation,6,6,6,TRUE,TRUE,all_agree,126d07fbfc029fe51efd266368ef3a8cccc910d9
032,2026-06-15,Ituri,patients_in_isolation,321,321,321,TRUE,TRUE,all_agree,126d07fbfc029fe51efd266368ef3a8cccc910d9
032,2026-06-15,Nord-Kivu,patients_in_isolation,45,45,45,TRUE,TRUE,all_agree,126d07fbfc029fe51efd266368ef3a8cccc910d9
032,2026-06-15,Sud-Kivu,patients_in_isolation,10,10,10,TRUE,TRUE,all_agree,126d07fbfc029fe51efd266368ef3a8cccc910d9
033,2026-06-16,Ituri,patients_in_isolation,318,318,318,TRUE,TRUE,all_agree,126d07fbfc029fe51efd266368ef3a8cccc910d9
033,2026-06-16,Nord-Kivu,patients_in_isolation,46,46,46,TRUE,TRUE,all_agree,126d07fbfc029fe51efd266368ef3a8cccc910d9
033,2026-06-16,Sud-Kivu,patients_in_isolation,15,15,15,TRUE,TRUE,all_agree,126d07fbfc029fe51efd266368ef3a8cccc910d9
034,2026-06-17,Ituri,patients_in_isolation,335,335,335,TRUE,TRUE,all_agree,126d07fbfc029fe51efd266368ef3a8cccc910d9
034,2026-06-17,Nord-Kivu,patients_in_isolation,48,48,48,TRUE,TRUE,all_agree,126d07fbfc029fe51efd266368ef3a8cccc910d9
035,2026-06-18,Ituri,patients_in_isolation,349,349,349,TRUE,TRUE,all_agree,126d07fbfc029fe51efd266368ef3a8cccc910d9
035,2026-06-18,Nord-Kivu,patients_in_isolation,56,56,56,TRUE,TRUE,all_agree,126d07fbfc029fe51efd266368ef3a8cccc910d9
035,2026-06-18,Sud-Kivu,patients_in_isolation,11,11,11,TRUE,TRUE,all_agree,126d07fbfc029fe51efd266368ef3a8cccc910d9
036,2026-06-19,Ituri,patients_in_isolation,307,307,307,TRUE,TRUE,all_agree,126d07fbfc029fe51efd266368ef3a8cccc910d9
036,2026-06-19,Nord-Kivu,patients_in_isolation,54,54,54,TRUE,TRUE,all_agree,126d07fbfc029fe51efd266368ef3a8cccc910d9
037,2026-06-20,Ituri,patients_in_isolation,302,302,302,TRUE,TRUE,all_agree,126d07fbfc029fe51efd266368ef3a8cccc910d9
037,2026-06-20,Nord-Kivu,patients_in_isolation,52,52,52,TRUE,TRUE,all_agree,126d07fbfc029fe51efd266368ef3a8cccc910d9
037,2026-06-20,Sud-Kivu,patients_in_isolation,11,11,11,TRUE,TRUE,all_agree,126d07fbfc029fe51efd266368ef3a8cccc910d9
038,2026-06-21,Ituri,patients_in_isolation,298,298,298,TRUE,TRUE,all_agree,126d07fbfc029fe51efd266368ef3a8cccc910d9
038,2026-06-21,Nord-Kivu,patients_in_isolation,63,63,63,TRUE,TRUE,all_agree,126d07fbfc029fe51efd266368ef3a8cccc910d9
038,2026-06-21,Sud-Kivu,patients_in_isolation,10,10,10,TRUE,TRUE,all_agree,126d07fbfc029fe51efd266368ef3a8cccc910d9
039,2026-06-22,Ituri,patients_in_isolation,321,321,321,TRUE,TRUE,all_agree,126d07fbfc029fe51efd266368ef3a8cccc910d9
039,2026-06-22,Nord-Kivu,patients_in_isolation,56,56,56,TRUE,TRUE,all_agree,126d07fbfc029fe51efd266368ef3a8cccc910d9
039,2026-06-22,Sud-Kivu,patients_in_isolation,10,10,10,TRUE,TRUE,all_agree,126d07fbfc029fe51efd266368ef3a8cccc910d9
040,2026-06-23,Ituri,patients_in_isolation,337,337,337,TRUE,TRUE,all_agree,126d07fbfc029fe51efd266368ef3a8cccc910d9
040,2026-06-23,Nord-Kivu,patients_in_isolation,59,59,59,TRUE,TRUE,all_agree,126d07fbfc029fe51efd266368ef3a8cccc910d9
040,2026-06-23,Sud-Kivu,patients_in_isolation,12,12,12,TRUE,TRUE,all_agree,126d07fbfc029fe51efd266368ef3a8cccc910d9
041,2026-06-24,Ituri,patients_in_isolation,313,313,313,TRUE,TRUE,all_agree,126d07fbfc029fe51efd266368ef3a8cccc910d9
041,2026-06-24,Nord-Kivu,patients_in_isolation,59,59,59,TRUE,TRUE,all_agree,126d07fbfc029fe51efd266368ef3a8cccc910d9
041,2026-06-24,Sud-Kivu,patients_in_isolation,13,13,13,TRUE,TRUE,all_agree,126d07fbfc029fe51efd266368ef3a8cccc910d9
042,2026-06-25,Ituri,patients_in_isolation,334,334,334,TRUE,TRUE,all_agree,126d07fbfc029fe51efd266368ef3a8cccc910d9
042,2026-06-25,Nord-Kivu,patients_in_isolation,68,68,68,TRUE,TRUE,all_agree,126d07fbfc029fe51efd266368ef3a8cccc910d9
042,2026-06-25,Sud-Kivu,patients_in_isolation,17,17,17,TRUE,TRUE,all_agree,126d07fbfc029fe51efd266368ef3a8cccc910d9
044,2026-06-27,Ituri,patients_in_isolation,338,338,338,TRUE,TRUE,all_agree,126d07fbfc029fe51efd266368ef3a8cccc910d9
044,2026-06-27,Nord-Kivu,patients_in_isolation,143,143,143,TRUE,TRUE,all_agree,126d07fbfc029fe51efd266368ef3a8cccc910d9
044,2026-06-27,Sud-Kivu,patients_in_isolation,21,21,21,TRUE,TRUE,all_agree,126d07fbfc029fe51efd266368ef3a8cccc910d9
046,2026-06-29,Ituri,patients_in_isolation,451,451,451,TRUE,TRUE,all_agree,126d07fbfc029fe51efd266368ef3a8cccc910d9
046,2026-06-29,Nord-Kivu,patients_in_isolation,135,135,135,TRUE,TRUE,all_agree,126d07fbfc029fe51efd266368ef3a8cccc910d9
046,2026-06-29,Sud-Kivu,patients_in_isolation,23,23,23,TRUE,TRUE,all_agree,126d07fbfc029fe51efd266368ef3a8cccc910d9
049,2026-07-02,Ituri,patients_in_isolation,462,462,462,TRUE,TRUE,all_agree,126d07fbfc029fe51efd266368ef3a8cccc910d9
049,2026-07-02,Nord-Kivu,patients_in_isolation,147,147,147,TRUE,TRUE,all_agree,126d07fbfc029fe51efd266368ef3a8cccc910d9
049,2026-07-02,Sud-Kivu,patients_in_isolation,19,19,19,TRUE,TRUE,all_agree,126d07fbfc029fe51efd266368ef3a8cccc910d9
052,2026-07-05,Ituri,patients_in_isolation,477,477,477,TRUE,TRUE,all_agree,126d07fbfc029fe51efd266368ef3a8cccc910d9
052,2026-07-05,Nord-Kivu,patients_in_isolation,148,148,148,TRUE,TRUE,all_agree,126d07fbfc029fe51efd266368ef3a8cccc910d9
052,2026-07-05,Sud-Kivu,patients_in_isolation,21,21,21,TRUE,TRUE,all_agree,126d07fbfc029fe51efd266368ef3a8cccc910d9
053,2026-07-06,Ituri,patients_in_isolation,508,508,508,TRUE,TRUE,all_agree,126d07fbfc029fe51efd266368ef3a8cccc910d9
053,2026-07-06,Nord-Kivu,patients_in_isolation,148,148,148,TRUE,TRUE,all_agree,126d07fbfc029fe51efd266368ef3a8cccc910d9
053,2026-07-06,Sud-Kivu,patients_in_isolation,24,24,24,TRUE,TRUE,all_agree,126d07fbfc029fe51efd266368ef3a8cccc910d9
054,2026-07-07,Ituri,patients_in_isolation,518,518,518,TRUE,TRUE,all_agree,126d07fbfc029fe51efd266368ef3a8cccc910d9
054,2026-07-07,Nord-Kivu,patients_in_isolation,193,193,193,TRUE,TRUE,all_agree,126d07fbfc029fe51efd266368ef3a8cccc910d9
054,2026-07-07,Sud-Kivu,patients_in_isolation,39,39,39,TRUE,TRUE,all_agree,126d07fbfc029fe51efd266368ef3a8cccc910d9
055,2026-07-08,Ituri,patients_in_isolation,540,540,540,TRUE,TRUE,all_agree,126d07fbfc029fe51efd266368ef3a8cccc910d9
055,2026-07-08,Nord-Kivu,patients_in_isolation,197,197,197,TRUE,TRUE,all_agree,126d07fbfc029fe51efd266368ef3a8cccc910d9
055,2026-07-08,Sud-Kivu,patients_in_isolation,27,27,27,TRUE,TRUE,all_agree,126d07fbfc029fe51efd266368ef3a8cccc910d9
056,2026-07-09,Ituri,patients_in_isolation,536,536,536,TRUE,TRUE,all_agree,126d07fbfc029fe51efd266368ef3a8cccc910d9
056,2026-07-09,Nord-Kivu,patients_in_isolation,225,225,225,TRUE,TRUE,all_agree,126d07fbfc029fe51efd266368ef3a8cccc910d9
056,2026-07-09,Sud-Kivu,patients_in_isolation,19,19,19,TRUE,TRUE,all_agree,126d07fbfc029fe51efd266368ef3a8cccc910d9
057,2026-07-10,Ituri,patients_in_isolation,543,,,,,only_ours,126d07fbfc029fe51efd266368ef3a8cccc910d9
057,2026-07-10,Nord-Kivu,patients_in_isolation,196,,,,,only_ours,126d07fbfc029fe51efd266368ef3a8cccc910d9
057,2026-07-10,Sud-Kivu,patients_in_isolation,24,,,,,only_ours,126d07fbfc029fe51efd266368ef3a8cccc910d9
058,2026-07-11,Ituri,patients_in_isolation,535,535,535,TRUE,TRUE,all_agree,126d07fbfc029fe51efd266368ef3a8cccc910d9
058,2026-07-11,Nord-Kivu,patients_in_isolation,188,188,188,TRUE,TRUE,all_agree,126d07fbfc029fe51efd266368ef3a8cccc910d9
058,2026-07-11,Sud-Kivu,patients_in_isolation,30,30,30,TRUE,TRUE,all_agree,126d07fbfc029fe51efd266368ef3a8cccc910d9
059,2026-07-12,Ituri,patients_in_isolation,549,549,549,TRUE,TRUE,all_agree,126d07fbfc029fe51efd266368ef3a8cccc910d9
059,2026-07-12,Nord-Kivu,patients_in_isolation,170,170,170,TRUE,TRUE,all_agree,126d07fbfc029fe51efd266368ef3a8cccc910d9
059,2026-07-12,Sud-Kivu,patients_in_isolation,17,17,17,TRUE,TRUE,all_agree,126d07fbfc029fe51efd266368ef3a8cccc910d9
060,2026-07-13,Haut-Uele,patients_in_isolation,3,3,3,TRUE,TRUE,all_agree,126d07fbfc029fe51efd266368ef3a8cccc910d9
060,2026-07-13,Ituri,patients_in_isolation,553,553,553,TRUE,TRUE,all_agree,126d07fbfc029fe51efd266368ef3a8cccc910d9
060,2026-07-13,Nord-Kivu,patients_in_isolation,170,170,170,TRUE,TRUE,all_agree,126d07fbfc029fe51efd266368ef3a8cccc910d9
060,2026-07-13,Sud-Kivu,patients_in_isolation,27,27,27,TRUE,TRUE,all_agree,126d07fbfc029fe51efd266368ef3a8cccc910d9
061,2026-07-14,Ituri,patients_in_isolation,544,544,544,TRUE,TRUE,all_agree,126d07fbfc029fe51efd266368ef3a8cccc910d9
061,2026-07-14,Nord-Kivu,patients_in_isolation,188,188,188,TRUE,TRUE,all_agree,126d07fbfc029fe51efd266368ef3a8cccc910d9
061,2026-07-14,Tshopo,patients_in_isolation,4,4,4,TRUE,TRUE,all_agree,126d07fbfc029fe51efd266368ef3a8cccc910d9
062,2026-07-15,Ituri,patients_in_isolation,549,549,549,TRUE,TRUE,all_agree,126d07fbfc029fe51efd266368ef3a8cccc910d9
062,2026-07-15,Nord-Kivu,patients_in_isolation,171,171,171,TRUE,TRUE,all_agree,126d07fbfc029fe51efd266368ef3a8cccc910d9
062,2026-07-15,Tshopo,patients_in_isolation,5,5,5,TRUE,TRUE,all_agree,126d07fbfc029fe51efd266368ef3a8cccc910d9
064,2026-07-17,Ituri,patients_in_isolation,548,548,548,TRUE,TRUE,all_agree,126d07fbfc029fe51efd266368ef3a8cccc910d9
064,2026-07-17,Nord-Kivu,patients_in_isolation,174,174,174,TRUE,TRUE,all_agree,126d07fbfc029fe51efd266368ef3a8cccc910d9
065,2026-07-18,Ituri,patients_in_isolation,539,539,539,TRUE,TRUE,all_agree,126d07fbfc029fe51efd266368ef3a8cccc910d9
065,2026-07-18,Nord-Kivu,patients_in_isolation,181,181,181,TRUE,TRUE,all_agree,126d07fbfc029fe51efd266368ef3a8cccc910d9
065,2026-07-18,Tshopo,patients_in_isolation,4,4,4,TRUE,TRUE,all_agree,126d07fbfc029fe51efd266368ef3a8cccc910d9
066,2026-07-19,Ituri,patients_in_isolation,553,553,553,TRUE,TRUE,all_agree,126d07fbfc029fe51efd266368ef3a8cccc910d9
066,2026-07-19,Nord-Kivu,patients_in_isolation,181,181,181,TRUE,TRUE,all_agree,126d07fbfc029fe51efd266368ef3a8cccc910d9
067,2026-07-20,Ituri,patients_in_isolation,556,556,556,TRUE,TRUE,all_agree,126d07fbfc029fe51efd266368ef3a8cccc910d9
067,2026-07-20,Nord-Kivu,patients_in_isolation,181,181,181,TRUE,TRUE,all_agree,126d07fbfc029fe51efd266368ef3a8cccc910d9
068,2026-07-21,Ituri,patients_in_isolation,556,556,556,TRUE,TRUE,all_agree,126d07fbfc029fe51efd266368ef3a8cccc910d9
068,2026-07-21,Nord-Kivu,patients_in_isolation,182,182,182,TRUE,TRUE,all_agree,126d07fbfc029fe51efd266368ef3a8cccc910d9
069,2026-07-22,Ituri,patients_in_isolation,551,551,551,TRUE,TRUE,all_agree,126d07fbfc029fe51efd266368ef3a8cccc910d9
069,2026-07-22,Nord-Kivu,patients_in_isolation,168,168,168,TRUE,TRUE,all_agree,126d07fbfc029fe51efd266368ef3a8cccc910d9
069,2026-07-22,Tshopo,patients_in_isolation,3,3,3,TRUE,TRUE,all_agree,126d07fbfc029fe51efd266368ef3a8cccc910d9
070,2026-07-23,Ituri,patients_in_isolation,570,570,570,TRUE,TRUE,all_agree,126d07fbfc029fe51efd266368ef3a8cccc910d9
070,2026-07-23,Nord-Kivu,patients_in_isolation,192,192,192,TRUE,TRUE,all_agree,126d07fbfc029fe51efd266368ef3a8cccc910d9
070,2026-07-23,Tshopo,patients_in_isolation,4,4,4,TRUE,TRUE,all_agree,126d07fbfc029fe51efd266368ef3a8cccc910d9
071,2026-07-24,Ituri,patients_in_isolation,576,576,576,TRUE,TRUE,all_agree,126d07fbfc029fe51efd266368ef3a8cccc910d9
071,2026-07-24,Nord-Kivu,patients_in_isolation,179,179,179,TRUE,TRUE,all_agree,126d07fbfc029fe51efd266368ef3a8cccc910d9
072,2026-07-25,Ituri,patients_in_isolation,602,602,602,TRUE,TRUE,all_agree,126d07fbfc029fe51efd266368ef3a8cccc910d9
072,2026-07-25,Nord-Kivu,patients_in_isolation,171,171,171,TRUE,TRUE,all_agree,126d07fbfc029fe51efd266368ef3a8cccc910d9
073,2026-07-26,Ituri,patients_in_isolation,531,531,531,TRUE,TRUE,all_agree,126d07fbfc029fe51efd266368ef3a8cccc910d9
073,2026-07-26,Nord-Kivu,patients_in_isolation,192,192,192,TRUE,TRUE,all_agree,126d07fbfc029fe51efd266368ef3a8cccc910d9
074,2026-07-27,Ituri,patients_in_isolation,544,544,544,TRUE,TRUE,all_agree,126d07fbfc029fe51efd266368ef3a8cccc910d9
074,2026-07-27,Nord-Kivu,patients_in_isolation,189,189,189,TRUE,TRUE,all_agree,126d07fbfc029fe51efd266368ef3a8cccc910d9
077,2026-07-30,Haut-Uele,patients_in_isolation,22,22,22,TRUE,TRUE,all_agree,126d07fbfc029fe51efd266368ef3a8cccc910d9
077,2026-07-30,Ituri,patients_in_isolation,523,523,523,TRUE,TRUE,all_agree,126d07fbfc029fe51efd266368ef3a8cccc910d9
077,2026-07-30,Nord-Kivu,patients_in_isolation,202,202,202,TRUE,TRUE,all_agree,126d07fbfc029fe51efd266368ef3a8cccc910d9
077,2026-07-30,Tshopo,patients_in_isolation,1,1,1,TRUE,TRUE,all_agree,126d07fbfc029fe51efd266368ef3a8cccc910d9
078,2026-07-31,Haut-Uele,patients_in_isolation,37,37,37,TRUE,TRUE,all_agree,126d07fbfc029fe51efd266368ef3a8cccc910d9
078,2026-07-31,Ituri,patients_in_isolation,525,525,525,TRUE,TRUE,all_agree,126d07fbfc029fe51efd266368ef3a8cccc910d9
078,2026-07-31,Nord-Kivu,patients_in_isolation,196,196,196,TRUE,TRUE,all_agree,126d07fbfc029fe51efd266368ef3a8cccc910d9
078,2026-07-31,Tshopo,patients_in_isolation,2,2,2,TRUE,TRUE,all_agree,126d07fbfc029fe51efd266368ef3a8cccc910d9
079,2026-08-01,Haut-Uele,patients_in_isolation,31,31,31,TRUE,TRUE,all_agree,126d07fbfc029fe51efd266368ef3a8cccc910d9
079,2026-08-01,Ituri,patients_in_isolation,476,476,476,TRUE,TRUE,all_agree,126d07fbfc029fe51efd266368ef3a8cccc910d9
079,2026-08-01,Nord-Kivu,patients_in_isolation,181,181,181,TRUE,TRUE,all_agree,126d07fbfc029fe51efd266368ef3a8cccc910d9
079,2026-08-01,Tshopo,patients_in_isolation,2,2,2,TRUE,TRUE,all_agree,126d07fbfc029fe51efd266368ef3a8cccc910d9
080,2026-08-02,Haut-Uele,patients_in_isolation,31,31,31,TRUE,TRUE,all_agree,126d07fbfc029fe51efd266368ef3a8cccc910d9
080,2026-08-02,Ituri,patients_in_isolation,468,468,468,TRUE,TRUE,all_agree,126d07fbfc029fe51efd266368ef3a8cccc910d9
080,2026-08-02,Nord-Kivu,patients_in_isolation,186,186,186,TRUE,TRUE,all_agree,126d07fbfc029fe51efd266368ef3a8cccc910d9
080,2026-08-02,Sud-Kivu,patients_in_isolation,20,20,20,TRUE,TRUE,all_agree,126d07fbfc029fe51efd266368ef3a8cccc910d9
080,2026-08-02,Tshopo,patients_in_isolation,2,2,2,TRUE,TRUE,all_agree,126d07fbfc029fe51efd266368ef3a8cccc910d9
013,2026-05-27,Ituri,patients_isolated,,,103,,,only_bos,126d07fbfc029fe51efd266368ef3a8cccc910d9
013,2026-05-27,Nord-Kivu,patients_isolated,,,0,,,only_bos,126d07fbfc029fe51efd266368ef3a8cccc910d9
015,2026-05-29,Ituri,patients_isolated,,,95,,,only_bos,126d07fbfc029fe51efd266368ef3a8cccc910d9
016,2026-05-30,Ituri,patients_isolated,,,142,,,only_bos,126d07fbfc029fe51efd266368ef3a8cccc910d9
017,2026-05-31,Ituri,patients_isolated,,,129,,,only_bos,126d07fbfc029fe51efd266368ef3a8cccc910d9
063,2026-07-16,Ituri,patients_isolated,,,541,,,only_bos,126d07fbfc029fe51efd266368ef3a8cccc910d9
063,2026-07-16,Nord-Kivu,patients_isolated,,,178,,,only_bos,126d07fbfc029fe51efd266368ef3a8cccc910d9
063,2026-07-16,Tshopo,patients_isolated,,,3,,,only_bos,126d07fbfc029fe51efd266368ef3a8cccc910d9
081,2026-08-03,Haut-Uele,patients_isolated,,31,31,,,only_bos,126d07fbfc029fe51efd266368ef3a8cccc910d9
081,2026-08-03,Ituri,patients_isolated,,471,471,,,only_bos,126d07fbfc029fe51efd266368ef3a8cccc910d9
081,2026-08-03,Nord-Kivu,patients_isolated,,196,196,,,only_bos,126d07fbfc029fe51efd266368ef3a8cccc910d9
081,2026-08-03,Tshopo,patients_isolated,,3,3,,,only_bos,126d07fbfc029fe51efd266368ef3a8cccc910d9
082,2026-08-04,Ituri,patients_isolated,,468,468,,,only_bos,126d07fbfc029fe51efd266368ef3a8cccc910d9
082,2026-08-04,Nord-Kivu,patients_isolated,,186,186,,,only_bos,126d07fbfc029fe51efd266368ef3a8cccc910d9
082,2026-08-04,Tshopo,patients_isolated,,,3,,,only_bos,126d07fbfc029fe51efd266368ef3a8cccc910d9
083,2026-08-05,Ituri,patients_isolated,,468,468,,,only_bos,126d07fbfc029fe51efd266368ef3a8cccc910d9
083,2026-08-05,Nord-Kivu,patients_isolated,,205,205,,,only_bos,126d07fbfc029fe51efd266368ef3a8cccc910d9
083,2026-08-05,Tshopo,patients_isolated,,,4,,,only_bos,126d07fbfc029fe51efd266368ef3a8cccc910d9
084,2026-08-06,Ituri,patients_isolated,,488,488,,,only_bos,126d07fbfc029fe51efd266368ef3a8cccc910d9
085,2026-08-07,Ituri,patients_isolated,,595,595,,,only_bos,126d07fbfc029fe51efd266368ef3a8cccc910d9
086,2026-08-08,Ituri,patients_isolated,,501,501,,,only_bos,126d07fbfc029fe51efd266368ef3a8cccc910d9
087,2026-08-09,Ituri,patients_isolated,,508,508,,,only_bos,126d07fbfc029fe51efd266368ef3a8cccc910d9
088,2026-08-10,Ituri,patients_isolated,,417,417,,,only_bos,126d07fbfc029fe51efd266368ef3a8cccc910d9
089,2026-08-11,Ituri,patients_isolated,,375,375,,,only_bos,126d07fbfc029fe51efd266368ef3a8cccc910d9
089,2026-08-11,Nord-Kivu,patients_isolated,,176,176,,,only_bos,126d07fbfc029fe51efd266368ef3a8cccc910d9
089,2026-08-11,Sud-Kivu,patients_isolated,,,13,,,only_bos,126d07fbfc029fe51efd266368ef3a8cccc910d9
089,2026-08-11,Tshopo,patients_isolated,,,9,,,only_bos,126d07fbfc029fe51efd266368ef3a8cccc910d9
090,2026-08-12,Haut-Uele,patients_isolated,,53,53,,,only_bos,126d07fbfc029fe51efd266368ef3a8cccc910d9
090,2026-08-12,Ituri,patients_isolated,,438,438,,,only_bos,126d07fbfc029fe51efd266368ef3a8cccc910d9
090,2026-08-12,Nord-Kivu,patients_isolated,,180,180,,,only_bos,126d07fbfc029fe51efd266368ef3a8cccc910d9
090,2026-08-12,Sud-Kivu,patients_isolated,,11,11,,,only_bos,126d07fbfc029fe51efd266368ef3a8cccc910d9
090,2026-08-12,Tshopo,patients_isolated,,,5,,,only_bos,126d07fbfc029fe51efd266368ef3a8cccc910d9
091,2026-08-13,Haut-Uele,patients_isolated,,56,56,,,only_bos,126d07fbfc029fe51efd266368ef3a8cccc910d9
091,2026-08-13,Ituri,patients_isolated,,528,528,,,only_bos,126d07fbfc029fe51efd266368ef3a8cccc910d9
091,2026-08-13,Nord-Kivu,patients_isolated,,,151,,,only_bos,126d07fbfc029fe51efd266368ef3a8cccc910d9
091,2026-08-13,Sud-Kivu,patients_isolated,,6,,,,only_bos,126d07fbfc029fe51efd266368ef3a8cccc910d9
091,2026-08-13,Tshopo,patients_isolated,,,8,,,only_bos,126d07fbfc029fe51efd266368ef3a8cccc910d9
092,2026-08-14,Haut-Uele,patients_isolated,,61,61,,,only_bos,126d07fbfc029fe51efd266368ef3a8cccc910d9
092,2026-08-14,Ituri,patients_isolated,,545,545,,,only_bos,126d07fbfc029fe51efd266368ef3a8cccc910d9
092,2026-08-14,Nord-Kivu,patients_isolated,,165,165,,,only_bos,126d07fbfc029fe51efd266368ef3a8cccc910d9
092,2026-08-14,Sud-Kivu,patients_isolated,,6,6,,,only_bos,126d07fbfc029fe51efd266368ef3a8cccc910d9
093,2026-08-15,Ituri,patients_isolated,,548,548,,,only_bos,126d07fbfc029fe51efd266368ef3a8cccc910d9
093,2026-08-15,Nord-Kivu,patients_isolated,,170,170,,,only_bos,126d07fbfc029fe51efd266368ef3a8cccc910d9
093,2026-08-15,Sud-Kivu,patients_isolated,,7,7,,,only_bos,126d07fbfc029fe51efd266368ef3a8cccc910d9
093,2026-08-15,Tshopo,patients_isolated,,8,8,,,only_bos,126d07fbfc029fe51efd266368ef3a8cccc910d9
094,2026-08-16,Ituri,patients_isolated,,577,577,,,only_bos,126d07fbfc029fe51efd266368ef3a8cccc910d9
094,2026-08-16,Nord-Kivu,patients_isolated,,170,170,,,only_bos,126d07fbfc029fe51efd266368ef3a8cccc910d9
094,2026-08-16,Tshopo,patients_isolated,,,5,,,only_bos,126d07fbfc029fe51efd266368ef3a8cccc910d9
095,2026-08-17,Haut-Uele,patients_isolated,,49,49,,,only_bos,126d07fbfc029fe51efd266368ef3a8cccc910d9
095,2026-08-17,Ituri,patients_isolated,,,470,,,only_bos,126d07fbfc029fe51efd266368ef3a8cccc910d9
095,2026-08-17,Nord-Kivu,patients_isolated,,181,181,,,only_bos,126d07fbfc029fe51efd266368ef3a8cccc910d9
095,2026-08-17,Sud-Kivu,patients_isolated,,14,14,,,only_bos,126d07fbfc029fe51efd266368ef3a8cccc910d9
096,2026-08-18,Haut-Uele,patients_isolated,,,53,,,only_bos,126d07fbfc029fe51efd266368ef3a8cccc910d9
096,2026-08-18,Ituri,patients_isolated,,447,447,,,only_bos,126d07fbfc029fe51efd266368ef3a8cccc910d9
096,2026-08-18,Nord-Kivu,patients_isolated,,205,205,,,only_bos,126d07fbfc029fe51efd266368ef3a8cccc910d9
096,2026-08-18,Sud-Kivu,patients_isolated,,20,20,,,only_bos,126d07fbfc029fe51efd266368ef3a8cccc910d9
096,2026-08-18,Tshopo,patients_isolated,,,5,,,only_bos,126d07fbfc029fe51efd266368ef3a8cccc910d9
097,2026-08-19,Haut-Uele,patients_isolated,,,53,,,only_bos,126d07fbfc029fe51efd266368ef3a8cccc910d9
097,2026-08-19,Ituri,patients_isolated,,551,551,,,only_bos,126d07fbfc029fe51efd266368ef3a8cccc910d9
097,2026-08-19,Nord-Kivu,patients_isolated,,196,196,,,only_bos,126d07fbfc029fe51efd266368ef3a8cccc910d9
097,2026-08-19,Sud-Kivu,patients_isolated,,25,25,,,only_bos,126d07fbfc029fe51efd266368ef3a8cccc910d9
097,2026-08-19,Tshopo,patients_isolated,,,5,,,only_bos,126d07fbfc029fe51efd266368ef3a8cccc910d9
098,2026-08-20,Bas-Uele,patients_isolated,,1,,,,only_bos,126d07fbfc029fe51efd266368ef3a8cccc910d9
098,2026-08-20,Ituri,patients_isolated,,536,536,,,only_bos,126d07fbfc029fe51efd266368ef3a8cccc910d9
098,2026-08-20,Nord-Kivu,patients_isolated,,169,169,,,only_bos,126d07fbfc029fe51efd266368ef3a8cccc910d9
098,2026-08-20,Sud-Kivu,patients_isolated,,25,25,,,only_bos,126d07fbfc029fe51efd266368ef3a8cccc910d9
098,2026-08-20,Tshopo,patients_isolated,,,6,,,only_bos,126d07fbfc029fe51efd266368ef3a8cccc910d9
099,2026-08-21,Haut-Uele,patients_isolated,,69,69,,,only_bos,126d07fbfc029fe51efd266368ef3a8cccc910d9
099,2026-08-21,Ituri,patients_isolated,,521,521,,,only_bos,126d07fbfc029fe51efd266368ef3a8cccc910d9
099,2026-08-21,Nord-Kivu,patients_isolated,,176,176,,,only_bos,126d07fbfc029fe51efd266368ef3a8cccc910d9
099,2026-08-21,Sud-Kivu,patients_isolated,,27,27,,,only_bos,126d07fbfc029fe51efd266368ef3a8cccc910d9
099,2026-08-21,Tshopo,patients_isolated,,,5,,,only_bos,126d07fbfc029fe51efd266368ef3a8cccc910d9
100,2026-08-22,Haut-Uele,patients_isolated,,72,72,,,only_bos,126d07fbfc029fe51efd266368ef3a8cccc910d9
100,2026-08-22,Ituri,patients_isolated,,528,528,,,only_bos,126d07fbfc029fe51efd266368ef3a8cccc910d9
100,2026-08-22,Nord-Kivu,patients_isolated,,167,167,,,only_bos,126d07fbfc029fe51efd266368ef3a8cccc910d9
100,2026-08-22,Sud-Kivu,patients_isolated,,29,29,,,only_bos,126d07fbfc029fe51efd266368ef3a8cccc910d9
100,2026-08-22,Tshopo,patients_isolated,,,4,,,only_bos,126d07fbfc029fe51efd266368ef3a8cccc910d9
101,2026-08-23,Haut-Uele,patients_isolated,,72,72,,,only_bos,126d07fbfc029fe51efd266368ef3a8cccc910d9
101,2026-08-23,Ituri,patients_isolated,,555,555,,,only_bos,126d07fbfc029fe51efd266368ef3a8cccc910d9
101,2026-08-23,Nord-Kivu,patients_isolated,,181,181,,,only_bos,126d07fbfc029fe51efd266368ef3a8cccc910d9
101,2026-08-23,Sud-Kivu,patients_isolated,,30,30,,,only_bos,126d07fbfc029fe51efd266368ef3a8cccc910d9
101,2026-08-23,Tshopo,patients_isolated,,,7,,,only_bos,126d07fbfc029fe51efd266368ef3a8cccc910d9
102,2026-08-24,Bas-Uele,patients_isolated,,1,,,,only_bos,126d07fbfc029fe51efd266368ef3a8cccc910d9
102,2026-08-24,Haut-Uele,patients_isolated,,81,81,,,only_bos,126d07fbfc029fe51efd266368ef3a8cccc910d9
102,2026-08-24,Ituri,patients_isolated,,522,522,,,only_bos,126d07fbfc029fe51efd266368ef3a8cccc910d9
102,2026-08-24,Nord-Kivu,patients_isolated,,178,178,,,only_bos,126d07fbfc029fe51efd266368ef3a8cccc910d9
102,2026-08-24,Tshopo,patients_isolated,,,10,,,only_bos,126d07fbfc029fe51efd266368ef3a8cccc910d9
103,2026-08-25,Bas-Uele,patients_isolated,,1,,,,only_bos,126d07fbfc029fe51efd266368ef3a8cccc910d9
103,2026-08-25,Haut-Uele,patients_isolated,,79,79,,,only_bos,126d07fbfc029fe51efd266368ef3a8cccc910d9
103,2026-08-25,Ituri,patients_isolated,,488,488,,,only_bos,126d07fbfc029fe51efd266368ef3a8cccc910d9
103,2026-08-25,Nord-Kivu,patients_isolated,,194,194,,,only_bos,126d07fbfc029fe51efd266368ef3a8cccc910d9
103,2026-08-25,Tshopo,patients_isolated,,,8,,,only_bos,126d07fbfc029fe51efd266368ef3a8cccc910d9
104,2026-08-26,Haut-Uele,patients_isolated,,68,68,,,only_bos,126d07fbfc029fe51efd266368ef3a8cccc910d9
104,2026-08-26,Ituri,patients_isolated,,549,549,,,only_bos,126d07fbfc029fe51efd266368ef3a8cccc910d9
104,2026-08-26,Nord-Kivu,patients_isolated,,214,214,,,only_bos,126d07fbfc029fe51efd266368ef3a8cccc910d9
104,2026-08-26,Tshopo,patients_isolated,,,11,,,only_bos,126d07fbfc029fe51efd266368ef3a8cccc910d9
105,2026-08-27,Bas-Uele,patients_isolated,,1,,,,only_bos,126d07fbfc029fe51efd266368ef3a8cccc910d9
105,2026-08-27,Ituri,patients_isolated,,522,522,,,only_bos,126d07fbfc029fe51efd266368ef3a8cccc910d9
105,2026-08-27,Nord-Kivu,patients_isolated,,232,232,,,only_bos,126d07fbfc029fe51efd266368ef3a8cccc910d9
105,2026-08-27,Sud-Kivu,patients_isolated,,,26,,,only_bos,126d07fbfc029fe51efd266368ef3a8cccc910d9
106,2026-08-28,Bas-Uele,patients_isolated,,1,,,,only_bos,126d07fbfc029fe51efd266368ef3a8cccc910d9
106,2026-08-28,Haut-Uele,patients_isolated,,70,70,,,only_bos,126d07fbfc029fe51efd266368ef3a8cccc910d9
106,2026-08-28,Ituri,patients_isolated,,552,552,,,only_bos,126d07fbfc029fe51efd266368ef3a8cccc910d9
106,2026-08-28,Nord-Kivu,patients_isolated,,236,236,,,only_bos,126d07fbfc029fe51efd266368ef3a8cccc910d9
106,2026-08-28,Sud-Kivu,patients_isolated,,26,26,,,only_bos,126d07fbfc029fe51efd266368ef3a8cccc910d9
106,2026-08-28,Tshopo,patients_isolated,,11,11,,,only_bos,126d07fbfc029fe51efd266368ef3a8cccc910d9
107,2026-08-29,Haut-Uele,patients_isolated,,44,44,,,only_bos,126d07fbfc029fe51efd266368ef3a8cccc910d9
107,2026-08-29,Ituri,patients_isolated,,550,550,,,only_bos,126d07fbfc029fe51efd266368ef3a8cccc910d9
107,2026-08-29,Sud-Kivu,patients_isolated,,15,15,,,only_bos,126d07fbfc029fe51efd266368ef3a8cccc910d9
107,2026-08-29,Tshopo,patients_isolated,,10,10,,,only_bos,126d07fbfc029fe51efd266368ef3a8cccc910d9
108,2026-08-30,Ituri,patients_isolated,,524,524,,,only_bos,126d07fbfc029fe51efd266368ef3a8cccc910d9
108,2026-08-30,Nord-Kivu,patients_isolated,,282,282,,,only_bos,126d07fbfc029fe51efd266368ef3a8cccc910d9
108,2026-08-30,Tshopo,patients_isolated,,7,7,,,only_bos,126d07fbfc029fe51efd266368ef3a8cccc910d9
109,2026-08-31,Ituri,patients_isolated,,539,539,,,only_bos,126d07fbfc029fe51efd266368ef3a8cccc910d9
109,2026-08-31,Nord-Kivu,patients_isolated,,283,283,,,only_bos,126d07fbfc029fe51efd266368ef3a8cccc910d9
109,2026-08-31,Sud-Kivu,patients_isolated,,8,8,,,only_bos,126d07fbfc029fe51efd266368ef3a8cccc910d9
110,2026-09-01,Haut-Uele,patients_isolated,,,62,,,only_bos,126d07fbfc029fe51efd266368ef3a8cccc910d9
110,2026-09-01,Ituri,patients_isolated,,564,564,,,only_bos,126d07fbfc029fe51efd266368ef3a8cccc910d9
110,2026-09-01,Nord-Kivu,patients_isolated,,232,232,,,only_bos,126d07fbfc029fe51efd266368ef3a8cccc910d9
110,2026-09-01,Sud-Kivu,patients_isolated,,8,8,,,only_bos,126d07fbfc029fe51efd266368ef3a8cccc910d9
110,2026-09-01,Tshopo,patients_isolated,,,3,,,only_bos,126d07fbfc029fe51efd266368ef3a8cccc910d9
111,2026-09-02,Haut-Uele,patients_isolated,,,56,,,only_bos,126d07fbfc029fe51efd266368ef3a8cccc910d9
111,2026-09-02,Ituri,patients_isolated,,434,434,,,only_bos,126d07fbfc029fe51efd266368ef3a8cccc910d9
111,2026-09-02,Nord-Kivu,patients_isolated,,261,261,,,only_bos,126d07fbfc029fe51efd266368ef3a8cccc910d9
111,2026-09-02,Tshopo,patients_isolated,,7,7,,,only_bos,126d07fbfc029fe51efd266368ef3a8cccc910d9
112,2026-09-03,Haut-Uele,patients_isolated,,62,62,,,only_bos,126d07fbfc029fe51efd266368ef3a8cccc910d9
112,2026-09-03,Ituri,patients_isolated,,434,434,,,only_bos,126d07fbfc029fe51efd266368ef3a8cccc910d9
112,2026-09-03,Nord-Kivu,patients_isolated,,225,225,,,only_bos,126d07fbfc029fe51efd266368ef3a8cccc910d9
112,2026-09-03,Tshopo,patients_isolated,,6,6,,,only_bos,126d07fbfc029fe51efd266368ef3a8cccc910d9
113,2026-09-04,Haut-Uele,patients_isolated,,62,62,,,only_bos,126d07fbfc029fe51efd266368ef3a8cccc910d9
113,2026-09-04,Ituri,patients_isolated,,495,495,,,only_bos,126d07fbfc029fe51efd266368ef3a8cccc910d9
113,2026-09-04,Nord-Kivu,patients_isolated,,237,237,,,only_bos,126d07fbfc029fe51efd266368ef3a8cccc910d9
113,2026-09-04,Sud-Kivu,patients_isolated,,16,16,,,only_bos,126d07fbfc029fe51efd266368ef3a8cccc910d9
113,2026-09-04,Tshopo,patients_isolated,,7,7,,,only_bos,126d07fbfc029fe51efd266368ef3a8cccc910d9
114,2026-09-05,Haut-Uele,patients_isolated,,65,65,,,only_bos,126d07fbfc029fe51efd266368ef3a8cccc910d9
114,2026-09-05,Ituri,patients_isolated,,510,510,,,only_bos,126d07fbfc029fe51efd266368ef3a8cccc910d9
114,2026-09-05,Nord-Kivu,patients_isolated,,253,253,,,only_bos,126d07fbfc029fe51efd266368ef3a8cccc910d9
114,2026-09-05,Sud-Kivu,patients_isolated,,17,17,,,only_bos,126d07fbfc029fe51efd266368ef3a8cccc910d9
114,2026-09-05,Tshopo,patients_isolated,,6,6,,,only_bos,126d07fbfc029fe51efd266368ef3a8cccc910d9
115,2026-09-06,Haut-Uele,patients_isolated,,68,68,,,only_bos,126d07fbfc029fe51efd266368ef3a8cccc910d9
115,2026-09-06,Ituri,patients_isolated,,484,484,,,only_bos,126d07fbfc029fe51efd266368ef3a8cccc910d9
115,2026-09-06,Nord-Kivu,patients_isolated,,262,262,,,only_bos,126d07fbfc029fe51efd266368ef3a8cccc910d9
115,2026-09-06,Tshopo,patients_isolated,,5,5,,,only_bos,126d07fbfc029fe51efd266368ef3a8cccc910d9
116,2026-09-07,Haut-Uele,patients_isolated,,62,62,,,only_bos,126d07fbfc029fe51efd266368ef3a8cccc910d9
116,2026-09-07,Ituri,patients_isolated,,473,473,,,only_bos,126d07fbfc029fe51efd266368ef3a8cccc910d9
116,2026-09-07,Nord-Kivu,patients_isolated,,254,254,,,only_bos,126d07fbfc029fe51efd266368ef3a8cccc910d9
116,2026-09-07,Sud-Kivu,patients_isolated,,20,20,,,only_bos,126d07fbfc029fe51efd266368ef3a8cccc910d9
116,2026-09-07,Tshopo,patients_isolated,,4,4,,,only_bos,126d07fbfc029fe51efd266368ef3a8cccc910d9
117,2026-09-08,Haut-Uele,patients_isolated,,49,49,,,only_bos,126d07fbfc029fe51efd266368ef3a8cccc910d9
117,2026-09-08,Ituri,patients_isolated,,471,471,,,only_bos,126d07fbfc029fe51efd266368ef3a8cccc910d9
117,2026-09-08,Nord-Kivu,patients_isolated,,287,287,,,only_bos,126d07fbfc029fe51efd266368ef3a8cccc910d9
117,2026-09-08,Sud-Kivu,patients_isolated,,19,19,,,only_bos,126d07fbfc029fe51efd266368ef3a8cccc910d9
117,2026-09-08,Tshopo,patients_isolated,,7,7,,,only_bos,126d07fbfc029fe51efd266368ef3a8cccc910d9
118,2026-09-09,Haut-Uele,patients_isolated,,54,54,,,only_bos,126d07fbfc029fe51efd266368ef3a8cccc910d9
118,2026-09-09,Ituri,patients_isolated,,457,457,,,only_bos,126d07fbfc029fe51efd266368ef3a8cccc910d9
118,2026-09-09,Nord-Kivu,patients_isolated,,291,291,,,only_bos,126d07fbfc029fe51efd266368ef3a8cccc910d9
118,2026-09-09,Sud-Kivu,patients_isolated,,18,18,,,only_bos,126d07fbfc029fe51efd266368ef3a8cccc910d9
118,2026-09-09,Tshopo,patients_isolated,,3,3,,,only_bos,126d07fbfc029fe51efd266368ef3a8cccc910d9
119,2026-09-10,Haut-Uele,patients_isolated,,64,64,,,only_bos,126d07fbfc029fe51efd266368ef3a8cccc910d9
119,2026-09-10,Ituri,patients_isolated,,435,435,,,only_bos,126d07fbfc029fe51efd266368ef3a8cccc910d9
119,2026-09-10,Nord-Kivu,patients_isolated,,311,311,,,only_bos,126d07fbfc029fe51efd266368ef3a8cccc910d9
119,2026-09-10,Sud-Kivu,patients_isolated,,18,18,,,only_bos,126d07fbfc029fe51efd266368ef3a8cccc910d9
119,2026-09-10,Tshopo,patients_isolated,,,9,,,only_bos,126d07fbfc029fe51efd266368ef3a8cccc910d9
120,2026-09-11,Bas-Uele,patients_isolated,,6,,,,only_bos,126d07fbfc029fe51efd266368ef3a8cccc910d9
120,2026-09-11,Haut-Uele,patients_isolated,,65,65,,,only_bos,126d07fbfc029fe51efd266368ef3a8cccc910d9
120,2026-09-11,Ituri,patients_isolated,,442,442,,,only_bos,126d07fbfc029fe51efd266368ef3a8cccc910d9
120,2026-09-11,Nord-Kivu,patients_isolated,,317,317,,,only_bos,126d07fbfc029fe51efd266368ef3a8cccc910d9
120,2026-09-11,Sud-Kivu,patients_isolated,,16,16,,,only_bos,126d07fbfc029fe51efd266368ef3a8cccc910d9
120,2026-09-11,Tshopo,patients_isolated,,,9,,,only_bos,126d07fbfc029fe51efd266368ef3a8cccc910d9
121,2026-09-12,Bas-Uele,patients_isolated,,7,,,,only_bos,126d07fbfc029fe51efd266368ef3a8cccc910d9
121,2026-09-12,Haut-Uele,patients_isolated,,69,69,,,only_bos,126d07fbfc029fe51efd266368ef3a8cccc910d9
121,2026-09-12,Ituri,patients_isolated,,476,476,,,only_bos,126d07fbfc029fe51efd266368ef3a8cccc910d9
121,2026-09-12,Nord-Kivu,patients_isolated,,342,342,,,only_bos,126d07fbfc029fe51efd266368ef3a8cccc910d9
121,2026-09-12,Tshopo,patients_isolated,,12,12,,,only_bos,126d07fbfc029fe51efd266368ef3a8cccc910d9
122,2026-09-13,Bas-Uele,patients_isolated,,7,,,,only_bos,126d07fbfc029fe51efd266368ef3a8cccc910d9
122,2026-09-13,Haut-Uele,patients_isolated,,69,69,,,only_bos,126d07fbfc029fe51efd266368ef3a8cccc910d9
122,2026-09-13,Ituri,patients_isolated,,472,472,,,only_bos,126d07fbfc029fe51efd266368ef3a8cccc910d9
122,2026-09-13,Nord-Kivu,patients_isolated,,332,332,,,only_bos,126d07fbfc029fe51efd266368ef3a8cccc910d9
122,2026-09-13,Sud-Kivu,patients_isolated,,17,,,,only_bos,126d07fbfc029fe51efd266368ef3a8cccc910d9
122,2026-09-13,Tshopo,patients_isolated,,8,8,,,only_bos,126d07fbfc029fe51efd266368ef3a8cccc910d9
123,2026-09-14,Bas-Uele,patients_isolated,,7,,,,only_bos,126d07fbfc029fe51efd266368ef3a8cccc910d9
123,2026-09-14,Haut-Uele,patients_isolated,,76,76,,,only_bos,126d07fbfc029fe51efd266368ef3a8cccc910d9
123,2026-09-14,Ituri,patients_isolated,,485,485,,,only_bos,126d07fbfc029fe51efd266368ef3a8cccc910d9
123,2026-09-14,Nord-Kivu,patients_isolated,,348,348,,,only_bos,126d07fbfc029fe51efd266368ef3a8cccc910d9
123,2026-09-14,Sud-Kivu,patients_isolated,,16,16,,,only_bos,126d07fbfc029fe51efd266368ef3a8cccc910d9
123,2026-09-14,Tshopo,patients_isolated,,6,6,,,only_bos,126d07fbfc029fe51efd266368ef3a8cccc910d9
124,2026-09-15,Haut-Uele,patients_isolated,,63,63,,,only_bos,126d07fbfc029fe51efd266368ef3a8cccc910d9
124,2026-09-15,Ituri,patients_isolated,,461,461,,,only_bos,126d07fbfc029fe51efd266368ef3a8cccc910d9
124,2026-09-15,Nord-Kivu,patients_isolated,,373,373,,,only_bos,126d07fbfc029fe51efd266368ef3a8cccc910d9
124,2026-09-15,Sud-Kivu,patients_isolated,,16,16,,,only_bos,126d07fbfc029fe51efd266368ef3a8cccc910d9
124,2026-09-15,Tshopo,patients_isolated,,6,6,,,only_bos,126d07fbfc029fe51efd266368ef3a8cccc910d9
125,2026-09-16,Bas-Uele,patients_isolated,,5,,,,only_bos,126d07fbfc029fe51efd266368ef3a8cccc910d9
125,2026-09-16,Haut-Uele,patients_isolated,,62,62,,,only_bos,126d07fbfc029fe51efd266368ef3a8cccc910d9
125,2026-09-16,Ituri,patients_isolated,,442,442,,,only_bos,126d07fbfc029fe51efd266368ef3a8cccc910d9
125,2026-09-16,Nord-Kivu,patients_isolated,,376,376,,,only_bos,126d07fbfc029fe51efd266368ef3a8cccc910d9
125,2026-09-16,Sud-Kivu,patients_isolated,,13,13,,,only_bos,126d07fbfc029fe51efd266368ef3a8cccc910d9
125,2026-09-16,Tshopo,patients_isolated,,7,7,,,only_bos,126d07fbfc029fe51efd266368ef3a8cccc910d9
126,2026-09-17,Bas-Uele,patients_isolated,,11,11,,,only_bos,126d07fbfc029fe51efd266368ef3a8cccc910d9
126,2026-09-17,Haut-Uele,patients_isolated,,61,61,,,only_bos,126d07fbfc029fe51efd266368ef3a8cccc910d9
126,2026-09-17,Ituri,patients_isolated,,430,430,,,only_bos,126d07fbfc029fe51efd266368ef3a8cccc910d9
126,2026-09-17,Nord-Kivu,patients_isolated,,403,403,,,only_bos,126d07fbfc029fe51efd266368ef3a8cccc910d9
126,2026-09-17,Sud-Kivu,patients_isolated,,13,13,,,only_bos,126d07fbfc029fe51efd266368ef3a8cccc910d9
126,2026-09-17,Tshopo,patients_isolated,,12,12,,,only_bos,126d07fbfc029fe51efd266368ef3a8cccc910d9
127,2026-09-18,Bas-Uele,patients_isolated,,10,10,,,only_bos,126d07fbfc029fe51efd266368ef3a8cccc910d9
127,2026-09-18,Haut-Uele,patients_isolated,,63,63,,,only_bos,126d07fbfc029fe51efd266368ef3a8cccc910d9
127,2026-09-18,Ituri,patients_isolated,,434,434,,,only_bos,126d07fbfc029fe51efd266368ef3a8cccc910d9
127,2026-09-18,Nord-Kivu,patients_isolated,,392,392,,,only_bos,126d07fbfc029fe51efd266368ef3a8cccc910d9
127,2026-09-18,Tshopo,patients_isolated,,10,10,,,only_bos,126d07fbfc029fe51efd266368ef3a8cccc910d9
128,2026-09-19,Haut-Uele,patients_isolated,,60,60,,,only_bos,126d07fbfc029fe51efd266368ef3a8cccc910d9
128,2026-09-19,Ituri,patients_isolated,,439,439,,,only_bos,126d07fbfc029fe51efd266368ef3a8cccc910d9
128,2026-09-19,Nord-Kivu,patients_isolated,,376,376,,,only_bos,126d07fbfc029fe51efd266368ef3a8cccc910d9
128,2026-09-19,Tshopo,patients_isolated,,11,11,,,only_bos,126d07fbfc029fe51efd266368ef3a8cccc910d9
129,2026-09-20,Bas-Uele,patients_isolated,,6,6,,,only_bos,126d07fbfc029fe51efd266368ef3a8cccc910d9
129,2026-09-20,Haut-Uele,patients_isolated,,45,45,,,only_bos,126d07fbfc029fe51efd266368ef3a8cccc910d9
129,2026-09-20,Ituri,patients_isolated,,442,442,,,only_bos,126d07fbfc029fe51efd266368ef3a8cccc910d9
129,2026-09-20,Nord-Kivu,patients_isolated,,316,316,,,only_bos,126d07fbfc029fe51efd266368ef3a8cccc910d9
129,2026-09-20,Tshopo,patients_isolated,,12,12,,,only_bos,126d07fbfc029fe51efd266368ef3a8cccc910d9
130,2026-09-21,Bas-Uele,patients_isolated,,8,8,,,only_bos,126d07fbfc029fe51efd266368ef3a8cccc910d9
130,2026-09-21,Haut-Uele,patients_isolated,,50,50,,,only_bos,126d07fbfc029fe51efd266368ef3a8cccc910d9
130,2026-09-21,Ituri,patients_isolated,,432,432,,,only_bos,126d07fbfc029fe51efd266368ef3a8cccc910d9
130,2026-09-21,Nord-Kivu,patients_isolated,,338,338,,,only_bos,126d07fbfc029fe51efd266368ef3a8cccc910d9
130,2026-09-21,Tshopo,patients_isolated,,11,11,,,only_bos,126d07fbfc029fe51efd266368ef3a8cccc910d9
131,2026-09-22,Bas-Uele,patients_isolated,,7,7,,,only_bos,126d07fbfc029fe51efd266368ef3a8cccc910d9
131,2026-09-22,Haut-Uele,patients_isolated,,56,56,,,only_bos,126d07fbfc029fe51efd266368ef3a8cccc910d9
131,2026-09-22,Ituri,patients_isolated,,429,429,,,only_bos,126d07fbfc029fe51efd266368ef3a8cccc910d9
131,2026-09-22,Nord-Kivu,patients_isolated,,377,377,,,only_bos,126d07fbfc029fe51efd266368ef3a8cccc910d9
131,2026-09-22,Tshopo,patients_isolated,,16,16,,,only_bos,126d07fbfc029fe51efd266368ef3a8cccc910d9
132,2026-09-23,Bas-Uele,patients_isolated,,,6,,,only_bos,126d07fbfc029fe51efd266368ef3a8cccc910d9
132,2026-09-23,Haut-Uele,patients_isolated,,62,62,,,only_bos,126d07fbfc029fe51efd266368ef3a8cccc910d9
132,2026-09-23,Ituri,patients_isolated,,440,440,,,only_bos,126d07fbfc029fe51efd266368ef3a8cccc910d9
132,2026-09-23,Nord-Kivu,patients_isolated,,369,369,,,only_bos,126d07fbfc029fe51efd266368ef3a8cccc910d9
132,2026-09-23,Tshopo,patients_isolated,,,16,,,only_bos,126d07fbfc029fe51efd266368ef3a8cccc910d9
133,2026-09-24,Bas-Uele,patients_isolated,,,6,,,only_bos,126d07fbfc029fe51efd266368ef3a8cccc910d9
133,2026-09-24,Haut-Uele,patients_isolated,,66,66,,,only_bos,126d07fbfc029fe51efd266368ef3a8cccc910d9
133,2026-09-24,Ituri,patients_isolated,,394,394,,,only_bos,126d07fbfc029fe51efd266368ef3a8cccc910d9
133,2026-09-24,Nord-Kivu,patients_isolated,,365,365,,,only_bos,126d07fbfc029fe51efd266368ef3a8cccc910d9
133,2026-09-24,Sud Ubangi,patients_isolated,,,2,,,only_bos,126d07fbfc029fe51efd266368ef3a8cccc910d9
133,2026-09-24,Tshopo,patients_isolated,,,15,,,only_bos,126d07fbfc029fe51efd266368ef3a8cccc910d9
134,2026-09-25,Bas-Uele,patients_isolated,,,6,,,only_bos,126d07fbfc029fe51efd266368ef3a8cccc910d9
134,2026-09-25,Haut-Uele,patients_isolated,,69,69,,,only_bos,126d07fbfc029fe51efd266368ef3a8cccc910d9
134,2026-09-25,Ituri,patients_isolated,,385,385,,,only_bos,126d07fbfc029fe51efd266368ef3a8cccc910d9
134,2026-09-25,Nord-Kivu,patients_isolated,,351,351,,,only_bos,126d07fbfc029fe51efd266368ef3a8cccc910d9
134,2026-09-25,Tshopo,patients_isolated,,,17,,,only_bos,126d07fbfc029fe51efd266368ef3a8cccc910d9
013,2026-05-27,Ituri,recovered_24h,,,0,,,only_bos,126d07fbfc029fe51efd266368ef3a8cccc910d9
013,2026-05-27,Nord-Kivu,recovered_24h,,,0,,,only_bos,126d07fbfc029fe51efd266368ef3a8cccc910d9
015,2026-05-29,Ituri,recovered_24h,,,0,,,only_bos,126d07fbfc029fe51efd266368ef3a8cccc910d9
016,2026-05-30,Ituri,recovered_24h,,,0,,,only_bos,126d07fbfc029fe51efd266368ef3a8cccc910d9
017,2026-05-31,Ituri,recovered_24h,,,4,,,only_bos,126d07fbfc029fe51efd266368ef3a8cccc910d9
019,2026-06-02,Sud-Kivu,recovered_24h,,,0,,,only_bos,126d07fbfc029fe51efd266368ef3a8cccc910d9
021,2026-06-04,Nord-Kivu,recovered_24h,,,0,,,only_bos,126d07fbfc029fe51efd266368ef3a8cccc910d9
021,2026-06-04,Sud-Kivu,recovered_24h,,,0,,,only_bos,126d07fbfc029fe51efd266368ef3a8cccc910d9
022,2026-06-05,Nord-Kivu,recovered_24h,,,0,,,only_bos,126d07fbfc029fe51efd266368ef3a8cccc910d9
022,2026-06-05,Sud-Kivu,recovered_24h,,,0,,,only_bos,126d07fbfc029fe51efd266368ef3a8cccc910d9
023,2026-06-06,Nord-Kivu,recovered_24h,,,1,,,only_bos,126d07fbfc029fe51efd266368ef3a8cccc910d9
023,2026-06-06,Sud-Kivu,recovered_24h,,,0,,,only_bos,126d07fbfc029fe51efd266368ef3a8cccc910d9
024,2026-06-07,Nord-Kivu,recovered_24h,,,0,,,only_bos,126d07fbfc029fe51efd266368ef3a8cccc910d9
024,2026-06-07,Sud-Kivu,recovered_24h,,,0,,,only_bos,126d07fbfc029fe51efd266368ef3a8cccc910d9
025,2026-06-08,Nord-Kivu,recovered_24h,,,0,,,only_bos,126d07fbfc029fe51efd266368ef3a8cccc910d9
025,2026-06-08,Sud-Kivu,recovered_24h,,,0,,,only_bos,126d07fbfc029fe51efd266368ef3a8cccc910d9
026,2026-06-09,Nord-Kivu,recovered_24h,,,0,,,only_bos,126d07fbfc029fe51efd266368ef3a8cccc910d9
026,2026-06-09,Sud-Kivu,recovered_24h,,,0,,,only_bos,126d07fbfc029fe51efd266368ef3a8cccc910d9
027,2026-06-10,Nord-Kivu,recovered_24h,,,0,,,only_bos,126d07fbfc029fe51efd266368ef3a8cccc910d9
027,2026-06-10,Sud-Kivu,recovered_24h,,,0,,,only_bos,126d07fbfc029fe51efd266368ef3a8cccc910d9
028,2026-06-11,Ituri,recovered_24h,,,7,,,only_bos,126d07fbfc029fe51efd266368ef3a8cccc910d9
028,2026-06-11,Nord-Kivu,recovered_24h,,,0,,,only_bos,126d07fbfc029fe51efd266368ef3a8cccc910d9
028,2026-06-11,Sud-Kivu,recovered_24h,,,5,,,only_bos,126d07fbfc029fe51efd266368ef3a8cccc910d9
030,2026-06-13,Nord-Kivu,recovered_24h,,,0,,,only_bos,126d07fbfc029fe51efd266368ef3a8cccc910d9
030,2026-06-13,Sud-Kivu,recovered_24h,,,6,,,only_bos,126d07fbfc029fe51efd266368ef3a8cccc910d9
063,2026-07-16,Ituri,recovered_24h,,,20,,,only_bos,126d07fbfc029fe51efd266368ef3a8cccc910d9
063,2026-07-16,Nord-Kivu,recovered_24h,,,1,,,only_bos,126d07fbfc029fe51efd266368ef3a8cccc910d9
063,2026-07-16,Tshopo,recovered_24h,,,1,,,only_bos,126d07fbfc029fe51efd266368ef3a8cccc910d9
081,2026-08-03,Ituri,recovered_24h,,21,21,,,only_bos,126d07fbfc029fe51efd266368ef3a8cccc910d9
081,2026-08-03,Nord-Kivu,recovered_24h,,0,0,,,only_bos,126d07fbfc029fe51efd266368ef3a8cccc910d9
082,2026-08-04,Ituri,recovered_24h,,25,25,,,only_bos,126d07fbfc029fe51efd266368ef3a8cccc910d9
082,2026-08-04,Nord-Kivu,recovered_24h,,2,2,,,only_bos,126d07fbfc029fe51efd266368ef3a8cccc910d9
082,2026-08-04,Tshopo,recovered_24h,,,0,,,only_bos,126d07fbfc029fe51efd266368ef3a8cccc910d9
083,2026-08-05,Ituri,recovered_24h,,15,15,,,only_bos,126d07fbfc029fe51efd266368ef3a8cccc910d9
083,2026-08-05,Nord-Kivu,recovered_24h,,0,0,,,only_bos,126d07fbfc029fe51efd266368ef3a8cccc910d9
085,2026-08-07,Ituri,recovered_24h,,14,14,,,only_bos,126d07fbfc029fe51efd266368ef3a8cccc910d9
085,2026-08-07,Nord-Kivu,recovered_24h,,4,4,,,only_bos,126d07fbfc029fe51efd266368ef3a8cccc910d9
086,2026-08-08,Ituri,recovered_24h,,21,21,,,only_bos,126d07fbfc029fe51efd266368ef3a8cccc910d9
086,2026-08-08,Nord-Kivu,recovered_24h,,0,0,,,only_bos,126d07fbfc029fe51efd266368ef3a8cccc910d9
087,2026-08-09,Ituri,recovered_24h,,17,17,,,only_bos,126d07fbfc029fe51efd266368ef3a8cccc910d9
087,2026-08-09,Nord-Kivu,recovered_24h,,3,3,,,only_bos,126d07fbfc029fe51efd266368ef3a8cccc910d9
088,2026-08-10,Ituri,recovered_24h,,16,16,,,only_bos,126d07fbfc029fe51efd266368ef3a8cccc910d9
088,2026-08-10,Nord-Kivu,recovered_24h,,1,1,,,only_bos,126d07fbfc029fe51efd266368ef3a8cccc910d9
089,2026-08-11,Ituri,recovered_24h,,29,29,,,only_bos,126d07fbfc029fe51efd266368ef3a8cccc910d9
089,2026-08-11,Nord-Kivu,recovered_24h,,2,2,,,only_bos,126d07fbfc029fe51efd266368ef3a8cccc910d9
090,2026-08-12,Haut-Uele,recovered_24h,,4,4,,,only_bos,126d07fbfc029fe51efd266368ef3a8cccc910d9
090,2026-08-12,Ituri,recovered_24h,,42,42,,,only_bos,126d07fbfc029fe51efd266368ef3a8cccc910d9
090,2026-08-12,Nord-Kivu,recovered_24h,,5,5,,,only_bos,126d07fbfc029fe51efd266368ef3a8cccc910d9
091,2026-08-13,Haut-Uele,recovered_24h,,0,0,,,only_bos,126d07fbfc029fe51efd266368ef3a8cccc910d9
091,2026-08-13,Ituri,recovered_24h,,11,11,,,only_bos,126d07fbfc029fe51efd266368ef3a8cccc910d9
091,2026-08-13,Nord-Kivu,recovered_24h,,0,0,,,only_bos,126d07fbfc029fe51efd266368ef3a8cccc910d9
092,2026-08-14,Haut-Uele,recovered_24h,,0,0,,,only_bos,126d07fbfc029fe51efd266368ef3a8cccc910d9
092,2026-08-14,Ituri,recovered_24h,,27,27,,,only_bos,126d07fbfc029fe51efd266368ef3a8cccc910d9
092,2026-08-14,Nord-Kivu,recovered_24h,,3,3,,,only_bos,126d07fbfc029fe51efd266368ef3a8cccc910d9
093,2026-08-15,Ituri,recovered_24h,,34,34,,,only_bos,126d07fbfc029fe51efd266368ef3a8cccc910d9
093,2026-08-15,Nord-Kivu,recovered_24h,,,0,,,only_bos,126d07fbfc029fe51efd266368ef3a8cccc910d9
094,2026-08-16,Ituri,recovered_24h,,18,18,,,only_bos,126d07fbfc029fe51efd266368ef3a8cccc910d9
094,2026-08-16,Nord-Kivu,recovered_24h,,2,2,,,only_bos,126d07fbfc029fe51efd266368ef3a8cccc910d9
094,2026-08-16,Tshopo,recovered_24h,,,0,,,only_bos,126d07fbfc029fe51efd266368ef3a8cccc910d9
095,2026-08-17,Haut-Uele,recovered_24h,,3,3,,,only_bos,126d07fbfc029fe51efd266368ef3a8cccc910d9
095,2026-08-17,Ituri,recovered_24h,,27,27,,,only_bos,126d07fbfc029fe51efd266368ef3a8cccc910d9
095,2026-08-17,Nord-Kivu,recovered_24h,,,0,,,only_bos,126d07fbfc029fe51efd266368ef3a8cccc910d9
096,2026-08-18,Ituri,recovered_24h,,22,22,,,only_bos,126d07fbfc029fe51efd266368ef3a8cccc910d9
096,2026-08-18,Nord-Kivu,recovered_24h,,2,2,,,only_bos,126d07fbfc029fe51efd266368ef3a8cccc910d9
097,2026-08-19,Ituri,recovered_24h,,36,36,,,only_bos,126d07fbfc029fe51efd266368ef3a8cccc910d9
097,2026-08-19,Nord-Kivu,recovered_24h,,1,1,,,only_bos,126d07fbfc029fe51efd266368ef3a8cccc910d9
098,2026-08-20,Ituri,recovered_24h,,9,9,,,only_bos,126d07fbfc029fe51efd266368ef3a8cccc910d9
098,2026-08-20,Nord-Kivu,recovered_24h,,2,2,,,only_bos,126d07fbfc029fe51efd266368ef3a8cccc910d9
099,2026-08-21,Haut-Uele,recovered_24h,,2,2,,,only_bos,126d07fbfc029fe51efd266368ef3a8cccc910d9
099,2026-08-21,Ituri,recovered_24h,,9,9,,,only_bos,126d07fbfc029fe51efd266368ef3a8cccc910d9
099,2026-08-21,Nord-Kivu,recovered_24h,,4,4,,,only_bos,126d07fbfc029fe51efd266368ef3a8cccc910d9
099,2026-08-21,Tshopo,recovered_24h,,,1,,,only_bos,126d07fbfc029fe51efd266368ef3a8cccc910d9
100,2026-08-22,Ituri,recovered_24h,,14,14,,,only_bos,126d07fbfc029fe51efd266368ef3a8cccc910d9
100,2026-08-22,Nord-Kivu,recovered_24h,,3,3,,,only_bos,126d07fbfc029fe51efd266368ef3a8cccc910d9
100,2026-08-22,Tshopo,recovered_24h,,,1,,,only_bos,126d07fbfc029fe51efd266368ef3a8cccc910d9
101,2026-08-23,Haut-Uele,recovered_24h,,2,2,,,only_bos,126d07fbfc029fe51efd266368ef3a8cccc910d9
101,2026-08-23,Ituri,recovered_24h,,13,13,,,only_bos,126d07fbfc029fe51efd266368ef3a8cccc910d9
101,2026-08-23,Tshopo,recovered_24h,,,0,,,only_bos,126d07fbfc029fe51efd266368ef3a8cccc910d9
102,2026-08-24,Haut-Uele,recovered_24h,,3,3,,,only_bos,126d07fbfc029fe51efd266368ef3a8cccc910d9
102,2026-08-24,Ituri,recovered_24h,,23,23,,,only_bos,126d07fbfc029fe51efd266368ef3a8cccc910d9
102,2026-08-24,Nord-Kivu,recovered_24h,,4,4,,,only_bos,126d07fbfc029fe51efd266368ef3a8cccc910d9
103,2026-08-25,Haut-Uele,recovered_24h,,3,3,,,only_bos,126d07fbfc029fe51efd266368ef3a8cccc910d9
103,2026-08-25,Ituri,recovered_24h,,20,20,,,only_bos,126d07fbfc029fe51efd266368ef3a8cccc910d9
103,2026-08-25,Nord-Kivu,recovered_24h,,1,1,,,only_bos,126d07fbfc029fe51efd266368ef3a8cccc910d9
104,2026-08-26,Haut-Uele,recovered_24h,,11,11,,,only_bos,126d07fbfc029fe51efd266368ef3a8cccc910d9
104,2026-08-26,Ituri,recovered_24h,,12,12,,,only_bos,126d07fbfc029fe51efd266368ef3a8cccc910d9
104,2026-08-26,Nord-Kivu,recovered_24h,,1,1,,,only_bos,126d07fbfc029fe51efd266368ef3a8cccc910d9
105,2026-08-27,Haut-Uele,recovered_24h,,2,2,,,only_bos,126d07fbfc029fe51efd266368ef3a8cccc910d9
105,2026-08-27,Ituri,recovered_24h,,22,22,,,only_bos,126d07fbfc029fe51efd266368ef3a8cccc910d9
105,2026-08-27,Nord-Kivu,recovered_24h,,1,1,,,only_bos,126d07fbfc029fe51efd266368ef3a8cccc910d9
106,2026-08-28,Ituri,recovered_24h,,8,8,,,only_bos,126d07fbfc029fe51efd266368ef3a8cccc910d9
106,2026-08-28,Nord-Kivu,recovered_24h,,1,1,,,only_bos,126d07fbfc029fe51efd266368ef3a8cccc910d9
107,2026-08-29,Haut-Uele,recovered_24h,,5,5,,,only_bos,126d07fbfc029fe51efd266368ef3a8cccc910d9
107,2026-08-29,Ituri,recovered_24h,,34,34,,,only_bos,126d07fbfc029fe51efd266368ef3a8cccc910d9
108,2026-08-30,Ituri,recovered_24h,,13,13,,,only_bos,126d07fbfc029fe51efd266368ef3a8cccc910d9
108,2026-08-30,Nord-Kivu,recovered_24h,,3,3,,,only_bos,126d07fbfc029fe51efd266368ef3a8cccc910d9
108,2026-08-30,Tshopo,recovered_24h,,1,1,,,only_bos,126d07fbfc029fe51efd266368ef3a8cccc910d9
109,2026-08-31,Ituri,recovered_24h,,16,16,,,only_bos,126d07fbfc029fe51efd266368ef3a8cccc910d9
109,2026-08-31,Nord-Kivu,recovered_24h,,6,6,,,only_bos,126d07fbfc029fe51efd266368ef3a8cccc910d9
110,2026-09-01,Ituri,recovered_24h,,27,27,,,only_bos,126d07fbfc029fe51efd266368ef3a8cccc910d9
110,2026-09-01,Nord-Kivu,recovered_24h,,2,2,,,only_bos,126d07fbfc029fe51efd266368ef3a8cccc910d9
110,2026-09-01,Tshopo,recovered_24h,,1,1,,,only_bos,126d07fbfc029fe51efd266368ef3a8cccc910d9
111,2026-09-02,Ituri,recovered_24h,,28,28,,,only_bos,126d07fbfc029fe51efd266368ef3a8cccc910d9
111,2026-09-02,Nord-Kivu,recovered_24h,,6,6,,,only_bos,126d07fbfc029fe51efd266368ef3a8cccc910d9
112,2026-09-03,Haut-Uele,recovered_24h,,,0,,,only_bos,126d07fbfc029fe51efd266368ef3a8cccc910d9
112,2026-09-03,Ituri,recovered_24h,,18,18,,,only_bos,126d07fbfc029fe51efd266368ef3a8cccc910d9
112,2026-09-03,Nord-Kivu,recovered_24h,,2,2,,,only_bos,126d07fbfc029fe51efd266368ef3a8cccc910d9
112,2026-09-03,Tshopo,recovered_24h,,,0,,,only_bos,126d07fbfc029fe51efd266368ef3a8cccc910d9
113,2026-09-04,Haut-Uele,recovered_24h,,0,0,,,only_bos,126d07fbfc029fe51efd266368ef3a8cccc910d9
113,2026-09-04,Ituri,recovered_24h,,19,19,,,only_bos,126d07fbfc029fe51efd266368ef3a8cccc910d9
113,2026-09-04,Nord-Kivu,recovered_24h,,2,2,,,only_bos,126d07fbfc029fe51efd266368ef3a8cccc910d9
113,2026-09-04,Tshopo,recovered_24h,,,0,,,only_bos,126d07fbfc029fe51efd266368ef3a8cccc910d9
114,2026-09-05,Haut-Uele,recovered_24h,,8,8,,,only_bos,126d07fbfc029fe51efd266368ef3a8cccc910d9
114,2026-09-05,Ituri,recovered_24h,,21,21,,,only_bos,126d07fbfc029fe51efd266368ef3a8cccc910d9
114,2026-09-05,Nord-Kivu,recovered_24h,,2,2,,,only_bos,126d07fbfc029fe51efd266368ef3a8cccc910d9
114,2026-09-05,Tshopo,recovered_24h,,1,1,,,only_bos,126d07fbfc029fe51efd266368ef3a8cccc910d9
115,2026-09-06,Haut-Uele,recovered_24h,,3,3,,,only_bos,126d07fbfc029fe51efd266368ef3a8cccc910d9
115,2026-09-06,Ituri,recovered_24h,,11,11,,,only_bos,126d07fbfc029fe51efd266368ef3a8cccc910d9
115,2026-09-06,Nord-Kivu,recovered_24h,,1,1,,,only_bos,126d07fbfc029fe51efd266368ef3a8cccc910d9
115,2026-09-06,Tshopo,recovered_24h,,0,0,,,only_bos,126d07fbfc029fe51efd266368ef3a8cccc910d9
116,2026-09-07,Haut-Uele,recovered_24h,,4,4,,,only_bos,126d07fbfc029fe51efd266368ef3a8cccc910d9
116,2026-09-07,Ituri,recovered_24h,,21,21,,,only_bos,126d07fbfc029fe51efd266368ef3a8cccc910d9
116,2026-09-07,Nord-Kivu,recovered_24h,,2,2,,,only_bos,126d07fbfc029fe51efd266368ef3a8cccc910d9
116,2026-09-07,Tshopo,recovered_24h,,0,0,,,only_bos,126d07fbfc029fe51efd266368ef3a8cccc910d9
117,2026-09-08,Haut-Uele,recovered_24h,,11,11,,,only_bos,126d07fbfc029fe51efd266368ef3a8cccc910d9
117,2026-09-08,Ituri,recovered_24h,,9,9,,,only_bos,126d07fbfc029fe51efd266368ef3a8cccc910d9
117,2026-09-08,Nord-Kivu,recovered_24h,,1,1,,,only_bos,126d07fbfc029fe51efd266368ef3a8cccc910d9
117,2026-09-08,Tshopo,recovered_24h,,0,0,,,only_bos,126d07fbfc029fe51efd266368ef3a8cccc910d9
118,2026-09-09,Haut-Uele,recovered_24h,,1,1,,,only_bos,126d07fbfc029fe51efd266368ef3a8cccc910d9
118,2026-09-09,Ituri,recovered_24h,,32,32,,,only_bos,126d07fbfc029fe51efd266368ef3a8cccc910d9
118,2026-09-09,Nord-Kivu,recovered_24h,,1,1,,,only_bos,126d07fbfc029fe51efd266368ef3a8cccc910d9
118,2026-09-09,Tshopo,recovered_24h,,2,2,,,only_bos,126d07fbfc029fe51efd266368ef3a8cccc910d9
119,2026-09-10,Haut-Uele,recovered_24h,,0,0,,,only_bos,126d07fbfc029fe51efd266368ef3a8cccc910d9
119,2026-09-10,Ituri,recovered_24h,,21,21,,,only_bos,126d07fbfc029fe51efd266368ef3a8cccc910d9
119,2026-09-10,Nord-Kivu,recovered_24h,,3,3,,,only_bos,126d07fbfc029fe51efd266368ef3a8cccc910d9
119,2026-09-10,Tshopo,recovered_24h,,0,0,,,only_bos,126d07fbfc029fe51efd266368ef3a8cccc910d9
120,2026-09-11,Haut-Uele,recovered_24h,,6,6,,,only_bos,126d07fbfc029fe51efd266368ef3a8cccc910d9
120,2026-09-11,Ituri,recovered_24h,,11,11,,,only_bos,126d07fbfc029fe51efd266368ef3a8cccc910d9
120,2026-09-11,Nord-Kivu,recovered_24h,,4,4,,,only_bos,126d07fbfc029fe51efd266368ef3a8cccc910d9
120,2026-09-11,Tshopo,recovered_24h,,,0,,,only_bos,126d07fbfc029fe51efd266368ef3a8cccc910d9
121,2026-09-12,Haut-Uele,recovered_24h,,5,5,,,only_bos,126d07fbfc029fe51efd266368ef3a8cccc910d9
121,2026-09-12,Ituri,recovered_24h,,13,13,,,only_bos,126d07fbfc029fe51efd266368ef3a8cccc910d9
121,2026-09-12,Nord-Kivu,recovered_24h,,2,2,,,only_bos,126d07fbfc029fe51efd266368ef3a8cccc910d9
122,2026-09-13,Ituri,recovered_24h,,12,12,,,only_bos,126d07fbfc029fe51efd266368ef3a8cccc910d9
122,2026-09-13,Nord-Kivu,recovered_24h,,2,2,,,only_bos,126d07fbfc029fe51efd266368ef3a8cccc910d9
122,2026-09-13,Tshopo,recovered_24h,,,0,,,only_bos,126d07fbfc029fe51efd266368ef3a8cccc910d9
123,2026-09-14,Haut-Uele,recovered_24h,,4,4,,,only_bos,126d07fbfc029fe51efd266368ef3a8cccc910d9
123,2026-09-14,Ituri,recovered_24h,,,17,,,only_bos,126d07fbfc029fe51efd266368ef3a8cccc910d9
123,2026-09-14,Nord-Kivu,recovered_24h,,6,6,,,only_bos,126d07fbfc029fe51efd266368ef3a8cccc910d9
123,2026-09-14,Tshopo,recovered_24h,,,0,,,only_bos,126d07fbfc029fe51efd266368ef3a8cccc910d9
124,2026-09-15,Haut-Uele,recovered_24h,,6,6,,,only_bos,126d07fbfc029fe51efd266368ef3a8cccc910d9
124,2026-09-15,Ituri,recovered_24h,,,13,,,only_bos,126d07fbfc029fe51efd266368ef3a8cccc910d9
124,2026-09-15,Nord-Kivu,recovered_24h,,4,4,,,only_bos,126d07fbfc029fe51efd266368ef3a8cccc910d9
125,2026-09-16,Haut-Uele,recovered_24h,,2,2,,,only_bos,126d07fbfc029fe51efd266368ef3a8cccc910d9
125,2026-09-16,Ituri,recovered_24h,,18,18,,,only_bos,126d07fbfc029fe51efd266368ef3a8cccc910d9
125,2026-09-16,Nord-Kivu,recovered_24h,,2,2,,,only_bos,126d07fbfc029fe51efd266368ef3a8cccc910d9
126,2026-09-17,Haut-Uele,recovered_24h,,7,7,,,only_bos,126d07fbfc029fe51efd266368ef3a8cccc910d9
126,2026-09-17,Ituri,recovered_24h,,12,12,,,only_bos,126d07fbfc029fe51efd266368ef3a8cccc910d9
126,2026-09-17,Nord-Kivu,recovered_24h,,6,6,,,only_bos,126d07fbfc029fe51efd266368ef3a8cccc910d9
127,2026-09-18,Haut-Uele,recovered_24h,,6,6,,,only_bos,126d07fbfc029fe51efd266368ef3a8cccc910d9
127,2026-09-18,Ituri,recovered_24h,,30,30,,,only_bos,126d07fbfc029fe51efd266368ef3a8cccc910d9
127,2026-09-18,Nord-Kivu,recovered_24h,,3,3,,,only_bos,126d07fbfc029fe51efd266368ef3a8cccc910d9
127,2026-09-18,Tshopo,recovered_24h,,2,2,,,only_bos,126d07fbfc029fe51efd266368ef3a8cccc910d9
128,2026-09-19,Haut-Uele,recovered_24h,,,0,,,only_bos,126d07fbfc029fe51efd266368ef3a8cccc910d9
128,2026-09-19,Ituri,recovered_24h,,13,13,,,only_bos,126d07fbfc029fe51efd266368ef3a8cccc910d9
128,2026-09-19,Nord-Kivu,recovered_24h,,2,2,,,only_bos,126d07fbfc029fe51efd266368ef3a8cccc910d9
128,2026-09-19,Tshopo,recovered_24h,,,0,,,only_bos,126d07fbfc029fe51efd266368ef3a8cccc910d9
129,2026-09-20,Bas-Uele,recovered_24h,,,0,,,only_bos,126d07fbfc029fe51efd266368ef3a8cccc910d9
129,2026-09-20,Haut-Uele,recovered_24h,,3,3,,,only_bos,126d07fbfc029fe51efd266368ef3a8cccc910d9
129,2026-09-20,Ituri,recovered_24h,,10,10,,,only_bos,126d07fbfc029fe51efd266368ef3a8cccc910d9
129,2026-09-20,Nord-Kivu,recovered_24h,,10,10,,,only_bos,126d07fbfc029fe51efd266368ef3a8cccc910d9
129,2026-09-20,Tshopo,recovered_24h,,,0,,,only_bos,126d07fbfc029fe51efd266368ef3a8cccc910d9
130,2026-09-21,Bas-Uele,recovered_24h,,,0,,,only_bos,126d07fbfc029fe51efd266368ef3a8cccc910d9
130,2026-09-21,Haut-Uele,recovered_24h,,4,4,,,only_bos,126d07fbfc029fe51efd266368ef3a8cccc910d9
130,2026-09-21,Ituri,recovered_24h,,12,12,,,only_bos,126d07fbfc029fe51efd266368ef3a8cccc910d9
130,2026-09-21,Nord-Kivu,recovered_24h,,17,17,,,only_bos,126d07fbfc029fe51efd266368ef3a8cccc910d9
131,2026-09-22,Haut-Uele,recovered_24h,,4,4,,,only_bos,126d07fbfc029fe51efd266368ef3a8cccc910d9
131,2026-09-22,Ituri,recovered_24h,,6,6,,,only_bos,126d07fbfc029fe51efd266368ef3a8cccc910d9
131,2026-09-22,Nord-Kivu,recovered_24h,,5,5,,,only_bos,126d07fbfc029fe51efd266368ef3a8cccc910d9
131,2026-09-22,Tshopo,recovered_24h,,1,1,,,only_bos,126d07fbfc029fe51efd266368ef3a8cccc910d9
132,2026-09-23,Haut-Uele,recovered_24h,,3,3,,,only_bos,126d07fbfc029fe51efd266368ef3a8cccc910d9
132,2026-09-23,Ituri,recovered_24h,,7,7,,,only_bos,126d07fbfc029fe51efd266368ef3a8cccc910d9
132,2026-09-23,Nord-Kivu,recovered_24h,,5,5,,,only_bos,126d07fbfc029fe51efd266368ef3a8cccc910d9
133,2026-09-24,Haut-Uele,recovered_24h,,1,1,,,only_bos,126d07fbfc029fe51efd266368ef3a8cccc910d9
133,2026-09-24,Ituri,recovered_24h,,27,27,,,only_bos,126d07fbfc029fe51efd266368ef3a8cccc910d9
133,2026-09-24,Nord-Kivu,recovered_24h,,6,6,,,only_bos,126d07fbfc029fe51efd266368ef3a8cccc910d9
133,2026-09-24,Sud Ubangi,recovered_24h,,,0,,,only_bos,126d07fbfc029fe51efd266368ef3a8cccc910d9
134,2026-09-25,Bas-Uele,recovered_24h,,1,1,,,only_bos,126d07fbfc029fe51efd266368ef3a8cccc910d9
134,2026-09-25,Haut-Uele,recovered_24h,,2,2,,,only_bos,126d07fbfc029fe51efd266368ef3a8cccc910d9
134,2026-09-25,Ituri,recovered_24h,,22,22,,,only_bos,126d07fbfc029fe51efd266368ef3a8cccc910d9
134,2026-09-25,Nord-Kivu,recovered_24h,,7,7,,,only_bos,126d07fbfc029fe51efd266368ef3a8cccc910d9
